annotation_id,annotator,average_prob,christianity_related,created_at,hate_speech,id,lead_time,model_votes,sampling_strategy_tag,text,updated_at,method
5387.0,1.0,0.809977392355601,是,2026-02-26T02:02:54.412906Z,是,15183.0,8.341,2/1,uncertain_or_low_confidence,#环球随手拍# 梵蒂冈的游客，后面还有俩穿黑衣的神父。梵蒂冈的神父这几年绯闻也挺多的，时代还真是变了。,2026-02-26T02:02:54.412928Z,
420.0,1.0,0.7647851506868998,是,2026-02-02T11:58:05.921863Z,是,15204.0,4.401,1/2,uncertain_or_low_confidence,不是，牧师都有月升了，这些减费何意味,2026-02-02T11:58:05.921880Z,
818.0,1.0,0.8258365392684937,是,2026-02-02T12:57:48.943968Z,是,15221.0,5.466,2/1,uncertain_or_low_confidence,"1，可以理解
2，闹麻了
3，弱智
4，不是人类
5，智斗巅峰
麻辣消费者赛博十字军东征消费观镇楼",2026-02-02T12:57:48.943990Z,
518.0,1.0,0.7991875012715658,是,2026-02-02T12:18:14.600709Z,是,15240.0,2.335,1/2,uncertain_or_low_confidence,对他们来说孙悟空都可以是基督徒,2026-02-02T12:18:14.600730Z,
3232.0,1.0,0.7003918886184692,是,2026-02-15T12:33:27.639066Z,是,15257.0,6.565,1/2,uncertain_or_low_confidence,这些东西有意思吗？没有婚姻这些天主教徒哪里来的？没有父母他们难道是石头里蹦出来的吗？,2026-02-15T12:33:27.639093Z,
3172.0,1.0,0.7696860631306967,是,2026-02-15T12:13:01.063160Z,是,15258.0,9.966,1/2,uncertain_or_low_confidence,我也同意 //@白水孙冰:回复 @浮云去了:我只能为我的弟兄孙海英祷告了！主看顾并保守他的心。因心是一切行为的果效！  //@浮云去了:孙海英这样的人基督教也收，掉价[酷] 以后可能被打压了  //@白水孙冰:好复杂哦！神怜悯眷顾爱他的门徒吧！,2026-02-15T12:13:01.063178Z,
464.0,1.0,0.7790923515955607,是,2026-02-02T12:00:34.795599Z,是,15324.0,10.449,1/2,uncertain_or_low_confidence,“上帝粒子”真不像个科学名词，倒像哲学名词。不过它对于，“最后一种未被发现的基本粒子，也是解释物质质量之谜的最重要粒子”来说还是挺配的。要是中国人发现的话，会称为佛陀粒子或天尊粒子吗？,2026-02-02T12:00:34.795617Z,
2452.0,1.0,0.659000019232432,是,2026-02-13T10:30:20.019249Z,是,15429.0,3.484,1/2,uncertain_or_low_confidence,基督教之前虽然也有一些瘟疫，但死亡人数最多几万。基督教之后，欧洲以及全球非常多次发生大规模瘟疫，每次都是死亡几千万到一亿。可以推论基督教给地球带来了诅咒，非常邪门。,2026-02-13T10:30:20.019267Z,
1215.0,1.0,0.6627129713694254,是,2026-02-05T14:08:22.924130Z,是,15486.0,3.033,2/1,uncertain_or_low_confidence,这东西不是基督教吗？有什么好稀奇的，邪教都出来了，什么认知啊,2026-02-05T14:08:22.924151Z,
2335.0,1.0,0.7391080061594645,是,2026-02-13T09:55:01.271424Z,是,15505.0,4.812,1/2,uncertain_or_low_confidence,"不是耶稣，圣城是天父建造的。
圣城建造历史只有几百年，所以天父跟耶稣没任何关系。是一个纯虚构的人",2026-02-13T09:55:01.271437Z,
4034.0,1.0,0.7471365928649902,是,2026-02-18T04:29:07.682011Z,是,15524.0,2.887,1/2,uncertain_or_low_confidence,可以看看《十日谈》，一大堆教会笑话,2026-02-18T04:29:11.248555Z,
2420.0,1.0,0.8029384215672811,是,2026-02-13T10:21:57.371044Z,是,15598.0,53.919,1/2,uncertain_or_low_confidence,在看   多美的故事     没有上帝的时光中     我也活在无助无知迷茫中    我是多么多么的幸运    得到这莫大的恩典[呵呵],2026-02-13T10:21:57.371061Z,
3300.0,1.0,0.889317790667216,是,2026-02-15T12:38:48.652789Z,是,15615.0,5.908,2/1,uncertain_or_low_confidence,邪恶的蛇把禁果给了亚当和夏娃，然后他们被上帝逐出了伊甸园。现在基督徒一般都把苹果当作禁果，而在中国，大家兴高采烈的在平安夜互送苹果，这说明什么，这恰恰说明中国淫民是不信邪滴。 [哈哈] [哈哈] [哈哈],2026-02-15T12:38:54.773782Z,
443.0,1.0,0.8381344477335612,是,2026-02-02T11:59:24.703443Z,是,15621.0,13.738,1/2,uncertain_or_low_confidence,也就针对满清的时候想起来河南是汉地之一了，河南这些年的发展有目共睹，农村人打工一年见不到两次面，被留在家里的老人孤独了、生病了、料理后事没人管怎么办？河南人又不是傻，入个教会生病了能互助，死了教会安排也不花钱，但凡天上有人想起河南一次也不至于这样😅,2026-02-02T11:59:24.703458Z,
3573.0,1.0,0.7907604575157166,是,2026-02-15T13:26:35.227998Z,是,15672.0,3.154,1/2,uncertain_or_low_confidence,跟随主耶稣！[呵呵],2026-02-15T13:26:35.228024Z,
3161.0,1.0,0.8181581298510233,是,2026-02-15T12:12:24.421013Z,是,15674.0,3.057,2/1,uncertain_or_low_confidence,主教疯狂打桩,2026-02-15T12:12:24.421032Z,
588.0,1.0,0.7823300361633301,是,2026-02-02T12:35:06.999705Z,是,15707.0,3.588,1/2,uncertain_or_low_confidence,没啥，今天全世界都是穆斯林，你又会说幸亏当初不是基督教徒发现新大陆否则现在世界不像样子了,2026-02-02T12:35:06.999722Z,
912.0,1.0,0.7958256403605143,是,2026-02-03T00:22:36.271377Z,是,15762.0,31.632,1/2,uncertain_or_low_confidence,我看着神父也是风韵犹存啊,2026-02-03T00:22:36.271392Z,
508.0,1.0,0.9032795826594034,是,2026-02-02T12:15:37.197983Z,是,15763.0,3.856,2/1,uncertain_or_low_confidence,以色列当2000年流浪狗，我动物保护协会的,2026-02-02T12:15:37.198002Z,
5515.0,1.0,0.9356923699378968,是,2026-02-28T01:28:32.614088Z,是,15820.0,21.219,1/2,uncertain_or_low_confidence,"#带着微博去印尼#第三天清晨，斜风细雨。一个丹尼尔老人猩猩一样蹲在巨石上，用刀刻般的手握着我不放，信仰基督教让他们变得文明？他身后茅草屋着火般冒着篮烟，我钻进屋里，借着火塘的光线，看到几双白色眼瞳。孩子们玩高跷，光屁股从湿泥坡上滑下取乐，满身伤痕，自生自灭,七岁孩子的手如同老妪.",2026-02-28T01:28:32.614107Z,
3261.0,1.0,0.8000843326250712,是,2026-02-15T12:36:38.171629Z,是,15827.0,3.645,2/1,uncertain_or_low_confidence,不会真的被基督狗。。了吧,2026-02-15T12:36:38.171646Z,
877.0,1.0,0.7059843937555949,是,2026-02-03T00:17:37.579915Z,是,15852.0,5.425,1/2,uncertain_or_low_confidence,⏰又不是宗教国家，跟上帝没关系,2026-02-03T00:17:37.579933Z,
3200.0,1.0,0.9210830529530843,是,2026-02-15T12:27:27.041543Z,是,15920.0,4.98,2/1,uncertain_or_low_confidence,"米桑特有的文化夏季吧挪用。还记得芙宁娜宣传图上“众水众方众民与众律法的女王”，居然化用的是圣经中批判大银芙的话🤣和枫丹城奇妙的罗马风味巧妙的相驳斥🤣
点击展开，查看完整图片

点击展开，查看完整图片",2026-02-15T12:27:27.041556Z,
1176.0,1.0,0.7875120639801025,是,2026-02-05T14:01:37.607538Z,是,15945.0,2.183,2/1,uncertain_or_low_confidence,还有一种可能，修女会就是个草台班子，这样很多矛盾就可以解释了,2026-02-05T14:01:37.607563Z,
3579.0,1.0,0.8488742510477701,是,2026-02-15T13:27:05.420669Z,是,15970.0,10.612,1/2,uncertain_or_low_confidence,一修女搭上神父的车，神父禁不住伸手摸修女雪白大腿，修女问：神父，你记得圣经129条写着什么吗？ 神父脸红急忙收手，回到教堂后迫不及待翻开圣经第129条，见上面写到；深入一点，你将得到无尽的荣耀！神父大呼：上帝呀，业务不熟将失去多少机会呀！ 同志们，要好好学习业务呀！,2026-02-15T13:27:05.420699Z,
5326.0,1.0,0.823398212591807,是,2026-02-25T12:52:18.253509Z,是,15977.0,7.123,1/2,uncertain_or_low_confidence,职业道德的锤是凭空多出来的，耶稣会只是多了个信仰的购买渠道，,2026-02-25T12:52:18.253528Z,
474.0,1.0,0.6441013216972351,是,2026-02-02T12:01:11.771769Z,是,15990.0,4.565,2/1,uncertain_or_low_confidence,不就是基督教吗，有啥好邪教的，大陆这边没人信才少见,2026-02-02T12:01:11.771785Z,
2516.0,1.0,0.904582937558492,是,2026-02-13T13:11:43.997907Z,是,16031.0,3.493,1/2,uncertain_or_low_confidence,所以啊，看清那种大教会的真面目了吧,2026-02-13T13:11:43.997938Z,
466.0,1.0,0.7581868171691895,是,2026-02-02T12:00:42.608444Z,是,16059.0,4.087,1/2,uncertain_or_low_confidence,本来我也想交的，直到看到那段祈祷，这必须是我老亨家的传家宝，修道院根本不懂这玩意的价值,2026-02-02T12:00:42.608463Z,
5384.0,1.0,0.8357712626457214,是,2026-02-26T02:02:38.962979Z,是,16072.0,20.57,2/1,uncertain_or_low_confidence,佛教的逻辑基本是这样的，“你并不是真的恶毒、淫荡、吝啬、邪恶，你只是太蠢罢了，只要你肯用用脑子那还是有救的”。佛教真是一种从骨子里就高冷的宗教，耶稣还可以跟撒旦对掐，佛祖大概只会摸摸撒旦的头，叹一句：“唉，傻逼。”,2026-02-26T02:02:38.962995Z,
4221.0,1.0,0.8611614306767782,是,2026-02-18T11:05:24.955170Z,是,16099.0,4.397,2/1,uncertain_or_low_confidence,佛教和基督教里有一个意思差不多的公案，叫：盲人引路，相牵入火坑。几千年前的人类就已经知道，这是一件多么愚痴而且危险的事了。呵呵,2026-02-18T11:05:24.955192Z,
761.0,1.0,0.8085654377937317,是,2026-02-02T12:54:03.355123Z,是,16107.0,4.317,1/2,uncertain_or_low_confidence,先让别人去当鸡赚奶粉钱，等小男孩养大一些再让她送到教堂里忏悔赎罪，老神父可精明了,2026-02-02T12:54:03.355140Z,
4191.0,1.0,0.6646157701810201,是,2026-02-18T06:10:03.313803Z,是,16108.0,95.696,1/2,uncertain_or_low_confidence,某人说：凡是腰封上写着仅次于圣经的书，都不值得看。。,2026-02-18T06:10:03.313823Z,
4136.0,1.0,0.8737143874168396,是,2026-02-18T06:05:14.102100Z,是,16139.0,2.804,2/1,uncertain_or_low_confidence,说洪秀全胡搅蛮缠不如想想圣经是不是也胡搅蛮缠,2026-02-18T06:05:14.102118Z,
4379.0,1.0,0.8098321755727133,是,2026-02-18T11:17:45.535433Z,是,16141.0,9.071,1/2,uncertain_or_low_confidence,基督教命运的改变前提是罗马皇帝的皈依，在今日之中国谈论议会与法律斗争的有效性，其情形同样如此。要求无辜的良民去做殉道者，去主动地“无辜受难”，在基督死后2000年的中国，貌似不是个合适的方向。为什么不给2011年的皇帝们提些要求呢？比如皈依法律，皈依公平和正义？至少请他们忏悔。,2026-02-18T11:17:45.535455Z,
2548.0,1.0,0.7618923385938009,是,2026-02-13T13:20:15.445592Z,是,16144.0,8.868,1/2,uncertain_or_low_confidence,特么的，上帝见了也是要哭的。阿败，你的气场大，给转转。@老败，//@全世界都震惊了: 地球都哭了,2026-02-13T13:20:15.445611Z,
4425.0,1.0,0.772632360458374,是,2026-02-18T12:28:46.705218Z,是,16152.0,3.606,1/2,uncertain_or_low_confidence,为什么上帝不买A片看！因为人在做，天在看！[打哈气][打哈气],2026-02-18T12:28:46.705244Z,
645.0,1.0,0.7539650996526083,是,2026-02-02T12:45:44.722586Z,是,16175.0,14.839,2/1,uncertain_or_low_confidence,"支教老师就是儒教传教士，现代更是大力推送孔子学院
另外儒教主要是向皇帝诸侯传教
而道教则是有点化一说。不像基督教那样逮住一个传教一个，而是看谁顺眼传教给谁。
同时这俩教都与汉文化中原强绑定，不太愿意向外族人传道",2026-02-02T12:45:44.722605Z,
401.0,1.0,0.8242868185043335,是,2026-02-02T11:55:51.361742Z,是,16201.0,6.634,1/2,uncertain_or_low_confidence,上帝吐的？挺圆滴。,2026-02-02T11:55:51.361756Z,
450.0,1.0,0.8495598038037618,是,2026-02-02T11:59:42.236038Z,是,16291.0,1.806,1/2,uncertain_or_low_confidence,神棍...,2026-02-02T11:59:42.236055Z,
5679.0,1.0,0.8418818712234497,是,2026-02-28T05:38:01.676256Z,是,16355.0,6.516,2/1,uncertain_or_low_confidence,能不能直接锤米哈游在面向大众的产品内，夹带私货传播西方基督教，宣扬封建迷信？毕竟我记得法律限制传教行为只允许在宗教场所内。,2026-02-28T05:38:01.676274Z,
599.0,1.0,0.7237397034962972,是,2026-02-02T12:36:05.909147Z,是,16384.0,1.927,2/1,uncertain_or_low_confidence,圣水！大蒜！十字架！！斩了你！！//@杨旭emo：110,2026-02-02T12:36:05.909168Z,
455.0,1.0,0.8714474240938822,是,2026-02-02T12:00:04.633348Z,是,16466.0,3.643,1/2,uncertain_or_low_confidence,曾经根基建立在圣经上的荣耀之国啊[衰]//@远牧师:美国最值得羡慕的不是它的自由和民主，而是它的自由和民主赖以健康生存的基督信仰。它的信仰如果不比它的自由更重要，起码是同等重要。,2026-02-02T12:00:04.633367Z,
616.0,1.0,0.7101149161656698,是,2026-02-02T12:40:44.848600Z,是,16480.0,8.513,1/2,uncertain_or_low_confidence,佛珠本无法力，人们需要免罪卷，便开始讲究起来，仿佛以此就能得心安。心中有佛，日月星辰、一草一木都能带来平静，不安，岂能是日日跪拜就可以抚慰的？基于此，马丁路德才开始宗教改革，但在东方，每每看到虚伪的大师布道，我只会想一件事，他们一定智商很低吧，没有顿悟的能力，就敢不知畏地大放阙词,2026-02-02T12:40:44.848615Z,
656.0,1.0,0.556763748327891,是,2026-02-02T12:46:22.099089Z,是,16591.0,3.329,1/2,uncertain_or_low_confidence,哦？教会只有女人是吧？什么合欢宗,2026-02-02T12:46:22.099108Z,
4295.0,1.0,0.7298789421717325,是,2026-02-18T11:10:11.767071Z,是,16654.0,7.422,1/2,uncertain_or_low_confidence,在东大这洪秀全是上帝二儿子。。。,2026-02-18T11:10:11.767093Z,
880.0,1.0,0.7714564204216003,是,2026-02-03T00:17:52.593504Z,是,16696.0,6.641,1/2,uncertain_or_low_confidence,//@如鹰展翼而上:回复@陈老坎:找到了，中新网采访了叶开，叶开（应该就是@老虎不吃��）说的。http://t.cn/zjiVDYr //@如鹰展翼而上:诺贝尔文学奖得主@莫言 同志他妈妈是基督徒这件事的文献参考资料出自哪里啊？,2026-02-03T00:17:52.593521Z,
2129.0,1.0,0.8629909157752991,是,2026-02-13T04:11:18.336936Z,是,16740.0,5.573,2/1,uncertain_or_low_confidence,你看到的不是圣经，是不懂圣经的人写的乱七八糟的文章,2026-02-13T04:11:18.336952Z,
4243.0,1.0,0.6781262159347534,是,2026-02-18T11:06:35.081057Z,是,16748.0,8.875,2/1,uncertain_or_low_confidence,台湾道士已经搞定耶稣了，到底是台湾人，思维就是强过大陆。//@道��-正统道教网站: 还是台湾人牛啊 @宝中堂,2026-02-18T11:06:43.827209Z,
635.0,1.0,0.7325919270515442,是,2026-02-02T12:41:34.820190Z,是,16813.0,2.18,2/1,uncertain_or_low_confidence,美国基督徒都破大防了大殖子还搁这赢呢,2026-02-02T12:41:34.820209Z,
675.0,1.0,0.850700298945109,是,2026-02-02T12:47:17.874352Z,是,16884.0,6.123,2/1,uncertain_or_low_confidence,有些人像上帝一样审视着那些晚睡和早起的人发的一条条的微博，他们就是失眠者。,2026-02-02T12:47:17.874370Z,
3289.0,1.0,0.7693313956260681,是,2026-02-15T12:38:18.532869Z,是,16893.0,7.023,1/2,uncertain_or_low_confidence,照这样看中世纪的欧洲人应该是不白，现代欧洲人已经被换过种了。,2026-02-15T12:38:18.532912Z,
691.0,1.0,0.6552690863609314,是,2026-02-02T12:49:17.293533Z,是,16908.0,2.584,2/1,uncertain_or_low_confidence,也就是举报给非基督徒，哥林多书说得不够明白吗？你们逞者情欲发泄自己。,2026-02-02T12:49:17.293551Z,
595.0,1.0,0.8533210754394531,是,2026-02-02T12:35:57.046714Z,是,16922.0,6.418,1/2,uncertain_or_low_confidence,呵呵，所有正面宗教的教义都有一个共同点！你们没发现吗？哈哈哈哈哈！还你的我的！道的佛的耶稣的真主的！哈哈哈哈哈！,2026-02-02T12:35:57.046740Z,
2264.0,1.0,0.8759004473686218,是,2026-02-13T09:37:30.706857Z,是,16974.0,10.426,2/1,uncertain_or_low_confidence,//@李开复: 不理性的仇恨带来的悲剧，给他人也给自己。//@主持人杨锐: 又一个悲剧：传教士精神，和平队的化身。美国外交官在发展中国家一半的业务应该是牧师的职责，传递美利坚的福音。,2026-02-13T09:37:30.706879Z,
2491.0,1.0,0.8066015243530273,是,2026-02-13T12:49:59.943792Z,是,16983.0,4.281,1/2,uncertain_or_low_confidence,传教士马布里说“我要感谢上帝给了我一个自我救赎的机会”。我们的价值观就这样在慢慢的被渗透着。,2026-02-13T12:49:59.943809Z,
1272.0,1.0,0.8588211337725321,是,2026-02-05T14:24:47.841136Z,是,17042.0,4.224,2/1,uncertain_or_low_confidence,圣经时代历史假的，耶稣定死十字架胡说八道，耶稣是我儿子完全虾扯蛋，罗马帝国复兴改下圣经，变成虾扯蛋圣经，变成神经，以色列时代没有真实时代，圣经辉煌历史虚构的。,2026-02-05T14:24:47.841153Z,
4194.0,1.0,0.8055607477823893,是,2026-02-18T06:10:11.294968Z,是,17052.0,4.802,1/2,uncertain_or_low_confidence,近日在上海的kfc，也碰到两位小朋友，称自己是学圣经的，要给我讲圣经故事。现在小朋友们很流行学习圣经吗？,2026-02-18T06:10:11.294999Z,
722.0,1.0,0.6870136658350626,是,2026-02-02T12:50:48.718591Z,是,17055.0,7.524,2/1,uncertain_or_low_confidence,你俩在干啥！ //@任志强:那地方的金上帝不认识你吧。  //@潘石屹:上帝指引着我，保护着我。  //@任志强:去天堂拜佛？小心迷路回不来了。,2026-02-02T12:50:48.718616Z,
2130.0,1.0,0.7026742299397787,是,2026-02-13T04:12:40.662597Z,是,17065.0,82.183,2/1,uncertain_or_low_confidence,上帝太忙，管不过来。――南方公园//@彼亦一是非:回复@风一般的男纸:跟薛兆丰一样，居然用“上帝都设计好了人还有啥用”的逻辑来反驳。艾玛读过三天哲学史的话都不好意思这么辩论的吧[偷笑] //@风一般的男纸:[哈哈]他很可能不知道康德对先验和超验的定义，只是望词生义,2026-02-13T04:12:40.662618Z,
703.0,1.0,0.7808191974957784,是,2026-02-02T12:49:54.442040Z,是,17077.0,5.153,1/2,uncertain_or_low_confidence,每当看到网上那些基督神棍们跳大神，我就会想起这个笑话。...畅读版【http://t.cn/8FKOp2T】,2026-02-02T12:49:54.442066Z,
478.0,1.0,0.7874031861623129,是,2026-02-02T12:01:25.655313Z,是,17122.0,3.934,1/2,uncertain_or_low_confidence,就美国佬那个💩新教不如拿太平天国美国化反向传播,2026-02-02T12:01:25.655332Z,
4152.0,1.0,0.8784650166829427,是,2026-02-18T06:05:53.975739Z,是,17157.0,5.405,1/2,uncertain_or_low_confidence,恩 怕死就要信上帝 跟着上帝就不用死了 #所以说你有基督徒的样式你还不信#连写的话都跟我们教会讲的一模一样呀,2026-02-18T06:05:53.975761Z,
4310.0,1.0,0.834263543287913,是,2026-02-18T11:11:04.969991Z,是,17187.0,4.398,2/1,uncertain_or_low_confidence,支持，我不玩，送了就更大概率挨砍了，这耶狗就该砍废,2026-02-18T11:11:04.970011Z,
413.0,1.0,0.6898489793141683,是,2026-02-02T11:57:19.748600Z,是,17212.0,4.566,2/1,uncertain_or_low_confidence,使命在召唤，问剑还利否？//@中国民声论坛: 执剑的正义才能战胜邪恶，没有行动的谴责不会有任何效果！支持派遣特种部队剿杀。跨国追杀是有国际先例的，美国、以色列、法国、英国……都干过，我们为啥不可以！,2026-02-02T11:57:19.748616Z,
4326.0,1.0,0.9358058571815492,是,2026-02-18T11:13:01.963392Z,是,17249.0,3.845,2/1,uncertain_or_low_confidence,从有记录的马可波罗1275年抵达中国，到清朝传教士入主我们朝廷的天文机构钦天监，西方人花了六百年左右偷师中华文化，然后消化吸收并篡改自己的历史！又从19世纪到现在，一直向中国及全世界灌输西方中心主义……还真是学透了我们的“愚公移山”精神，一点点渗透直至“崇洋”成为全球主流意识,2026-02-18T11:13:01.963416Z,
4394.0,1.0,0.7873555024464926,是,2026-02-18T11:19:18.919456Z,是,17307.0,3.866,2/1,uncertain_or_low_confidence,基层管理不到位，原本该有宗势力欠缺，乡镇年轻人外流，基督教这种以帮扶互助旗号的宗教势力自然会占据生态位,2026-02-18T11:19:18.919474Z,
2530.0,1.0,0.8958908716837565,是,2026-02-13T13:15:21.336514Z,是,17326.0,5.365,2/1,uncertain_or_low_confidence,残疾人标志配上枪口对着耶稣大哥的景 要么是外国的黑色幽默 要不就是馆长是拉西瘪三天天岛上拾旧货的 哈~开玩笑的耶稣大哥别当真[爱你],2026-02-13T13:15:21.336534Z,
5497.0,1.0,0.8382213910420736,是,2026-02-26T14:25:34.213970Z,是,17335.0,3.802,1/2,uncertain_or_low_confidence,怎么？读两句圣经就可以不用下地狱，就可以上天堂了，就可以不死了？加入宗教组织就是有信仰了？,2026-02-26T14:25:34.213994Z,
581.0,1.0,0.7193692723910013,是,2026-02-02T12:34:47.941050Z,是,17356.0,4.015,1/2,uncertain_or_low_confidence,圣战万岁,2026-02-02T12:34:47.941069Z,
605.0,1.0,0.873205820719401,是,2026-02-02T12:40:03.706160Z,是,17361.0,3.765,1/2,uncertain_or_low_confidence,酷狗就像路边一条耶狗啊，一脚就踢死了,2026-02-02T12:40:03.706184Z,
5709.0,1.0,0.7330580552419027,是,2026-02-28T05:39:36.407676Z,是,17482.0,3.24,2/1,uncertain_or_low_confidence,修女笑话基本就是纯粹的炫压抑笑话,2026-02-28T05:39:36.407701Z,
2304.0,1.0,0.7372768719991049,是,2026-02-13T09:49:29.164481Z,是,17539.0,37.218,1/2,uncertain_or_low_confidence,很难想象历史上诞生这种教义的背景是基于什么,2026-02-13T09:49:29.164493Z,
4497.0,1.0,0.890127420425415,是,2026-02-18T12:38:36.288380Z,是,17545.0,2.921,2/1,uncertain_or_low_confidence,耶稣身上还有一个庄子（狗头）,2026-02-18T12:38:36.288405Z,
1157.0,1.0,0.8201694885889689,是,2026-02-05T13:55:28.164706Z,是,17616.0,4.844,1/2,uncertain_or_low_confidence,當時的神棍？,2026-02-05T13:55:28.164723Z,
859.0,1.0,0.6702053348223368,是,2026-02-02T13:00:13.724800Z,是,17649.0,12.934,2/1,uncertain_or_low_confidence,#营销策略#一位商人拜访教皇，声称只要他肯改口一句话，就给100万元，教皇没答应。商人提价1000万，教皇拒绝。主教不解，教皇说：他要我们祷告完后，不讲阿门讲百事可乐，怎么可能？！此事很快不胫而走，商人目的达成。启示：最佳的策划不靠砸钱，而在于策划本身值得别人愿意免费为你宣传。,2026-02-02T13:00:17.727857Z,
4282.0,1.0,0.789060632387797,是,2026-02-18T11:09:01.606624Z,是,17707.0,4.609,1/2,uncertain_or_low_confidence,肯定是异端啊，正教和公教这两个几百年前都相互开教籍，指责对面是异端。何况是洪秀全的那个拜上帝教,2026-02-18T11:09:01.606642Z,
4450.0,1.0,0.7323201497395834,是,2026-02-18T12:29:58.018772Z,是,17732.0,4.863,2/1,uncertain_or_low_confidence,比较搞笑的是现在愿意给人提供帮助的天主教当初是刮民脂民膏最狠，当初反对天主教过度世俗化腐败而成立的新教，现在站在了当初天主教的地位上，历史果然是螺旋上升。,2026-02-18T12:29:58.018791Z,
2232.0,1.0,0.7388526201248169,是,2026-02-13T06:06:14.861081Z,是,17759.0,4.523,1/2,uncertain_or_low_confidence,咱们不信上帝，而且这四个，有三个在东亚都没有啥市场占有率，也就是西方自己玩的罢了,2026-02-13T06:06:14.861104Z,
403.0,1.0,0.7053738037745158,是,2026-02-02T11:56:03.695671Z,是,17764.0,7.747,2/1,uncertain_or_low_confidence,没准儿是约好了来砍你的。让我们放下教义的争论，宰了预言之屑先,2026-02-02T11:56:03.695690Z,
4428.0,1.0,0.7877815763155619,是,2026-02-18T12:28:54.368756Z,是,17786.0,3.205,2/1,uncertain_or_low_confidence,这么说的话罗马就在猎了，基督教一开始不也人嫌狗憎,2026-02-18T12:28:54.368776Z,
687.0,1.0,0.72730686267217,是,2026-02-02T12:49:06.215024Z,是,17836.0,38.437,1/2,uncertain_or_low_confidence,经典吹日本，连神道教都能吹起来。不知道日本基督教不盛行是因为日本图图基督徒过于彻底了吗？,2026-02-02T12:49:06.215039Z,
454.0,1.0,0.8318301836649576,是,2026-02-02T12:00:00.829020Z,是,17840.0,9.444,1/2,uncertain_or_low_confidence,不管是天主教还是东正教都有教会这种全国范围女的组织而不是局限于一个地方的教会，我看不管是道教，伊斯兰教，佛教，还是印度教都没有建立全国性的组织好像都是局限于本地区的教堂。,2026-02-02T12:00:00.829035Z,
532.0,1.0,0.8572803735733032,是,2026-02-02T12:18:59.581364Z,是,17877.0,5.406,2/1,uncertain_or_low_confidence,你的意思是，让只会喊“安安，饿饿，饭饭”，离了米莉安饭都没得吃的米莉拉回到中世纪吗会饿死的吧,2026-02-02T12:18:59.581383Z,
4072.0,1.0,0.7850188612937927,是,2026-02-18T04:35:51.473360Z,是,17880.0,2.71,1/2,uncertain_or_low_confidence,伪基督们在造势了,2026-02-18T04:35:51.473379Z,
1259.0,1.0,0.8243481119473776,是,2026-02-05T14:21:11.690927Z,是,17916.0,3.728,1/2,uncertain_or_low_confidence,国内只承认天主教爱国会吧？至于其他农村乡下各种咳咳教，我不好说。,2026-02-05T14:21:11.690945Z,
898.0,1.0,0.8052545587221781,是,2026-02-03T00:18:51.212460Z,是,17993.0,4.697,1/2,uncertain_or_low_confidence,记得修女大多是没办法出嫁的贵族小姐，然后去修道院。,2026-02-03T00:18:51.212476Z,
2446.0,1.0,0.6975089311599731,是,2026-02-13T10:27:55.217345Z,是,18027.0,3.482,1/2,uncertain_or_low_confidence,耶稣用什么和孔子比，就凭耶稣画的大饼吗,2026-02-13T10:27:55.217365Z,
5598.0,1.0,0.8042380213737488,是,2026-02-28T02:01:24.920764Z,是,18070.0,69.861,2/1,uncertain_or_low_confidence,[嘻嘻]太逗了，中国清理外国人的昭告才发布，美国立刻进行反击！两国心知肚明的spy人员棋子大清理中~~~//@陶红兵: 猜想：如果美国要求根据对等原则，在中国开设基督学院，招收中国人入校学习，中国政府怎么办？,2026-02-28T02:01:24.920780Z,
1200.0,1.0,0.7731428146362305,是,2026-02-05T14:02:44.537528Z,是,18083.0,4.537,1/2,uncertain_or_low_confidence,#律问#宗教哪个离人最近？佛教！哪个离人最远？基督教！,2026-02-05T14:02:44.537553Z,
5716.0,1.0,0.8219010829925537,是,2026-02-28T10:06:06.011144Z,是,18111.0,2.849,2/1,uncertain_or_low_confidence,嗯………修女跟修士淫乱做乐这件事，很早之前就被人津津乐道了，以前很多西方文艺作品都暗搓搓的讽刺过类似的东西,2026-02-28T10:06:06.011163Z,
1273.0,1.0,0.8015327254931132,是,2026-02-05T14:24:50.318410Z,是,18210.0,2.327,1/2,uncertain_or_low_confidence,发这种贴谁看？耶狗肯定不会看啊，等湖人耶狗们就出来了,2026-02-05T14:24:50.318432Z,
2370.0,1.0,0.9327759544054668,是,2026-02-13T10:08:52.131944Z,是,18241.0,2.338,2/1,uncertain_or_low_confidence,从创世纪，上帝就开始诅咒这个诅咒那个,2026-02-13T10:08:52.131955Z,
3400.0,1.0,0.8949164549509684,是,2026-02-15T12:45:49.184529Z,是,18247.0,11.21,1/2,uncertain_or_low_confidence,#一张图证明我来过这里#“……这十来万传教士，锲而不舍搞了67百年时间，传教成果差得不能再差了，但他们乐此不疲，长期居住生活在中国，学习研究中国的科学技术知识，以能吃上中国朝廷的皇粮为荣耀。  这特么到底属于是传教，还是留学？” ​​​,2026-02-15T12:45:49.184546Z,
2300.0,1.0,0.8388282457987467,是,2026-02-13T09:48:19.469561Z,是,18251.0,3.546,1/2,uncertain_or_low_confidence,神棍�盟[弱][弱][黑�],2026-02-13T09:48:19.469584Z,
2515.0,1.0,0.8448352018992106,是,2026-02-13T13:11:40.343494Z,是,18260.0,1.918,2/1,uncertain_or_low_confidence,耶稣打得过年兽吗,2026-02-13T13:11:40.343510Z,
3148.0,1.0,0.6854028105735779,是,2026-02-15T12:10:47.105236Z,是,18276.0,4.805,1/2,uncertain_or_low_confidence,洋人也过春节吗？不过。中国大部分人信基督吗？没有。那么同胞们啊，我们为什么要过圣诞呀？到底为什么啊？？？别劝我不要较真儿，别说只是为了找乐儿，长此以往，总有一天，我们会不再清楚自己的国籍。,2026-02-15T12:10:47.105258Z,
721.0,1.0,0.8738332192103068,是,2026-02-02T12:50:41.026545Z,是,18370.0,3.032,2/1,uncertain_or_low_confidence,国内的基督教这个词被抢注了，特指中特誓,2026-02-02T12:50:41.026560Z,
426.0,1.0,0.8720926443735758,是,2026-02-02T11:58:21.787811Z,是,18398.0,3.557,2/1,uncertain_or_low_confidence,那帮鸟人回到中世纪会活活饿死的罢……,2026-02-02T11:58:21.787827Z,
521.0,1.0,0.7006203929583231,是,2026-02-02T12:18:26.040235Z,是,18407.0,6.885,1/2,uncertain_or_low_confidence,#上帝其实是个熊孩子的吧# 好多地方的旅游介绍语都拿上帝“开涮”。。。动不动就是“上帝一不小心在这里用尽了蓝色”、“上帝撞翻了调色板”。。。怎么听都觉得上帝怎么那么不小心啊！二劲十足的节奏。。。就是以下这些地方就是给上帝扣上这帽子的↓↓↓ 你想去看看吗？[心],2026-02-02T12:18:26.040251Z,
775.0,1.0,0.757910152276357,是,2026-02-02T12:55:20.437505Z,是,18413.0,2.222,1/2,uncertain_or_low_confidence,有没有考虑过，耶稣会不如不发酵,2026-02-02T12:55:20.437525Z,
2518.0,1.0,0.8346230785051981,是,2026-02-13T13:14:08.711089Z,是,18442.0,141.321,2/1,uncertain_or_low_confidence,"沃尔科
15
——————————————
我透过面具观察着基督狗。
背地里用军用手势给女孩打着信号
“你有没有冰毒？”
为了保险起见，我用基督徒听不懂的日语再次重复了一边。
“あなたは覚せい剤？ ”
@浪漫冰兰",2026-02-13T13:14:17.542334Z,
4285.0,1.0,0.8849038283030192,是,2026-02-18T11:09:40.806660Z,是,18453.0,4.657,2/1,uncertain_or_low_confidence,"修女越是禁欲，她在追求男女之事上的反差就越抓人眼球。暗黑地牢的修女也是这样，本质上还是一种反差萌吧。
喜欢我拿着一根小木棍接受天启把身强力壮的惩罚者打至跪地随即从修道院逃离最后把和古神融为一体的主角打败的修女小姐姐吗",2026-02-18T11:09:40.806683Z,
3590.0,1.0,0.7371594309806824,是,2026-02-15T14:01:11.586529Z,是,18457.0,1987.292,1/2,uncertain_or_low_confidence,@上海人李�::文明是物质性的、生存的、基于欲望的；文化是精神性的、存在的，基于心灵的。中世纪的黑暗，文革式的野蛮，既剥夺欲望的合理性和生存的权利，又禁锢自由、摧残心灵、践踏文化。日常人生，要的是生存的权益；诗意存在，要的是思想、信仰、言论、写作、出版等等的人文创造的自由。,2026-02-15T14:01:11.586544Z,
3332.0,1.0,0.7761963804562887,是,2026-02-15T12:40:20.815022Z,是,18490.0,2.339,1/2,uncertain_or_low_confidence,我不了解基督教，我还不了解抖u嘛,2026-02-15T12:40:20.815050Z,
639.0,1.0,0.8433438539505005,是,2026-02-02T12:45:03.437622Z,是,18501.0,3.828,1/2,uncertain_or_low_confidence,建议加入圣经,2026-02-02T12:45:03.437640Z,
4055.0,1.0,0.8738550345102946,是,2026-02-18T04:33:23.176561Z,是,18546.0,4.153,2/1,uncertain_or_low_confidence,耶稣这个厉鬼，死在十字架怨气太重，阴魂不散，求大慈大悲观世音把他超度了，别让他祸害人间,2026-02-18T04:33:23.176581Z,
365.0,1.0,0.7644607226053873,是,2026-02-02T11:47:20.522509Z,是,18563.0,9.196,2/1,uncertain_or_low_confidence,哥们你在那个评论区，我换个耶狗牌子骂你两句去到时候记得发个帖子,2026-02-02T11:47:26.044067Z,
894.0,1.0,0.6857872009277344,是,2026-02-03T00:18:33.650230Z,是,18587.0,3.559,1/2,uncertain_or_low_confidence,耶稣会没啥用，不如不发教，信仰本来就有个七折渠道，没有职业道德挣信仰的话，信仰就是拿来买平民单位的。发教本就是弯道超车，不能挣钱的发教没有意义，不用去走这个弯道,2026-02-03T00:18:33.650252Z,
749.0,1.0,0.7423804601033529,是,2026-02-02T12:53:19.372432Z,是,18590.0,7.753,1/2,uncertain_or_low_confidence,“最初安排上帝安排亚当安排奇克”，这个套娃让我绷不住了。,2026-02-02T12:53:19.372447Z,
915.0,1.0,0.7531198660532633,是,2026-02-03T00:22:46.670182Z,是,18637.0,3.428,1/2,uncertain_or_low_confidence,呵呵 想方设法去人家基督徒的国家生活 中途还干掉12个基督徒,2026-02-03T00:22:46.670211Z,
5444.0,1.0,0.6716495354970297,是,2026-02-26T02:25:27.942665Z,是,18642.0,107.33,2/1,uncertain_or_low_confidence,本来不信基督教是邪教的，看了贴吧的这些回复，确认了，百分百邪教。,2026-02-26T02:25:27.942684Z,
5651.0,1.0,0.8384869893391927,是,2026-02-28T05:35:50.042674Z,是,18675.0,2.674,1/2,uncertain_or_low_confidence,神棍！,2026-02-28T05:35:50.042693Z,
2172.0,1.0,0.7328584591547648,是,2026-02-13T05:35:43.428821Z,是,18681.0,4.567,2/1,uncertain_or_low_confidence,新段子开始了，哈哈．@黄柏松 @-谭诗利- @viennavirus //@酒中人zjs: 史上最牛官员！ //@高和:这人马上火了 //@铁翎: 真的假的？ //@常青田: 靠谱的政府亮了！[哈哈] //@赵耀民-呼吸: @园那个外 //@神棍皆傻逼左派多祸害: 最后一句是亮点,2026-02-13T05:35:43.428838Z,
2480.0,1.0,0.9165486296017964,是,2026-02-13T12:49:04.791437Z,是,18741.0,2.829,1/2,uncertain_or_low_confidence,闽南人信奉圣经!,2026-02-13T12:49:04.791460Z,
5601.0,1.0,0.7986855109532675,是,2026-02-28T02:01:42.950662Z,是,18825.0,8.403,2/1,uncertain_or_low_confidence,后叮咚鸡时代基层控制减弱带来的一些问题，不过在内地问题不大，地下教会老登居多。但是在西北控制不能放弃一丝一毫，否则埃苏丹整的渗透就得爆点大的了,2026-02-28T02:01:42.950684Z,
4177.0,1.0,0.8480778336524963,是,2026-02-18T06:07:57.088661Z,是,18843.0,3.137,2/1,uncertain_or_low_confidence,基督教喜欢这样的方式进行道德绑架,2026-02-18T06:07:57.088687Z,
5655.0,1.0,0.9570607940355936,是,2026-02-28T05:36:23.100561Z,是,18876.0,5.013,2/1,uncertain_or_low_confidence,我好像在兰迪的书里面看到过这个名字，貌似害死不少脑残信徒,2026-02-28T05:36:23.100582Z,
1177.0,1.0,0.8406208952267965,是,2026-02-05T14:01:40.816600Z,是,18899.0,3.044,1/2,uncertain_or_low_confidence,虽然都是一个神，只要争的是解释权，实际上主要是教派内部在争解释权。,2026-02-05T14:01:40.816618Z,
2353.0,1.0,0.9106144309043884,是,2026-02-13T10:08:09.002893Z,是,18947.0,321.692,1/2,uncertain_or_low_confidence,从翰林院里拉三个出来作为东方的博士，把他们带去罗马给教皇见识见识,2026-02-13T10:08:09.002903Z,
5560.0,1.0,0.8483112454414368,是,2026-02-28T01:52:56.446759Z,是,19001.0,19.218,3/0,consistent_hate_high_conf,重新封神再次开始，准备讨伐西方圣经时代自作孽，不可活报应来了，圣经时代历史全部虚构，世人不信耶稣，信阳鸦片背叛中国一群洋人走狗。,2026-02-28T01:52:56.446778Z,
488.0,1.0,0.9207407434781392,是,2026-02-02T12:01:51.009744Z,是,19006.0,3.896,3/0,consistent_hate_high_conf,我真快晕了，他们到底要强奸多少名人成基督徒？,2026-02-02T12:01:51.009766Z,
2254.0,1.0,0.866279125213623,是,2026-02-13T09:35:33.103831Z,是,19008.0,175.949,3/0,consistent_hate_high_conf,耶稣老家犹太人烧的，耶稣犹太人陷害的，号称最虔诚的上帝信仰国家在帮犹太人杀戮其他上帝信徒（其实他们信的是一个神）。你说作为一个神要多憋屈才会去帮这群人，佛祖这种自虐救生的都说事不过三，何况上帝这种动怒天灾灭一城的神。,2026-02-13T09:35:33.103843Z,
770.0,1.0,0.8227435350418091,是,2026-02-02T12:55:05.139448Z,是,19010.0,19.9,3/0,consistent_hate_high_conf,就是那个蛋糕店好像是基督徒开的，拒绝给TXL提供蛋糕服务，后来被拒绝的TXL不服气告到奥黑驴那，强势让人家蛋糕店给他们提供服务，真是贱得很。,2026-02-02T12:55:05.139471Z,
563.0,1.0,0.9531636238098145,是,2026-02-02T12:29:46.996522Z,是,19029.0,185.436,3/0,consistent_hate_high_conf,把基督教从中国赶出去，我对基督教耶稣圣经恨之入骨！邪恶自私！,2026-02-02T12:29:46.996534Z,
578.0,1.0,0.865123450756073,是,2026-02-02T12:34:39.219924Z,是,19034.0,9.171,3/0,consistent_hate_high_conf,适可而止，过了就不好 ，发展到人肉搜索恶意攻击就不好了 //@建业Number1:#圣战威武#支持正义的圣战！就该治治这些粉棒子的脑残！每个人都有粉的自由，粉可以，但不要爆神论，不要放弃治疗！要是以后我孩子粉鬼子，棒子的戏子，一天揍一顿，我可不想有个脑残孩子[哼],2026-02-02T12:34:39.219943Z,
2189.0,1.0,0.902946949005127,是,2026-02-13T05:58:22.775528Z,是,19035.0,7.042,3/0,consistent_hate_high_conf,联合国儿童权利委员发表调查报告，谴责罗马天主教廷的收养政策，称过去数十年里，许多天主教神父利用该政策，强奸和性骚扰了上万儿童。梵蒂冈方面表示“对于委员会试图干涉天主教廷教义的行为表示遗憾”。据说中国的基督徒绝大多数信的是新教，而不是天主教，不知道这两个教派的神有无区别？,2026-02-13T05:58:22.775552Z,
681.0,1.0,0.8053703705469767,是,2026-02-02T12:48:07.251200Z,是,19049.0,3.184,3/0,consistent_hate_high_conf,基督教与伊斯兰教都受犹太教影响，教义中颇多相似，然而互视为异教徒攻伐上千年，所以说一神教本质上都是狭隘、残忍的邪教。,2026-02-02T12:48:07.251221Z,
2377.0,1.0,0.8259925246238708,是,2026-02-13T10:10:19.031880Z,是,19054.0,19.71,3/0,consistent_hate_high_conf,回复 信仰红领巾 :你这个阿米念异端就不要和阿米念异端胡椒味道狗咬狗了！咋的？你不是攻击加尔文神学吗？你不是鬼扯上帝预知亚当堕落所以堕落后拣选吗？！滚🥚！,2026-02-13T10:10:19.031899Z,
5527.0,1.0,0.8862230181694031,是,2026-02-28T01:33:10.058850Z,是,19055.0,8.619,3/0,consistent_hate_high_conf,正儿八经的教会拿出来往男女对立扯，这么恨大鸡蛋啊,2026-02-28T01:33:10.058880Z,
534.0,1.0,0.8918763597806295,是,2026-02-02T12:19:07.858536Z,是,19060.0,5.656,3/0,consistent_hate_high_conf,因为你口中的那些小鬼借着“0T”的名头到处拉踩啊，引起反感很奇怪吗？举个例子你信佛的，没事就有人跑过来说你得信耶稣，信耶稣才能得永生，信佛没用，信佛的都是nt，我想知道你会咋想，你会觉得跑来布道的是sb，顺带也会觉得耶稣是sb的。,2026-02-02T12:19:07.858552Z,
5364.0,1.0,0.8148465156555176,是,2026-02-25T16:01:19.073558Z,是,19068.0,26.274,3/0,consistent_hate_high_conf,"圣母：东方仗助
圣母婊：程心
后者的所有行为会想起来都有股精致利己的味道，举例子，作为执剑人不按钮是因为怕被侵略的的罪名落在自己身上，要是当时的执剑人不是她，她还会倒打一耙问那人为什么这么自私",2026-02-25T16:01:47.334577Z,
763.0,1.0,0.9399856130282084,是,2026-02-02T12:54:12.209539Z,是,19074.0,3.863,3/0,consistent_hate_high_conf,上帝什么垃圾玩意,2026-02-02T12:54:12.209557Z,
5488.0,1.0,0.8612782756487528,是,2026-02-26T14:24:42.253679Z,是,19076.0,37.087,3/0,consistent_hate_high_conf,必须在第一次受到欺负的时候就灭了它们这群基督狗,2026-02-26T14:24:42.253710Z,
490.0,1.0,0.870254913965861,是,2026-02-02T12:02:00.276842Z,是,19087.0,6.836,3/0,consistent_hate_high_conf,"守安息日的最终走向，就是被律法禁锢，然后把“十分之一的奉献”交入强盗和骗子的银库。
他们会在你们信基督的若干年后，向你们提出：把收入的十分之一交出来。
他们连寡妇的两个小钱都不放过的。",2026-02-02T12:02:00.276863Z,
686.0,1.0,0.8373901844024658,是,2026-02-02T12:48:27.584834Z,是,19162.0,6.185,0/3,consistent_non_hate,上帝喜欢努力的人，除了那一个努力去找借口的人。,2026-02-02T12:48:27.584848Z,
,,,是,,是,,,,,先让别人，去！当鸡赚...奶粉钱，...等小男孩养大一些再？让她送到教堂里，忏悔赎罪，老神父可精明了,,AEDA_Only
,,,是,,是,,,,,说·洪...秀全胡搅蛮缠不如想想圣经是不是也胡搅蛮缠，,,AEDA_Only
,,,是,,是,,,,,某人说：凡是腰封，上写着·仅次于圣经的！·书，都不值得看。。,,AEDA_Only
,,,是,,是,,,,,基督教命，运的改，变前提？是罗马·皇·帝的皈依，，在今日之中国谈论议会与法，律斗争·的有效性！，其情形同样如此？！。要求？。·。无辜的良民去做殉道者，去主动地。“无辜受难。”，在基督死！后2000年的中国，貌·...似，不是个合适的方向。·。为什么不给2011年的皇帝们提些要求呢？比如皈依法律，皈依公平...和正义？至少请他·们忏悔。...,,AEDA_Only
,,,是,,是,,,,,美国基督徒都破大！防了大·殖子还搁这赢呢,,AEDA_Only
,,,是,,是,,,,,佛珠本无法力，人们需要免罪卷，，便开始！？讲究起来，仿·，佛以此！...就能得心安。·心中有佛，·日月星辰、一草一木都能带。！来！平静，？不安，岂能·是日日跪拜就可？以抚慰的？基于此，马丁路德才开始宗教改革，但在东方，每每看到虚...伪的大。师布道，我只会想一件事，他们一定智商很。...低吧，·没有顿悟的能力，就·，敢不知畏地大放阙词,,AEDA_Only
,,,是,,是,,,,,上帝吐的？。挺圆滴。,,AEDA_Only
,,,是,,是,,,,,？特！么的，？上帝见了也是要哭的。阿...败！，你的气？场大，给转转。@老败，//...@全世界都震惊了: 地·球都哭了,,AEDA_Only
,,,是,,是,,,,,//@如鹰展翼而上:回复@陈老坎:找到了，中新网采。访了叶开。，叶开（应该就，·是@老虎不吃��）说的。http://t.cn/zjiVD？Yr， //@！？如鹰展翼而上:诺贝尔文学奖。得主@莫。言， 同志他妈妈·，是基督，徒这件事的文献参考资料出自哪·里。啊？,,AEDA_Only
,,,是,,是,,,,,为什么上帝不买A片看！...因·为人在做！，天在·...看！[打哈气][打哈气],,AEDA_Only
,,,是,,是,,,,,能不...能直...接锤米哈游在面向大众的产品内？，夹带私货传播西方基督·教，宣扬封建迷信？毕！竟。·我记得法律限制传教行？为。只允许在宗教场所内。,,AEDA_Only
,,,是,,是,,,,,曾经根基建立？，在圣经上？的荣耀之国啊[衰]//@远牧师:。美！国最值得羡慕的不是，它的自由。和？民主，而是它的自？由？和民主赖以健康生？存的基？督信仰。它的信仰如果不比它的自由更！重要，？起。码是同等重要。,,AEDA_Only
,,,是,,是,,,,,也就是举·报给非基督徒，·哥林多书说得不够明白吗？·你们逞者情欲发泄自己·。,,AEDA_Only
,,,是,,是,,,,,圣水！大蒜！？十字架！！斩了？你！！/。/@杨旭，emo：110,,AEDA_Only
,,,是,,是,,,,,你看到的不是圣经！，是不懂圣经的人写的乱七？八糟，的文章,,AEDA_Only
,,,是,,是,,,,,哦？教会只有女人是吧？什么？合...欢宗,,AEDA_Only
,,,是,,是,,,,,台湾，道士已经搞，定耶稣了，到底。是...台湾人，思维就是强过大陆。//@道�。，�-正统道教网站: 还是台？湾人牛啊 ，？@宝中堂,,AEDA_Only
,,,是,,是,,,,,...有些·人像·上帝一！样审视着那些晚睡。和早··起的人发的一条条的微博，他们就是失眠者。,,AEDA_Only
,,,是,,是,,,,,"支教老师就是儒教传教士，现代更是大力推送孔子！·学院
另？外儒教主要是向皇帝诸侯传教·
而道教则是有，？？点化·一说。不像基督教那样逮住一个传教一个，而是看谁顺·眼传·教给谁。
同时这俩教？都与汉文化中原强绑定，不太愿意向外，族人传道",,AEDA_Only
,,,是,,是,,,,,。在东？大这洪秀全是上帝二儿子。。。,,AEDA_Only
,,,是,,是,,,,,传教士马布里说“我要感谢？上帝给。了我一个自我救赎的机会，”。我们的价值观·！就这样在慢慢的被渗透着。,,AEDA_Only
,,,是,,是,,,,,呵呵，所有，正面宗教...的教。义都有一个...共同点！你·们没，，发现吗！？哈哈哈哈，哈！还你的我的！道的佛的耶稣的真主的！哈哈哈哈哈！,,AEDA_Only
,,,是,,是,,,,,...你俩在干啥！ //@任志强:那地方的！，金上帝不认，识你吧。  /？/@潘·石屹:上帝指引着！我，保护着我。...，，  //@任志·强:去天？堂拜佛？小心迷路回不来了。。,,AEDA_Only
,,,是,,是,,,,,神棍...？,,AEDA_Only
,,,是,,是,,,,,使命在召唤，问剑，还利否！？//@·中国民声......论...坛: 执...剑的正义才能战胜邪...恶，。。没有行动...的谴责不会有任何效果！，支持派遣特种部。队剿杀。跨国追！杀是有，！国际先例的？，·美国、以色列、法，国、英国……都干过，我们为啥不可以！,,AEDA_Only
,,,是,,是,,,,,，国内只承认天主教爱？国会吧？至于其他？农村乡下各种咳咳教，我不？好说。,,AEDA_Only
,,,是,,是,,,,,近！日在上海的kfc，也。碰到两位小朋友，称自己...是学圣经的，要给我讲圣经故。事。现在？小朋友们很流行学习圣？经吗！？,,AEDA_Only
,,,是,,是,,,,,照这样看中世！纪的欧洲人应该是不白，现代欧洲人已经被换过。？种了。,,AEDA_Only
,,,是,,是,,,,,耶！稣身上还有一个·庄子（狗头）,,AEDA_Only
,,,是,,是,,,,,虽然...都是一个...！神，只要争·的是解释权，实际？上。主要是教派内部在争解释权。,,AEDA_Only
,,,是,,是,,,,,嗯………修女跟修士淫乱做乐这件事，很早之前就被...人津津乐道了，以，前很多西方文艺作，品·都！暗搓搓的讽刺过类似的东西,,AEDA_Only
,,,是,,是,,,,,？？肯定是。异端啊·，正教和公教这两个几百年前都相！互开教籍，指责对面是异端。何况是洪秀全的那个拜上帝，教,,AEDA_Only
,,,是,,是,,,,,很难想象历史，上...诞生这种教！义的背景是基于什么,,AEDA_Only
,,,是,,是,,,,,从！有？记录的马可波罗1275年抵达中？国，到清朝传教士入主，我们朝廷的天文机构钦天监，，西方人，花·了六百年左·右偷师中华文化...，然后...消化吸收并篡改自己的历史！又从19世纪到现在，一直向...中国！？及，全世界灌输西方中心主义……还真是，学透了我·们的“愚公移山·”精？神，一点点渗透直至“·崇洋”成为全球主·？...！流意识,,AEDA_Only
,,,是,,是,,,,,残疾...人标志配上·枪口对着！耶稣大哥的景 。要么是外国的黑·色幽默 要不就是馆长是拉。西瘪三天天岛上拾旧货的 哈~。开玩笑。的耶稣大哥别当真[。爱你],,AEDA_Only
,,,是,,是,,,,,我！不了解·基督教，我还不了解抖u嘛,,AEDA_Only
,,,是,,是,,,,,经典吹日本，连神。道！教都能吹？起来。？不知道日本基督教不盛行是因为·日本图图基督，徒过于彻底了吗？,,AEDA_Only
,,,是,,是,,,,,我真，快晕了·，他们到底要强奸多少名人。成基督徒？,,AEDA_Only
,,,是,,是,,,,,恩 怕死就要信？上帝 跟着上帝就...不用！死了 #所。以说你有基督。徒的样！式你还不信#连写的话都跟我们教！会讲的一模一样呀,,AEDA_Only
,,,是,,是,,,,,后？叮咚鸡。时代基层控制减。弱带来的一些！问题，不过在内地问。题不大，。地下教会老登居多。但是在西北控制不能放弃一丝一毫，否则埃苏丹整的渗透就得！爆点大的了,,AEDA_Only
,,,是,,是,,,,,适...，可而止，过了就不好 ，发展到人肉搜索恶意攻击就！不好了 //@建业Number1:#圣战威武·#支持·正义的圣战！就该治治这些粉棒子的脑残！每个人？都有粉！的自由，粉可以，但不要爆神论，不要！放弃治疗！要是以后我·孩子...粉鬼子，棒子...的戏子，一天揍一顿，我。可不想有个。脑残孩...子[哼],,AEDA_Only
,,,是,,是,,,,,我好像在兰迪的？书里面看到过这个名字，貌。似害死不少·脑残信徒,,AEDA_Only
,,,是,,是,,,,,酷狗就像路边一条...耶狗，啊，一脚就踢死了,,AEDA_Only
,,,是,,是,,,,,伪基！督们在造势了,,AEDA_Only
,,,是,,是,,,,,@上海！人李�::文！明是物质性的、生存的、基于！欲望的；？文化是精神性的、存在的，基于心灵的，。中世纪的黑。暗？，，文革式的野蛮，既剥夺欲望的合理性和生。存的。权利，又禁锢自。由、摧残心...灵、践踏...文...化。日常人生，要的是生存的？权益；诗意存在，要的是思？想、信仰、言论、写作？·、出版等等。，的？人文·创造的自由。,,AEDA_Only
,,,是,,是,,,,,修女笑话基本就是纯粹的，炫压抑笑话,,AEDA_Only
,,,是,,是,,,,,就是那个蛋糕店好·像是基督徒开的，！拒绝，给TXL提供。蛋糕服务，后来被拒绝的TXL不服气告到奥黑驴那，...强。势让人！家蛋糕店给他们提供服·务，真是贱得很。,,AEDA_Only
,,,是,,是,,,,,#...律问#宗...教哪个离人，最近？佛教！哪个离人最远？基督·教！,,AEDA_Only
,,,是,,是,,,,,//@李开复。: 不理性的·仇恨带来的悲剧，给他人也给自己。//@主持人杨锐:， 又一个？悲剧：传教士精神...，·和...？平队的化身。，美国外交官在发！展中国家一半的业务应该是，牧师的职责，传递美·利坚的福？音。,,AEDA_Only
,,,是,,是,,,,,，就美国佬那个·💩新！教不如拿太平天国美？国化反向传播,,AEDA_Only
,,,是,,是,,,,,呵呵 想方设！法去人家基督徒！的国家，生活 中·途还干掉12个...基督徒,,AEDA_Only
,,,是,,是,,,,,从翰林院·里拉三个出来，作为东方的！博士，把他们带去罗马给。教皇见识？见识,,AEDA_Only
,,,是,,是,,,,,當時的神...棍？,,AEDA_Only
,,,是,,是,,,,,闽南·人信奉圣经!,,AEDA_Only
,,,是,,是,,,,,支持，我不玩，送了就更大概率挨砍了，这耶狗就...，该砍！！废,,AEDA_Only
,,,是,,是,,,,,比较搞笑的是现...在愿意给人·提供...帮助的天主教？当初是刮民脂民膏最狠，当！初反对天主教过...。度世俗化腐败而成立的新教，现在站在了当初天主...教的地...位上。，历史果然是！螺旋上升，。,,AEDA_Only
,,,是,,是,,,,,哥们！你在那个评论区，我换个耶狗牌子骂你两句去到时候！记得发个帖子。,,AEDA_Only
,,,是,,是,,,,,...你的意思是，让只。会喊“安安，饿饿，饭？饭”，·离了米莉安饭都没得吃的米莉拉回到中世纪吗会饿死。。的吧,,AEDA_Only
,,,是,,是,,,,,圣经时代历史假的，耶稣定死十？字架胡，说八道，耶稣是我儿子完全虾扯蛋，罗马帝国复兴改。下圣经，？变成虾扯·蛋圣经，变成神经，以·色列时代没有真！实时·代，圣经辉煌历史虚构的。,,AEDA_Only
,,,是,,是,,,,,建议加入·圣经,,AEDA_Only
,,,是,,是,,,,,耶！稣用·什么和孔子比，就凭耶稣画的大饼吗,,AEDA_Only
,,,是,,是,,,,,发这，种贴谁看？耶狗肯定不会看啊，等湖人耶狗，们就出来，了,,AEDA_Only
,,,是,,是,,,,,！怎么？读两句圣经就可·以。不...用下地狱，就可以上天堂了，就可以不死了？加入宗教组织就是有信仰了？,,AEDA_Only
,,,是,,是,,,,,神棍！！,,AEDA_Only
,,,是,,是,,,,,“最初安排上帝安...排亚当安排奇克，”，这个套娃让我绷不住了。,,AEDA_Only
,,,是,,是,,,,,基督教喜欢这？样，的方·式进行道德绑架,,AEDA_Only
,,,是,,是,,,,,这么说！的话罗马就在猎了，基督。教一开始不也人嫌狗憎...,,AEDA_Only
,,,是,,是,,,,,国，内...的基督教这个词被抢注了，特指中特誓,,AEDA_Only
,,,是,,是,,,,,"守安息日的最终走向，就是！，被律法禁锢，然后把“十分之一的奉献”交入强盗和？骗子，的银库。
·他...们会在你们信基督的若干年后，向你们，提·出：把收入的十...分之一交？出来。
他！们。连寡妇的两个小钱都不放过的。",,AEDA_Only
,,,是,,是,,,,,，！#一张图证明我来·过这...里#...“…。…这十来万传教士，锲而，不舍搞了67百年时间？，传·教成果差得不能？再！差了，...但他们乐此不疲，长期居住生活在中国，...学习研，究。中国的。科学技术知识，以能！吃上？中国朝廷的皇粮为荣耀。  这特？么到底属于是传教·，还是留学？” ​​​！,,AEDA_Only
,,,是,,是,,,,,每当？看到网上那·些基督神，棍们跳大。，神，我就会想起这个笑话。......畅读版【http://t？.cn/8FKOp2T】,,AEDA_Only
,,,是,,是,,,,,？圣战万岁,,AEDA_Only
,,,是,,是,,,,,那帮鸟人？回到中世纪会活活饿死的罢……,,AEDA_Only
,,,是,,是,,,,,正儿八经的教？会拿出来往男女对立扯，这么恨，大？鸡蛋啊,,AEDA_Only
,,,是,,是,,,,,上·帝喜，欢努。力的人，除了那一个努力去找借口的人。,,AEDA_Only
,,,是,,是,,,,,不管是天主教还是·东正教都有教会这种全！国范围·女的组织而不是局限于？一个地方的...教会，我...看不，管是道？教，，。·伊斯！兰教，佛...教，还是印...度教都没有建立全国性的组织好像，都是局限于本地区·的教堂。,,AEDA_Only
,,,是,,是,,,,,本来不信基。·督教是邪教的，看了贴吧！的这些回复，确认了，百分百邪教。，,,AEDA_Only
,,,是,,是,,,,,耶稣会没啥用，不如不发教，信仰本来就有个·七折渠道，没有职业道德挣信仰的话，信·仰...就是拿来，买平？民单！位的。发教本就是弯道超车，不能挣钱的发教？没有意义，不用去走这个弯·道,,AEDA_Only
,,,是,,是,,,,,记得修女大多是没，办法出嫁的贵·族小姐，，然后去...修道院。,,AEDA_Only
,,,是,,是,,,,,联合国儿童？权利委员发表？调查报告，谴责罗马天主教廷的收！养政策，称过去数十年里，许多天主教？神父利用该政？策，强奸和性，骚扰了！上万儿童。梵蒂冈方面表示“。？对于委员会试图干涉天主教廷教义的行为表示遗憾”。！。据说中国的，基督徒。绝大多？数信的是新教，而不是天主，教，不知道这两...个？。教派的神有无区别？,,AEDA_Only
,,,是,,是,,,,,#营销策略#一位商人拜访·教皇，声称只要他肯？改口一！句话·，就给...10·0万元，教皇没答应。商人提价1000万，教皇拒绝。主教不解，教皇说：他要我们祷告完后，不讲阿...门讲百事可乐，怎么可能？！此事很快不胫而，走，商人目的达成。启示？：最佳的策划不靠，砸。钱，而在于...？策·划本身值。得别人·？·愿！意免费为你宣！传。。，,,AEDA_Only
,,,是,,是,,,,,重·新。封神再次。开始，准备讨伐西方圣经时代自作孽，不可·活报应来了，圣经时代历史全部虚构，。世人？不·信耶稣，信阳鸦片背叛中国一群洋人走狗。,,AEDA_Only
,,,是,,是,,,,,"...沃尔科
15
·——，———————·———·—！—
我透...过面具观察着基督狗。
背地里用军用...手·势给女孩！打着信号
，“你有没有，冰毒？”...
为了保险起见，我。用基·督徒听不懂！的日语再次重复了一边。，
！？“あ？なたは覚せい剤？ ”
@浪漫冰兰",,AEDA_Only
,,,是,,是,,,,,因为你。口中的那些小鬼借着“0T”的名头到处拉踩啊，引？起反感很奇怪吗？举个例！子你信？佛的，没事就有人跑过来说你得信耶稣，信耶稣。才·能得永生，信佛没用，信佛？的都是·n。t，，！我想知道你会咋？想...，你会觉得·跑来布道的是sb，顺·带也？会，觉得...耶稣是sb的。,,AEDA_Only
,,,是,,是,,,,,从创世，纪，上帝就开始诅咒这个诅咒那！个,,AEDA_Only
,,,是,,是,,,,,上帝太忙，管不过来。，――南方公园...//@彼亦...一是非:，回复。@。风一般。的男纸:跟薛兆丰一样！，居然。用“？上·帝都设计好了人还。有啥用！”的逻辑来反驳。艾玛读过三天哲学史的话？都不好意思·这么辩论的吧[...？··偷笑。。] //@风一般的男，纸:[哈哈]他很可能不！知道康德对先验和，超验的定义，只是望词生义,,AEDA_Only
,,,是,,是,,,,,必·须在第一次受到欺负的时候！就。灭...了它们这群基督狗,,AEDA_Only
,,,是,,是,,,,,没准儿是约·好了来砍你的。让我们...放下教·义的争论，宰了预言之屑先,,AEDA_Only
,,,是,,是,,,,,#上帝其！？·实是个熊孩子的吧# 好，？多地方的旅游介绍！语都拿上帝“开涮”。。。动不动就是“上帝一？不，小心在这里用尽了蓝色”、“上帝，撞翻了调色板”。。。。怎么听都觉得上帝怎么那么不小心...·啊！二劲十足的节奏。。。就是，以下这些地方就是给上帝扣上这帽子的↓↓↓ 你想去看，看吗？[心！],,AEDA_Only
,,,是,,是,,,,,洋人也过春节吗？！不过。中国！大部分人，信基督？吗？没有。，那么同胞们啊！，我们为什·！么要过圣诞...呀？到底为！什么啊？？？别劝我不要较真儿·，别说只是为了...找乐儿。，长此以往，总有一天，我们会不再·清楚自？己的国籍。,,AEDA_Only
,,,是,,是,,,,,基层管理不到位，原？本该有宗势力欠缺，乡镇年轻人外流，，基督，教这种以帮扶互助旗，号的宗教势力自然会占据生！。态位！,,AEDA_Only
,,,是,,是,,,,,[嘻嘻]太逗了，中国清理外国人的昭告才发布，，美国立刻进行反击！，两国心知。肚？明的s·py人员棋...子大清理中~~~/！/@陶...，...红兵: 猜...想：如果美国要求根据对·等原则，在。中？国开设基督？学院，招收中国人入校...·学习？，中国政府怎么办？。,,AEDA_Only
,,,是,,是,,,,,耶稣·！这个厉鬼，死在十字架怨气太重，阴魂不散，求·大慈大！悲观世音把他...超度！？了，别让他祸害人。间,,AEDA_Only
,,,是,,是,,,,,神棍�盟[弱][弱]·[黑�],,AEDA_Only
,,,是,,是,,,,,耶稣打得？过年兽吗,,AEDA_Only
,,,是,,是,,,,,新段？子开始了，哈哈．@黄柏松 @-谭诗利- @viennav·iru。s //@酒中人...zjs: 史上最牛？。官员！ 。/·/@·高和:这人...马上火·了 //@铁翎:... 真的假的？ //@常青田: 靠谱的政府亮了！[哈哈] //@。赵耀民-。呼吸: @园那个外 /？/@神棍皆傻逼左派多祸害:。· 最后一句是亮点,,AEDA_Only
,,,是,,是,,,,,上帝什么垃，圾玩意,,AEDA_Only
,,,是,,是,,,,,"修，女越是禁欲，她在追求男女之...事上的反差就越抓？人眼球。暗黑地牢的修女也是这样，本质上还·。是一种反差萌吧。
喜欢我拿着一根！小木棍！接受天启把身强力壮的惩罚者打！至跪地随。即从修道院逃离最后...把和古神融为一体的主角打败的修女...小姐姐吗",,AEDA_Only
,,,是,,是,,,,,回复 信仰红领巾 :。。你...这！个阿米。念异端就不要和阿米念？异端胡椒味道狗咬狗了！咋的...？你不是攻！，击。加尔文神？学吗？你不是...鬼扯上帝预知亚...当堕落所以堕落后拣选吗·？！滚🥚！,,AEDA_Only
,,,是,,是,,,,,耶稣老家犹太，人烧！的，耶稣犹太人陷害的，号称最虔诚的上·帝信仰国家在帮犹太人杀？戮其他上帝信徒（其实他们信的？是一个，·，神）。你说作为...一个神。要多憋屈才会去帮这群人，佛祖这种自虐·救生的都说事不过三，何况上帝这种动怒天灾灭一城，的神。...,,AEDA_Only
,,,是,,是,,,,,...咱们。不信！上帝，而且这四个，有三个在东亚都·没有啥市场。占有...率，也。就是西方自己玩的罢了,,AEDA_Only
,,,是,,是,,,,,基督教与？伊斯兰教都，受犹太教影响，教...义中...颇多？相似，然而互视为异教徒攻伐...上千年...，所以·说一神教本质上都是狭隘、残忍的邪教。,,AEDA_Only
,,,是,,是,,,,,有没有考虑过，耶稣，？会不如不发酵,,AEDA_Only
,,,是,,是,,,,,把基督？？教从中国赶出去，我对基督？教耶稣圣经恨之...入骨！邪恶自私！,,AEDA_Only
,,,是,,是,,,,,"圣母：东方...仗。·助
圣母婊：程心
后者的所有行为会...想起来都有股精致利己...的味道，举例子，作！为，执剑？人不按，钮是因为。怕被侵，略的的罪名落在自己身上，。要是当时的执剑·人不是她，她还会·倒打一耙问那？人为什么这么自私",,AEDA_Only
,,,是,,是,,,,,本...来我也想，交的，！直，到看到那段祈。祷，这必须是我老亨，家的传家宝，修道院根本不·懂这玩意的价值,,AEDA_Only
,,,是,,是,,,,,"不是耶稣，！圣城是天父建造的。？
圣？城...建造历史只有几百年，所以天？父跟！耶·稣没任何关系。是一个？纯虚构的人",,AEDA_Only
,,,是,,是,,,,,佛教的逻辑基本！是这样的，“你并不是！真的恶？毒、淫荡、...吝啬、邪恶，你只是...太蠢罢了，只要你肯用用·脑子·那还是有！救的”。佛教真是一种从骨·子里就高冷的宗教，耶稣还可以跟撒旦对！！掐，佛祖...大概只会摸。摸...撒旦的头，叹·一句：“唉，傻逼。！”,,AEDA_Only
,,,是,,是,,,,,佛教和基督教里有一？？个意！思差不多的公案，叫？：盲人引路，相牵入火坑。几千年前的人！类就已经知道，这是！一件多么愚痴而且危险的事了。呵呵,,AEDA_Only
,,,是,,是,,,,,所以啊，看清那！种？大教会的真面目·了吧,,AEDA_Only
,,,是,,是,,,,,不就是基督教...吗，有啥！好邪教的，，大陆这，边没人信才少见,,AEDA_Only
,,,是,,是,,,,,可以...看看《十日谈...》，一大堆教会笑话,,AEDA_Only
,,,是,,是,,,,,，#，环球随手拍# ·梵蒂冈的游客，后面还有俩穿黑衣的神父。梵蒂冈的神父这几年绯闻也挺多的，时代还真！·...是变了。，？,,AEDA_Only
,,,是,,是,,,,,这些东西·有意思吗？没有婚姻这些天主教徒哪里来。的？？！没有父母他们难道是石头里蹦出来的吗？,,AEDA_Only
,,,是,,是,,,,,对他们来说孙？悟空都可以是基督徒...,,AEDA_Only
,,,是,,是,,,,,？我也同？意 //@？白水？孙冰:回复 @...浮云去了...:我只能为我的弟兄孙海英祷告了！主看顾并保守他的！。心。因心？是一切行为的果效！！  //@。浮云去了:孙海？英这样的人基督教也收，...掉价[酷] 以后可？能被打压了  //@白水。孙冰:好复杂哦！神怜悯眷顾爱他的门徒吧！,,AEDA_Only
,,,是,,是,,,,,邪恶的蛇把禁果给了·亚当和夏娃，然后他们被上帝逐出了伊甸园。现在基督徒一。般都把苹果当？作禁...果，而在中国，大家兴...高采...烈的在平安夜互送苹果，这说明什么，这恰恰说明中国？淫民是不信邪滴。 [哈·哈...？] [哈？哈] [哈哈],,AEDA_Only
,,,是,,是,,,,,"米桑特有的文化夏季吧挪用。还记得芙宁娜宣传图上。“，众水众！方众民...与众律法的女王”，居然化！用的是圣经中批判大银芙的话🤣。和·枫丹城奇妙的罗马风味巧妙的相驳斥🤣
点。击展开！，查看完整图片

点击展开，查，看！完整图片",,AEDA_Only
,,,是,,是,,,,,不是，牧师都有月升了，这些，减费何意味,,AEDA_Only
,,,是,,是,,,,,“上帝粒子”真不！像个科学名词，倒像...哲学名词。不过它对于，“！最后一种未被发现的基本粒子，也是解释物质质量，·，之谜的最。重要粒子”来说还是挺配的。要是中国，人发现的话，会称为佛陀粒子·或天尊粒子吗？,,AEDA_Only
,,,是,,是,,,,,基督教之前虽然也有一些瘟疫。？，但，死亡。人数最多几万。基督教之后，欧洲以，及全球非常多次发生大规模瘟疫，每次都是·死亡几千万到一亿。可以推论基督！...教给地球。带来·了诅咒，非常邪...门。,,AEDA_Only
,,,是,,是,,,,,还·有一种可能，修。女会就是个草台班子，这样，很多！矛盾就可以解释了,,AEDA_Only
,,,是,,是,,,,,"1，可以理...解
2，闹麻了
3，。弱智
4，不是人类
5，智斗巅峰
··麻？辣消费者赛...博十字军东征消！费观镇楼",,AEDA_Only
,,,是,,是,,,,,⏰又不是宗教国家，。跟上！帝没关系,,AEDA_Only
,,,是,,是,,,,,"#带？着微。博去印尼#第三天清晨，斜风细雨！。一个丹尼尔？老人，！猩猩一样蹲在巨石上，用刀·刻般的手握着我不放，信仰基督教让他们变。得文明？，他身后茅？草屋着火般冒着篮烟，我钻，进屋里。。，借着火塘的！光...线，看到几双白色眼瞳。孩子们玩高跷，光屁股从湿泥坡上滑下取？乐，满身伤痕，自...生自灭,七岁孩...？子的手·如同老妪.",,AEDA_Only
,,,是,,是,,,,,在。看   多美？的故事 ，   · 没有上帝的时光中     我也活在无！助无知迷！茫中  ...  我是·多么多么的幸运    得到这莫大的恩典[呵呵]？,,AEDA_Only
,,,是,,是,,,,,不会真的被基。督狗。。了吧,,AEDA_Only
,,,是,,是,,,,,以。色列当2·000年流浪狗，我动物保护协？会的,,AEDA_Only
,,,是,,是,,,,,没啥，今天全世界都是穆斯林，你！又会说？幸亏当初不是基督教徒？发现新大陆否则现在世界·不像样子了,,AEDA_Only
,,,是,,是,,,,,也就针对满清的时候想起来河南是？汉地之一了，河南这些年的发·展有目！共睹？，农村人打工一年见不到两次面，被留在家里的老人。孤独了、？生病了，、料理后...事没人......管怎么办？河南，人又不是傻，入个教会生病了能互助？，死了教会安，排也不。花钱，但！凡天上有人想起河南一......次也不至于这样😅,,AEDA_Only
,,,是,,是,,,,,一修女搭上神...父的车，神父禁。不住·伸。手摸修女·雪！白大腿，修女问：神父，你记得圣经129条·写着什么吗？ 神父脸红急忙收手，回到，教堂后迫不及待翻开圣经第12·9条，见上面写到；深入一点。，你将得到无尽的。荣耀！神父大呼：上。帝呀，业务不熟将！失去多少机会呀！ 同志们，要好好学习业务呀！,,AEDA_Only
,,,是,,是,,,,,主教疯狂·打桩,,AEDA_Only
,,,是,,是,,,,,这！东西，...不是基督教吗？有什么好稀奇的，邪教都。出来了，什么认知啊,,AEDA_Only
,,,是,,是,,,,,我看着神父也是。风韵犹存啊,,AEDA_Only
,,,是,,是,,,,,职业道德的锤！是凭空多出来·的，耶稣会只是多了个信！仰的购买渠道，，,,AEDA_Only
,,,是,,是,,,,,跟随。主耶稣！[呵呵],,AEDA_Only
