annotation_id,annotator,average_prob,christianity_related,created_at,hate_speech,id,lead_time,model_votes,sampling_strategy_tag,text,updated_at
877,1,0.7059843937555949,1,2026-02-03T00:17:37.579915Z,1,15852,5.425,1/2,uncertain_or_low_confidence,⏰又不是宗教国家，跟上帝没关系,2026-02-03T00:17:37.579933Z
3332,1,0.7761963804562887,1,2026-02-15T12:40:20.815022Z,1,18490,2.339,1/2,uncertain_or_low_confidence,我不了解基督教，我还不了解抖u嘛,2026-02-15T12:40:20.815050Z
508,1,0.9032795826594034,1,2026-02-02T12:15:37.197983Z,1,15763,3.856,2/1,uncertain_or_low_confidence,以色列当2000年流浪狗，我动物保护协会的,2026-02-02T12:15:37.198002Z
563,1,0.9531636238098145,1,2026-02-02T12:29:46.996522Z,1,19029,185.436,3/0,consistent_hate_high_conf,把基督教从中国赶出去，我对基督教耶稣圣经恨之入骨！邪恶自私！,2026-02-02T12:29:46.996534Z
5527,1,0.8862230181694031,1,2026-02-28T01:33:10.058850Z,1,19055,8.619,3/0,consistent_hate_high_conf,正儿八经的教会拿出来往男女对立扯，这么恨大鸡蛋啊,2026-02-28T01:33:10.058880Z
749,1,0.7423804601033529,1,2026-02-02T12:53:19.372432Z,1,18590,7.753,1/2,uncertain_or_low_confidence,“最初安排上帝安排亚当安排奇克”，这个套娃让我绷不住了。,2026-02-02T12:53:19.372447Z
595,1,0.8533210754394531,1,2026-02-02T12:35:57.046714Z,1,16922,6.418,1/2,uncertain_or_low_confidence,呵呵，所有正面宗教的教义都有一个共同点！你们没发现吗？哈哈哈哈哈！还你的我的！道的佛的耶稣的真主的！哈哈哈哈哈！,2026-02-02T12:35:57.046740Z
401,1,0.8242868185043335,1,2026-02-02T11:55:51.361742Z,1,16201,6.634,1/2,uncertain_or_low_confidence,上帝吐的？挺圆滴。,2026-02-02T11:55:51.361756Z
6089,1,0.7073163588841757,1,2026-03-14T10:21:57.098194Z,1,15196,12.152,1/2,uncertain_or_low_confidence,宗教信仰无法用科学逻辑去跟他辩论，因为宗教是不存在逻辑的。他说神的旨意不能猜，那圣经所写怎么保证是神的旨意？当然，他会说那是使徒，使徒通上帝。那么，如何证明使徒是真的？在逻辑上，这些都叫无法证实也无法证伪的玩意，只问你信还是不信。,2026-03-14T10:21:57.098218Z
703,1,0.7808191974957784,1,2026-02-02T12:49:54.442040Z,1,17077,5.153,1/2,uncertain_or_low_confidence,每当看到网上那些基督神棍们跳大神，我就会想起这个笑话。...畅读版【http://t.cn/8FKOp2T】,2026-02-02T12:49:54.442066Z
818,1,0.8258365392684937,1,2026-02-02T12:57:48.943968Z,1,15221,5.466,2/1,uncertain_or_low_confidence,"1，可以理解
2，闹麻了
3，弱智
4，不是人类
5，智斗巅峰
麻辣消费者赛博十字军东征消费观镇楼",2026-02-02T12:57:48.943990Z
5598,1,0.8042380213737488,1,2026-02-28T02:01:24.920764Z,1,18070,69.861,2/1,uncertain_or_low_confidence,[嘻嘻]太逗了，中国清理外国人的昭告才发布，美国立刻进行反击！两国心知肚明的spy人员棋子大清理中~~~//@陶红兵: 猜想：如果美国要求根据对等原则，在中国开设基督学院，招收中国人入校学习，中国政府怎么办？,2026-02-28T02:01:24.920780Z
2353,1,0.9106144309043884,1,2026-02-13T10:08:09.002893Z,1,18947,321.692,1/2,uncertain_or_low_confidence,从翰林院里拉三个出来作为东方的博士，把他们带去罗马给教皇见识见识,2026-02-13T10:08:09.002903Z
413,1,0.6898489793141683,1,2026-02-02T11:57:19.748600Z,1,17212,4.566,2/1,uncertain_or_low_confidence,使命在召唤，问剑还利否？//@中国民声论坛: 执剑的正义才能战胜邪恶，没有行动的谴责不会有任何效果！支持派遣特种部队剿杀。跨国追杀是有国际先例的，美国、以色列、法国、英国……都干过，我们为啥不可以！,2026-02-02T11:57:19.748616Z
5444,1,0.6716495354970297,1,2026-02-26T02:25:27.942665Z,1,18642,107.33,2/1,uncertain_or_low_confidence,本来不信基督教是邪教的，看了贴吧的这些回复，确认了，百分百邪教。,2026-02-26T02:25:27.942684Z
466,1,0.7581868171691895,1,2026-02-02T12:00:42.608444Z,1,16059,4.087,1/2,uncertain_or_low_confidence,本来我也想交的，直到看到那段祈祷，这必须是我老亨家的传家宝，修道院根本不懂这玩意的价值,2026-02-02T12:00:42.608463Z
2254,1,0.866279125213623,1,2026-02-13T09:35:33.103831Z,1,19008,175.949,3/0,consistent_hate_high_conf,耶稣老家犹太人烧的，耶稣犹太人陷害的，号称最虔诚的上帝信仰国家在帮犹太人杀戮其他上帝信徒（其实他们信的是一个神）。你说作为一个神要多憋屈才会去帮这群人，佛祖这种自虐救生的都说事不过三，何况上帝这种动怒天灾灭一城的神。,2026-02-13T09:35:33.103843Z
5364,1,0.8148465156555176,1,2026-02-25T16:01:19.073558Z,1,19068,26.274,3/0,consistent_hate_high_conf,"圣母：东方仗助
圣母婊：程心
后者的所有行为会想起来都有股精致利己的味道，举例子，作为执剑人不按钮是因为怕被侵略的的罪名落在自己身上，要是当时的执剑人不是她，她还会倒打一耙问那人为什么这么自私",2026-02-25T16:01:47.334577Z
2516,1,0.904582937558492,1,2026-02-13T13:11:43.997907Z,1,16031,3.493,1/2,uncertain_or_low_confidence,所以啊，看清那种大教会的真面目了吧,2026-02-13T13:11:43.997938Z
681,1,0.8053703705469767,1,2026-02-02T12:48:07.251200Z,1,19049,3.184,3/0,consistent_hate_high_conf,基督教与伊斯兰教都受犹太教影响，教义中颇多相似，然而互视为异教徒攻伐上千年，所以说一神教本质上都是狭隘、残忍的邪教。,2026-02-02T12:48:07.251221Z
2370,1,0.9327759544054668,1,2026-02-13T10:08:52.131944Z,1,18241,2.338,2/1,uncertain_or_low_confidence,从创世纪，上帝就开始诅咒这个诅咒那个,2026-02-13T10:08:52.131955Z
3400,1,0.8949164549509684,1,2026-02-15T12:45:49.184529Z,1,18247,11.21,1/2,uncertain_or_low_confidence,#一张图证明我来过这里#“……这十来万传教士，锲而不舍搞了67百年时间，传教成果差得不能再差了，但他们乐此不疲，长期居住生活在中国，学习研究中国的科学技术知识，以能吃上中国朝廷的皇粮为荣耀。  这特么到底属于是传教，还是留学？” ​​​,2026-02-15T12:45:49.184546Z
454,1,0.8318301836649576,1,2026-02-02T12:00:00.829020Z,1,17840,9.444,1/2,uncertain_or_low_confidence,不管是天主教还是东正教都有教会这种全国范围女的组织而不是局限于一个地方的教会，我看不管是道教，伊斯兰教，佛教，还是印度教都没有建立全国性的组织好像都是局限于本地区的教堂。,2026-02-02T12:00:00.829035Z
6909,1,0.771648108959198,1,2026-03-19T11:29:24.298056Z,1,15719,7.487,1/2,uncertain_or_low_confidence,当上帝是要摇号的~,2026-03-19T11:29:24.298074Z
915,1,0.7531198660532633,1,2026-02-03T00:22:46.670182Z,1,18637,3.428,1/2,uncertain_or_low_confidence,呵呵 想方设法去人家基督徒的国家生活 中途还干掉12个基督徒,2026-02-03T00:22:46.670211Z
5801,1,0.7702345053354899,1,2026-03-05T17:44:02.587185Z,1,15248,12.795,1/2,uncertain_or_low_confidence,男子来到天堂，见白云上有圣洁的十字架，十字架上血迹斑斑，男子哀叹祷告，说“阿门”，张开双臂躺了上去。圣迹光华普照，美丽的天神降临，她托起十字架，惊呼：“孩子掉了！！在卫生巾上！！！！！！！”,2026-03-05T17:44:02.587205Z
7838,1,0.8286644617716471,1,2026-03-23T10:56:37.904260Z,1,15896,26.041,1/2,uncertain_or_low_confidence,宽容与接纳异己，是一种胸怀一种境界；知道自己是凡人，就“允许”“异己存在”，不仅不会觉得慌张，还善于利用“异己”做“镜子”，照到自己的差距不足龌龊卑微！在上帝面前，每一个都是微不足道的小生命体，只有看得清这一点，才真正明白不要违背天意悖逆长套，才不会用弱小与宇宙抗衡。看惯则看淡,2026-03-23T10:56:37.904288Z
450,1,0.8495598038037618,1,2026-02-02T11:59:42.236038Z,1,16291,1.806,1/2,uncertain_or_low_confidence,神棍...,2026-02-02T11:59:42.236055Z
490,1,0.870254913965861,1,2026-02-02T12:02:00.276842Z,1,19087,6.836,3/0,consistent_hate_high_conf,"守安息日的最终走向，就是被律法禁锢，然后把“十分之一的奉献”交入强盗和骗子的银库。
他们会在你们信基督的若干年后，向你们提出：把收入的十分之一交出来。
他们连寡妇的两个小钱都不放过的。",2026-02-02T12:02:00.276863Z
4282,1,0.789060632387797,1,2026-02-18T11:09:01.606624Z,1,17707,4.609,1/2,uncertain_or_low_confidence,肯定是异端啊，正教和公教这两个几百年前都相互开教籍，指责对面是异端。何况是洪秀全的那个拜上帝教,2026-02-18T11:09:01.606642Z
761,1,0.8085654377937317,1,2026-02-02T12:54:03.355123Z,1,16107,4.317,1/2,uncertain_or_low_confidence,先让别人去当鸡赚奶粉钱，等小男孩养大一些再让她送到教堂里忏悔赎罪，老神父可精明了,2026-02-02T12:54:03.355140Z
4285,1,0.8849038283030192,1,2026-02-18T11:09:40.806660Z,1,18453,4.657,2/1,uncertain_or_low_confidence,"修女越是禁欲，她在追求男女之事上的反差就越抓人眼球。暗黑地牢的修女也是这样，本质上还是一种反差萌吧。
喜欢我拿着一根小木棍接受天启把身强力壮的惩罚者打至跪地随即从修道院逃离最后把和古神融为一体的主角打败的修女小姐姐吗",2026-02-18T11:09:40.806683Z
6186,1,0.761459469795227,1,2026-03-14T10:42:01.122320Z,1,16570,8.961,1/2,uncertain_or_low_confidence,这话深得我心//@小耿_北京: 很多人不理解为什么会有信上帝的生物学家，这本书给了一个答案：人家信的上帝不是那个三位一体的上帝。,2026-03-14T10:42:01.122333Z
2335,1,0.7391080061594645,1,2026-02-13T09:55:01.271424Z,1,15505,4.812,1/2,uncertain_or_low_confidence,"不是耶稣，圣城是天父建造的。
圣城建造历史只有几百年，所以天父跟耶稣没任何关系。是一个纯虚构的人",2026-02-13T09:55:01.271437Z
534,1,0.8918763597806295,1,2026-02-02T12:19:07.858536Z,1,19060,5.656,3/0,consistent_hate_high_conf,因为你口中的那些小鬼借着“0T”的名头到处拉踩啊，引起反感很奇怪吗？举个例子你信佛的，没事就有人跑过来说你得信耶稣，信耶稣才能得永生，信佛没用，信佛的都是nt，我想知道你会咋想，你会觉得跑来布道的是sb，顺带也会觉得耶稣是sb的。,2026-02-02T12:19:07.858552Z
775,1,0.757910152276357,1,2026-02-02T12:55:20.437505Z,1,18413,2.222,1/2,uncertain_or_low_confidence,有没有考虑过，耶稣会不如不发酵,2026-02-02T12:55:20.437525Z
6976,1,0.725797971089681,1,2026-03-19T11:43:49.713098Z,1,16256,61.336,1/2,uncertain_or_low_confidence,看到（做礼拜），我感觉已经没戏了，如果你不是基督徒的话，基督的世界异常凌乱。,2026-03-19T11:43:49.713126Z
722,1,0.6870136658350626,1,2026-02-02T12:50:48.718591Z,1,17055,7.524,2/1,uncertain_or_low_confidence,你俩在干啥！ //@任志强:那地方的金上帝不认识你吧。  //@潘石屹:上帝指引着我，保护着我。  //@任志强:去天堂拜佛？小心迷路回不来了。,2026-02-02T12:50:48.718616Z
6323,1,0.7874411741892496,1,2026-03-14T11:21:41.550888Z,1,18554,7.275,1/2,uncertain_or_low_confidence,过圣诞节就必须要明白这节的历史背景嘛?谁说这是耶稣诞辰不是老毛他妈入院纪念日?谁说那白胡子老头儿北欧的不是老崇文?谁说那鹿叫鲁道夫不叫京八爷?谁说非得把礼物放袜子里不是杜雷斯?还圣诞大餐?!我就乐意中午吃大排面就拍黄瓜晚上精肉加板肠儿火烧配驴杂汤还顿顿就蒜你管得着嘛你?,2026-03-14T11:21:41.550902Z
3261,1,0.8000843326250712,1,2026-02-15T12:36:38.171629Z,1,15827,3.645,2/1,uncertain_or_low_confidence,不会真的被基督狗。。了吧,2026-02-15T12:36:38.171646Z
2446,1,0.6975089311599731,1,2026-02-13T10:27:55.217345Z,1,18027,3.482,1/2,uncertain_or_low_confidence,耶稣用什么和孔子比，就凭耶稣画的大饼吗,2026-02-13T10:27:55.217365Z
1176,1,0.7875120639801025,1,2026-02-05T14:01:37.607538Z,1,15945,2.183,2/1,uncertain_or_low_confidence,还有一种可能，修女会就是个草台班子，这样很多矛盾就可以解释了,2026-02-05T14:01:37.607563Z
4177,1,0.8480778336524963,1,2026-02-18T06:07:57.088661Z,1,18843,3.137,2/1,uncertain_or_low_confidence,基督教喜欢这样的方式进行道德绑架,2026-02-18T06:07:57.088687Z
6974,1,0.8690119584401449,1,2026-03-19T11:42:41.541862Z,1,15701,2.319,1/2,uncertain_or_low_confidence,经典圣母婊慷他人之慨,2026-03-19T11:42:41.541891Z
6177,1,0.6796872417132059,1,2026-03-14T10:39:20.504181Z,1,15839,18.691,1/2,uncertain_or_low_confidence,那钉子岂不是耶稣最严厉的父亲，孔子最慈爱的爹？,2026-03-14T10:39:20.504202Z
478,1,0.7874031861623129,1,2026-02-02T12:01:25.655313Z,1,17122,3.934,1/2,uncertain_or_low_confidence,就美国佬那个💩新教不如拿太平天国美国化反向传播,2026-02-02T12:01:25.655332Z
6139,1,0.7459583878517151,1,2026-03-14T10:31:25.787619Z,1,18557,3.138,2/1,uncertain_or_low_confidence,"你电我 我受了
你下基督教的地狱
还有出来的时候吗",2026-03-14T10:31:25.787639Z
5515,1,0.9356923699378968,1,2026-02-28T01:28:32.614088Z,1,15820,21.219,1/2,uncertain_or_low_confidence,"#带着微博去印尼#第三天清晨，斜风细雨。一个丹尼尔老人猩猩一样蹲在巨石上，用刀刻般的手握着我不放，信仰基督教让他们变得文明？他身后茅草屋着火般冒着篮烟，我钻进屋里，借着火塘的光线，看到几双白色眼瞳。孩子们玩高跷，光屁股从湿泥坡上滑下取乐，满身伤痕，自生自灭,七岁孩子的手如同老妪.",2026-02-28T01:28:32.614107Z
5387,1,0.809977392355601,1,2026-02-26T02:02:54.412906Z,1,15183,8.341,2/1,uncertain_or_low_confidence,#环球随手拍# 梵蒂冈的游客，后面还有俩穿黑衣的神父。梵蒂冈的神父这几年绯闻也挺多的，时代还真是变了。,2026-02-26T02:02:54.412928Z
1215,1,0.6627129713694254,1,2026-02-05T14:08:22.924130Z,1,15486,3.033,2/1,uncertain_or_low_confidence,这东西不是基督教吗？有什么好稀奇的，邪教都出来了，什么认知啊,2026-02-05T14:08:22.924151Z
6357,1,0.8406160672505697,1,2026-03-14T11:28:30.033819Z,1,17920,11.487,2/1,uncertain_or_low_confidence,上帝连世界末日都斗不过，我们还信他干什么？！给我一块大汉堡，我让你弄！！[笑哈哈][笑哈哈],2026-03-14T11:28:30.033837Z
7858,1,0.93417626619339,1,2026-03-23T10:57:48.934180Z,1,19064,2.756,3/0,consistent_hate_high_conf,凌迟烧死基督狗以及一切牛鬼蛇神！人类的毒瘤。,2026-03-23T10:57:48.934196Z
3172,1,0.7696860631306967,1,2026-02-15T12:13:01.063160Z,1,15258,9.966,1/2,uncertain_or_low_confidence,我也同意 //@白水孙冰:回复 @浮云去了:我只能为我的弟兄孙海英祷告了！主看顾并保守他的心。因心是一切行为的果效！  //@浮云去了:孙海英这样的人基督教也收，掉价[酷] 以后可能被打压了  //@白水孙冰:好复杂哦！神怜悯眷顾爱他的门徒吧！,2026-02-15T12:13:01.063178Z
2377,1,0.8259925246238708,1,2026-02-13T10:10:19.031880Z,1,19054,19.71,3/0,consistent_hate_high_conf,回复 信仰红领巾 :你这个阿米念异端就不要和阿米念异端胡椒味道狗咬狗了！咋的？你不是攻击加尔文神学吗？你不是鬼扯上帝预知亚当堕落所以堕落后拣选吗？！滚🥚！,2026-02-13T10:10:19.031899Z
4034,1,0.7471365928649902,1,2026-02-18T04:29:07.682011Z,1,15524,2.887,1/2,uncertain_or_low_confidence,可以看看《十日谈》，一大堆教会笑话,2026-02-18T04:29:11.248555Z
5679,1,0.8418818712234497,1,2026-02-28T05:38:01.676256Z,1,16355,6.516,2/1,uncertain_or_low_confidence,能不能直接锤米哈游在面向大众的产品内，夹带私货传播西方基督教，宣扬封建迷信？毕竟我记得法律限制传教行为只允许在宗教场所内。,2026-02-28T05:38:01.676274Z
675,1,0.850700298945109,1,2026-02-02T12:47:17.874352Z,1,16884,6.123,2/1,uncertain_or_low_confidence,有些人像上帝一样审视着那些晚睡和早起的人发的一条条的微博，他们就是失眠者。,2026-02-02T12:47:17.874370Z
5651,1,0.8384869893391927,1,2026-02-28T05:35:50.042674Z,1,18675,2.674,1/2,uncertain_or_low_confidence,神棍！,2026-02-28T05:35:50.042693Z
2304,1,0.7372768719991049,1,2026-02-13T09:49:29.164481Z,1,17539,37.218,1/2,uncertain_or_low_confidence,很难想象历史上诞生这种教义的背景是基于什么,2026-02-13T09:49:29.164493Z
2548,1,0.7618923385938009,1,2026-02-13T13:20:15.445592Z,1,16144,8.868,1/2,uncertain_or_low_confidence,特么的，上帝见了也是要哭的。阿败，你的气场大，给转转。@老败，//@全世界都震惊了: 地球都哭了,2026-02-13T13:20:15.445611Z
3146,1,0.824597160021464,1,2026-02-15T12:10:37.758054Z,1,19070,30.659,3/0,consistent_hate_high_conf,孩子的死是上帝的美意？！因为没花一分钱全中国都知道了？！感谢上帝替你们做了这么大宣传？！还能说出更不要脸的话吗？//@十一�: 关注！孩子啊…//@水水西:超恶心!//@南溪谷：恶心极了！//@倩-LOH:真恶心!//@肉唐僧: 真恶心！,2026-03-05T22:44:03.258336Z
4194,1,0.8055607477823893,1,2026-02-18T06:10:11.294968Z,1,17052,4.802,1/2,uncertain_or_low_confidence,近日在上海的kfc，也碰到两位小朋友，称自己是学圣经的，要给我讲圣经故事。现在小朋友们很流行学习圣经吗？,2026-02-18T06:10:11.294999Z
2480,1,0.9165486296017964,1,2026-02-13T12:49:04.791437Z,1,18741,2.829,1/2,uncertain_or_low_confidence,闽南人信奉圣经!,2026-02-13T12:49:04.791460Z
6987,1,0.7240610520044962,1,2026-03-19T12:02:19.574891Z,1,16218,5.228,1/2,uncertain_or_low_confidence,王哈那会穆斯林比基督徒文明多了,2026-03-19T12:02:19.574907Z
5709,1,0.7330580552419027,1,2026-02-28T05:39:36.407676Z,1,17482,3.24,2/1,uncertain_or_low_confidence,修女笑话基本就是纯粹的炫压抑笑话,2026-02-28T05:39:36.407701Z
7942,1,0.9055949052174886,1,2026-03-23T11:16:39.956177Z,1,18567,4.006,1/2,uncertain_or_low_confidence,哈哈哈！ 学基督好啊。如果能摆脱只知道吃喝交配这些畜生道的习气，那也能进入人天道啊。所有法皆是佛法。祝修行顺利！,2026-03-23T11:16:39.956203Z
898,1,0.8052545587221781,1,2026-02-03T00:18:51.212460Z,1,17993,4.697,1/2,uncertain_or_low_confidence,记得修女大多是没办法出嫁的贵族小姐，然后去修道院。,2026-02-03T00:18:51.212476Z
7052,1,0.8125957647959391,1,2026-03-19T12:08:34.491697Z,1,16151,2.271,2/1,uncertain_or_low_confidence,上帝看了这种东西不降下天火只能说明上帝根本不存在,2026-03-19T12:08:34.491714Z
7073,1,0.7827907204627991,1,2026-03-19T12:17:21.562231Z,1,16327,3.305,2/1,uncertain_or_low_confidence,//@陈政2006:基督教教化的结果。一旦成为主流精英阶层的文化，从世界各地来的各族文化（包括我们自以为能同化异族的中华文化）统统被边缘化。,2026-03-19T12:17:21.562247Z
6185,1,0.733331302801768,1,2026-03-14T10:41:51.892970Z,1,15993,22.434,1/2,uncertain_or_low_confidence,这不就是他们的圣经里面的神考验人类的小故事?好消息 索多玛还有十个义人 坏消息 九个不是正统的,2026-03-14T10:41:51.892992Z
7204,1,0.6139781475067139,1,2026-03-19T12:30:48.592950Z,1,18152,6.379,1/2,uncertain_or_low_confidence,正常，fate里面的教会的不少操作，拿到现实里来，任何一个十字教会都会认为是邪教的,2026-03-19T12:30:48.592971Z
1272,1,0.8588211337725321,1,2026-02-05T14:24:47.841136Z,1,17042,4.224,2/1,uncertain_or_low_confidence,圣经时代历史假的，耶稣定死十字架胡说八道，耶稣是我儿子完全虾扯蛋，罗马帝国复兴改下圣经，变成虾扯蛋圣经，变成神经，以色列时代没有真实时代，圣经辉煌历史虚构的。,2026-02-05T14:24:47.841153Z
5785,1,0.7567099730173746,1,2026-03-05T17:38:10.899276Z,1,16312,5.482,2/1,uncertain_or_low_confidence,"神父笑话兼顾了反权威.反教会.男同笑话.真实历史背书。
可修女上面四个全不沾，顶多编造点性压抑小故事或者放荡笑话。这种纯粹的ghs反而没有神父笑话那种建政味了",2026-03-05T17:38:10.899299Z
859,1,0.6702053348223368,1,2026-02-02T13:00:13.724800Z,1,17649,12.934,2/1,uncertain_or_low_confidence,#营销策略#一位商人拜访教皇，声称只要他肯改口一句话，就给100万元，教皇没答应。商人提价1000万，教皇拒绝。主教不解，教皇说：他要我们祷告完后，不讲阿门讲百事可乐，怎么可能？！此事很快不胫而走，商人目的达成。启示：最佳的策划不靠砸钱，而在于策划本身值得别人愿意免费为你宣传。,2026-02-02T13:00:17.727857Z
5497,1,0.8382213910420736,1,2026-02-26T14:25:34.213970Z,1,17335,3.802,1/2,uncertain_or_low_confidence,怎么？读两句圣经就可以不用下地狱，就可以上天堂了，就可以不死了？加入宗教组织就是有信仰了？,2026-02-26T14:25:34.213994Z
5753,1,0.9107556343078612,1,2026-03-05T17:34:15.230670Z,1,19022,18.968,3/0,consistent_hate_high_conf,坚决抵制和唾弃任何为恐怖分子，他们的行为让人发指，狗屁的圣战，让他们淹没在人民群众的汪洋唾沫星子当中！,2026-03-05T17:34:15.230684Z
3590,1,0.7371594309806824,1,2026-02-15T14:01:11.586529Z,1,18457,1987.292,1/2,uncertain_or_low_confidence,@上海人李�::文明是物质性的、生存的、基于欲望的；文化是精神性的、存在的，基于心灵的。中世纪的黑暗，文革式的野蛮，既剥夺欲望的合理性和生存的权利，又禁锢自由、摧残心灵、践踏文化。日常人生，要的是生存的权益；诗意存在，要的是思想、信仰、言论、写作、出版等等的人文创造的自由。,2026-02-15T14:01:11.586544Z
4425,1,0.772632360458374,1,2026-02-18T12:28:46.705218Z,1,16152,3.606,1/2,uncertain_or_low_confidence,为什么上帝不买A片看！因为人在做，天在看！[打哈气][打哈气],2026-02-18T12:28:46.705244Z
912,1,0.7958256403605143,1,2026-02-03T00:22:36.271377Z,1,15762,31.632,1/2,uncertain_or_low_confidence,我看着神父也是风韵犹存啊,2026-02-03T00:22:36.271392Z
1157,1,0.8201694885889689,1,2026-02-05T13:55:28.164706Z,1,17616,4.844,1/2,uncertain_or_low_confidence,當時的神棍？,2026-02-05T13:55:28.164723Z
5488,1,0.8612782756487528,1,2026-02-26T14:24:42.253679Z,1,19076,37.087,3/0,consistent_hate_high_conf,必须在第一次受到欺负的时候就灭了它们这群基督狗,2026-02-26T14:24:42.253710Z
894,1,0.6857872009277344,1,2026-02-03T00:18:33.650230Z,1,18587,3.559,1/2,uncertain_or_low_confidence,耶稣会没啥用，不如不发教，信仰本来就有个七折渠道，没有职业道德挣信仰的话，信仰就是拿来买平民单位的。发教本就是弯道超车，不能挣钱的发教没有意义，不用去走这个弯道,2026-02-03T00:18:33.650252Z
5847,1,0.6697285970052084,1,2026-03-05T17:47:15.369614Z,1,18175,8.965,2/1,uncertain_or_low_confidence,基督教、天主教，伊斯兰教有升官发财的供奉吗？其实佛教也没有。从信仰上把中国人的心搞乱才是有些人的本意，你们相信整天上网经常参加社交活动的法师真信佛吗？,2026-03-05T17:47:15.369635Z
2300,1,0.8388282457987467,1,2026-02-13T09:48:19.469561Z,1,18251,3.546,1/2,uncertain_or_low_confidence,神棍�盟[弱][弱][黑�],2026-02-13T09:48:19.469584Z
474,1,0.6441013216972351,1,2026-02-02T12:01:11.771769Z,1,15990,4.565,2/1,uncertain_or_low_confidence,不就是基督教吗，有啥好邪教的，大陆这边没人信才少见,2026-02-02T12:01:11.771785Z
1177,1,0.8406208952267965,1,2026-02-05T14:01:40.816600Z,1,18899,3.044,1/2,uncertain_or_low_confidence,虽然都是一个神，只要争的是解释权，实际上主要是教派内部在争解释权。,2026-02-05T14:01:40.816618Z
4394,1,0.7873555024464926,1,2026-02-18T11:19:18.919456Z,1,17307,3.866,2/1,uncertain_or_low_confidence,基层管理不到位，原本该有宗势力欠缺，乡镇年轻人外流，基督教这种以帮扶互助旗号的宗教势力自然会占据生态位,2026-02-18T11:19:18.919474Z
4191,1,0.6646157701810201,1,2026-02-18T06:10:03.313803Z,1,16108,95.696,1/2,uncertain_or_low_confidence,某人说：凡是腰封上写着仅次于圣经的书，都不值得看。。,2026-02-18T06:10:03.313823Z
2129,1,0.8629909157752991,1,2026-02-13T04:11:18.336936Z,1,16740,5.573,2/1,uncertain_or_low_confidence,你看到的不是圣经，是不懂圣经的人写的乱七八糟的文章,2026-02-13T04:11:18.336952Z
6154,1,0.6897939840952555,1,2026-03-14T10:33:00.655220Z,1,16259,5.958,1/2,uncertain_or_low_confidence,有是有，但人们蛐蛐教会的时候会想到很多时候修女是受害者啊（,2026-03-14T10:33:00.655278Z
7368,1,0.8561871647834778,1,2026-03-19T12:47:14.397721Z,1,16104,5.34,2/1,uncertain_or_low_confidence,要是哪天有个基督徒在跟你挣个输赢哒，估计你又得去找阿訇啦呐,2026-03-19T12:47:14.397742Z
3148,1,0.6854028105735779,1,2026-02-15T12:10:47.105236Z,1,18276,4.805,1/2,uncertain_or_low_confidence,洋人也过春节吗？不过。中国大部分人信基督吗？没有。那么同胞们啊，我们为什么要过圣诞呀？到底为什么啊？？？别劝我不要较真儿，别说只是为了找乐儿，长此以往，总有一天，我们会不再清楚自己的国籍。,2026-02-15T12:10:47.105258Z
1273,1,0.8015327254931132,1,2026-02-05T14:24:50.318410Z,1,18210,2.327,1/2,uncertain_or_low_confidence,发这种贴谁看？耶狗肯定不会看啊，等湖人耶狗们就出来了,2026-02-05T14:24:50.318432Z
7812,1,0.8688602646191915,1,2026-03-23T10:55:14.439342Z,1,16872,3.367,1/2,uncertain_or_low_confidence,"现在的网络环境感觉见到一个真正的圣母主角都不容易了呀
看到这条评论有感而发，想来讨基本称得上圣母主角的书。
当然也欢迎大家发点圣母婊的乐子主角
点击展开，查看完整图片",2026-03-23T10:55:14.439365Z
4450,1,0.7323201497395834,1,2026-02-18T12:29:58.018772Z,1,17732,4.863,2/1,uncertain_or_low_confidence,比较搞笑的是现在愿意给人提供帮助的天主教当初是刮民脂民膏最狠，当初反对天主教过度世俗化腐败而成立的新教，现在站在了当初天主教的地位上，历史果然是螺旋上升。,2026-02-18T12:29:58.018791Z
6133,1,0.8118079900741577,1,2026-03-14T10:30:27.175897Z,1,16193,5.789,2/1,uncertain_or_low_confidence,"你在哪个国家看到过基督教堂挨着伊斯兰清真寺？
但在中国的大街上，你会看到一条大街上左边建了一座天主教堂，右边人们正往圆顶的清真寺去做礼拜。要知道伊斯兰教和基督教侵略性都很强！
在中国的寺庙里面，你会看到左边摆的是佛教塑像，右边是穿着道袍举办仪式的道士。",2026-03-14T10:30:27.175917Z
4326,1,0.9358058571815492,1,2026-02-18T11:13:01.963392Z,1,17249,3.845,2/1,uncertain_or_low_confidence,从有记录的马可波罗1275年抵达中国，到清朝传教士入主我们朝廷的天文机构钦天监，西方人花了六百年左右偷师中华文化，然后消化吸收并篡改自己的历史！又从19世纪到现在，一直向中国及全世界灌输西方中心主义……还真是学透了我们的“愚公移山”精神，一点点渗透直至“崇洋”成为全球主流意识,2026-02-18T11:13:01.963416Z
5601,1,0.7986855109532675,1,2026-02-28T02:01:42.950662Z,1,18825,8.403,2/1,uncertain_or_low_confidence,后叮咚鸡时代基层控制减弱带来的一些问题，不过在内地问题不大，地下教会老登居多。但是在西北控制不能放弃一丝一毫，否则埃苏丹整的渗透就得爆点大的了,2026-02-28T02:01:42.950684Z
4295,1,0.7298789421717325,1,2026-02-18T11:10:11.767071Z,1,16654,7.422,1/2,uncertain_or_low_confidence,在东大这洪秀全是上帝二儿子。。。,2026-02-18T11:10:11.767093Z
2491,1,0.8066015243530273,1,2026-02-13T12:49:59.943792Z,1,16983,4.281,1/2,uncertain_or_low_confidence,传教士马布里说“我要感谢上帝给了我一个自我救赎的机会”。我们的价值观就这样在慢慢的被渗透着。,2026-02-13T12:49:59.943809Z
687,1,0.72730686267217,1,2026-02-02T12:49:06.215024Z,1,17836,38.437,1/2,uncertain_or_low_confidence,经典吹日本，连神道教都能吹起来。不知道日本基督教不盛行是因为日本图图基督徒过于彻底了吗？,2026-02-02T12:49:06.215039Z
2189,1,0.902946949005127,1,2026-02-13T05:58:22.775528Z,1,19035,7.042,3/0,consistent_hate_high_conf,联合国儿童权利委员发表调查报告，谴责罗马天主教廷的收养政策，称过去数十年里，许多天主教神父利用该政策，强奸和性骚扰了上万儿童。梵蒂冈方面表示“对于委员会试图干涉天主教廷教义的行为表示遗憾”。据说中国的基督徒绝大多数信的是新教，而不是天主教，不知道这两个教派的神有无区别？,2026-02-13T05:58:22.775552Z
1259,1,0.8243481119473776,1,2026-02-05T14:21:11.690927Z,1,17916,3.728,1/2,uncertain_or_low_confidence,国内只承认天主教爱国会吧？至于其他农村乡下各种咳咳教，我不好说。,2026-02-05T14:21:11.690945Z
2420,1,0.8029384215672811,1,2026-02-13T10:21:57.371044Z,1,15598,53.919,1/2,uncertain_or_low_confidence,在看   多美的故事     没有上帝的时光中     我也活在无助无知迷茫中    我是多么多么的幸运    得到这莫大的恩典[呵呵],2026-02-13T10:21:57.371061Z
7256,1,0.7287592093149821,1,2026-03-19T12:33:06.851332Z,1,17310,4.325,1/2,uncertain_or_low_confidence,哈哈，在汉人主体里诞生不了耶稣真主这种宗教的。是个神他就得有点用，没用就下岗,2026-03-19T12:33:06.851347Z
2172,1,0.7328584591547648,1,2026-02-13T05:35:43.428821Z,1,18681,4.567,2/1,uncertain_or_low_confidence,新段子开始了，哈哈．@黄柏松 @-谭诗利- @viennavirus //@酒中人zjs: 史上最牛官员！ //@高和:这人马上火了 //@铁翎: 真的假的？ //@常青田: 靠谱的政府亮了！[哈哈] //@赵耀民-呼吸: @园那个外 //@神棍皆傻逼左派多祸害: 最后一句是亮点,2026-02-13T05:35:43.428838Z
721,1,0.8738332192103068,1,2026-02-02T12:50:41.026545Z,1,18370,3.032,2/1,uncertain_or_low_confidence,国内的基督教这个词被抢注了，特指中特誓,2026-02-02T12:50:41.026560Z
3161,1,0.8181581298510233,1,2026-02-15T12:12:24.421013Z,1,15674,3.057,2/1,uncertain_or_low_confidence,主教疯狂打桩,2026-02-15T12:12:24.421032Z
6218,1,0.8075924118359884,1,2026-03-14T10:57:59.818893Z,1,19025,6.834,3/0,consistent_hate_high_conf,圣母会牺牲自己拯救他人，而且不损害他人利益，圣母婊也会牺牲自己拯救他人 但是会绑架所有人一起来成全自己的名声，更甚一点是直接牺牲他人来成全自己,2026-03-14T10:57:59.818912Z
488,1,0.9207407434781392,1,2026-02-02T12:01:51.009744Z,1,19006,3.896,3/0,consistent_hate_high_conf,我真快晕了，他们到底要强奸多少名人成基督徒？,2026-02-02T12:01:51.009766Z
770,1,0.8227435350418091,1,2026-02-02T12:55:05.139448Z,1,19010,19.9,3/0,consistent_hate_high_conf,就是那个蛋糕店好像是基督徒开的，拒绝给TXL提供蛋糕服务，后来被拒绝的TXL不服气告到奥黑驴那，强势让人家蛋糕店给他们提供服务，真是贱得很。,2026-02-02T12:55:05.139471Z
605,1,0.873205820719401,1,2026-02-02T12:40:03.706160Z,1,17361,3.765,1/2,uncertain_or_low_confidence,酷狗就像路边一条耶狗啊，一脚就踢死了,2026-02-02T12:40:03.706184Z
4428,1,0.7877815763155619,1,2026-02-18T12:28:54.368756Z,1,17786,3.205,2/1,uncertain_or_low_confidence,这么说的话罗马就在猎了，基督教一开始不也人嫌狗憎,2026-02-18T12:28:54.368776Z
4221,1,0.8611614306767782,1,2026-02-18T11:05:24.955170Z,1,16099,4.397,2/1,uncertain_or_low_confidence,佛教和基督教里有一个意思差不多的公案，叫：盲人引路，相牵入火坑。几千年前的人类就已经知道，这是一件多么愚痴而且危险的事了。呵呵,2026-02-18T11:05:24.955192Z
2518,1,0.8346230785051981,1,2026-02-13T13:14:08.711089Z,1,18442,141.321,2/1,uncertain_or_low_confidence,"沃尔科
15
——————————————
我透过面具观察着基督狗。
背地里用军用手势给女孩打着信号
“你有没有冰毒？”
为了保险起见，我用基督徒听不懂的日语再次重复了一边。
“あなたは覚せい剤？ ”
@浪漫冰兰",2026-02-13T13:14:17.542334Z
532,1,0.8572803735733032,1,2026-02-02T12:18:59.581364Z,1,17877,5.406,2/1,uncertain_or_low_confidence,你的意思是，让只会喊“安安，饿饿，饭饭”，离了米莉安饭都没得吃的米莉拉回到中世纪吗会饿死的吧,2026-02-02T12:18:59.581383Z
6140,1,0.8680380980173746,1,2026-03-14T10:31:28.683697Z,1,18316,2.674,2/1,uncertain_or_low_confidence,欧洲人民就是从脱离基督教这颗毒瘤的束缚才开始强大的,2026-03-14T10:31:28.683713Z
426,1,0.8720926443735758,1,2026-02-02T11:58:21.787811Z,1,18398,3.557,2/1,uncertain_or_low_confidence,那帮鸟人回到中世纪会活活饿死的罢……,2026-02-02T11:58:21.787827Z
6956,1,0.939358651638031,1,2026-03-19T11:41:46.863604Z,1,17192,6.974,2/1,uncertain_or_low_confidence,"上帝的脑残粉就信徒。
我们这些无神论者认为上帝是不存在的。

但是今天我看到信徒关于上帝是否存在的一段狡辩：我们认为上帝是完美的，又因为存在比不存在完美，所以上帝是存在的。就是说只要是完美的东西一定存在。

好有道理。",2026-03-19T11:41:46.863623Z
4310,1,0.834263543287913,1,2026-02-18T11:11:04.969991Z,1,17187,4.398,2/1,uncertain_or_low_confidence,支持，我不玩，送了就更大概率挨砍了，这耶狗就该砍废,2026-02-18T11:11:04.970011Z
2264,1,0.8759004473686218,1,2026-02-13T09:37:30.706857Z,1,16974,10.426,2/1,uncertain_or_low_confidence,//@李开复: 不理性的仇恨带来的悲剧，给他人也给自己。//@主持人杨锐: 又一个悲剧：传教士精神，和平队的化身。美国外交官在发展中国家一半的业务应该是牧师的职责，传递美利坚的福音。,2026-02-13T09:37:30.706879Z
6959,1,0.8970974286397299,1,2026-03-19T11:41:50.275617Z,1,19057,4.562,3/0,consistent_hate_high_conf,@包包狗头两基友 卖国贼不敢来此吧受死，你在那破吧叫的精疲力尽有个P用，能掩盖你卖国贼的本性？基督狗！,2026-03-19T11:41:55.612689Z
2452,1,0.659000019232432,1,2026-02-13T10:30:20.019249Z,1,15429,3.484,1/2,uncertain_or_low_confidence,基督教之前虽然也有一些瘟疫，但死亡人数最多几万。基督教之后，欧洲以及全球非常多次发生大规模瘟疫，每次都是死亡几千万到一亿。可以推论基督教给地球带来了诅咒，非常邪门。,2026-02-13T10:30:20.019267Z
365,1,0.7644607226053873,1,2026-02-02T11:47:20.522509Z,1,18563,9.196,2/1,uncertain_or_low_confidence,哥们你在那个评论区，我换个耶狗牌子骂你两句去到时候记得发个帖子,2026-02-02T11:47:26.044067Z
645,1,0.7539650996526083,1,2026-02-02T12:45:44.722586Z,1,16175,14.839,2/1,uncertain_or_low_confidence,"支教老师就是儒教传教士，现代更是大力推送孔子学院
另外儒教主要是向皇帝诸侯传教
而道教则是有点化一说。不像基督教那样逮住一个传教一个，而是看谁顺眼传教给谁。
同时这俩教都与汉文化中原强绑定，不太愿意向外族人传道",2026-02-02T12:45:44.722605Z
578,1,0.865123450756073,1,2026-02-02T12:34:39.219924Z,1,19034,9.171,3/0,consistent_hate_high_conf,适可而止，过了就不好 ，发展到人肉搜索恶意攻击就不好了 //@建业Number1:#圣战威武#支持正义的圣战！就该治治这些粉棒子的脑残！每个人都有粉的自由，粉可以，但不要爆神论，不要放弃治疗！要是以后我孩子粉鬼子，棒子的戏子，一天揍一顿，我可不想有个脑残孩子[哼],2026-02-02T12:34:39.219943Z
6304,1,0.7284637689590454,1,2026-03-14T11:16:47.524667Z,1,17833,15.53,1/2,uncertain_or_low_confidence,单身又不是不能do，等我十年后再回到拉古娜，菲比正好已经是26岁的成熟主教，压抑那么久性欲有多强我都不敢想，怕不是能把我坐死,2026-03-14T11:16:47.524681Z
5985,1,0.7807840903600057,1,2026-03-14T09:55:46.171015Z,1,15942,16.637,1/2,uncertain_or_low_confidence,md，本来想转发到群里，突然发现有个基督教的室友。哼😤,2026-03-14T09:55:46.171028Z
2232,1,0.7388526201248169,1,2026-02-13T06:06:14.861081Z,1,17759,4.523,1/2,uncertain_or_low_confidence,咱们不信上帝，而且这四个，有三个在东亚都没有啥市场占有率，也就是西方自己玩的罢了,2026-02-13T06:06:14.861104Z
2515,1,0.8448352018992106,1,2026-02-13T13:11:40.343494Z,1,18260,1.918,2/1,uncertain_or_low_confidence,耶稣打得过年兽吗,2026-02-13T13:11:40.343510Z
7817,1,0.8470955292383829,1,2026-03-23T10:55:28.161391Z,1,17475,2.483,2/1,uncertain_or_low_confidence,教会更差，由于工作我和很多教会的人接触过，牧师为首的吸血鬼罢了,2026-03-23T10:55:28.161409Z
4136,1,0.8737143874168396,1,2026-02-18T06:05:14.102100Z,1,16139,2.804,2/1,uncertain_or_low_confidence,说洪秀全胡搅蛮缠不如想想圣经是不是也胡搅蛮缠,2026-02-18T06:05:14.102118Z
5384,1,0.8357712626457214,1,2026-02-26T02:02:38.962979Z,1,16072,20.57,2/1,uncertain_or_low_confidence,佛教的逻辑基本是这样的，“你并不是真的恶毒、淫荡、吝啬、邪恶，你只是太蠢罢了，只要你肯用用脑子那还是有救的”。佛教真是一种从骨子里就高冷的宗教，耶稣还可以跟撒旦对掐，佛祖大概只会摸摸撒旦的头，叹一句：“唉，傻逼。”,2026-02-26T02:02:38.962995Z
3579,1,0.8488742510477701,1,2026-02-15T13:27:05.420669Z,1,15970,10.612,1/2,uncertain_or_low_confidence,一修女搭上神父的车，神父禁不住伸手摸修女雪白大腿，修女问：神父，你记得圣经129条写着什么吗？ 神父脸红急忙收手，回到教堂后迫不及待翻开圣经第129条，见上面写到；深入一点，你将得到无尽的荣耀！神父大呼：上帝呀，业务不熟将失去多少机会呀！ 同志们，要好好学习业务呀！,2026-02-15T13:27:05.420699Z
7991,1,0.8387889266014099,1,2026-03-23T11:21:40.936485Z,1,17691,1.912,1/2,uncertain_or_low_confidence,十字军特色,2026-03-23T11:21:43.906144Z
3289,1,0.7693313956260681,1,2026-02-15T12:38:18.532869Z,1,16893,7.023,1/2,uncertain_or_low_confidence,照这样看中世纪的欧洲人应该是不白，现代欧洲人已经被换过种了。,2026-02-15T12:38:18.532912Z
6318,1,0.7475371956825256,1,2026-03-14T11:20:19.639050Z,1,15205,2.746,1/2,uncertain_or_low_confidence,上帝最能吹的就是全知全能，但打了那么多年䃼丁也没有解决上帝悖论，挺多算是无限接近真全知全能的伪全知全能吧,2026-03-14T11:20:19.639081Z
639,1,0.8433438539505005,1,2026-02-02T12:45:03.437622Z,1,18501,3.828,1/2,uncertain_or_low_confidence,建议加入圣经,2026-02-02T12:45:03.437640Z
5326,1,0.823398212591807,1,2026-02-25T12:52:18.253509Z,1,15977,7.123,1/2,uncertain_or_low_confidence,职业道德的锤是凭空多出来的，耶稣会只是多了个信仰的购买渠道，,2026-02-25T12:52:18.253528Z
5655,1,0.9570607940355936,1,2026-02-28T05:36:23.100561Z,1,18876,5.013,2/1,uncertain_or_low_confidence,我好像在兰迪的书里面看到过这个名字，貌似害死不少脑残信徒,2026-02-28T05:36:23.100582Z
7377,1,0.8257632652918497,1,2026-03-19T12:47:44.811253Z,1,16631,6.009,1/2,uncertain_or_low_confidence,“政教合一”应该是中世纪欧洲黑暗史的重要原因。,2026-03-19T12:47:44.811264Z
635,1,0.7325919270515442,1,2026-02-02T12:41:34.820190Z,1,16813,2.18,2/1,uncertain_or_low_confidence,美国基督徒都破大防了大殖子还搁这赢呢,2026-02-02T12:41:34.820209Z
656,1,0.556763748327891,1,2026-02-02T12:46:22.099089Z,1,16591,3.329,1/2,uncertain_or_low_confidence,哦？教会只有女人是吧？什么合欢宗,2026-02-02T12:46:22.099108Z
6988,1,0.7834912339846293,1,2026-03-19T12:02:24.465762Z,1,18801,4.701,1/2,uncertain_or_low_confidence,额，我昨天刚听别人说是因为一些不能说的秘密，如果被披露会震荡整个天主教世界。所以他不得不选择退位。想想这是教廷历史上600年来的第一次，就知道背后的事件有多么大。。。。了,2026-03-19T12:02:24.465788Z
4072,1,0.7850188612937927,1,2026-02-18T04:35:51.473360Z,1,17880,2.71,1/2,uncertain_or_low_confidence,伪基督们在造势了,2026-02-18T04:35:51.473379Z
616,1,0.7101149161656698,1,2026-02-02T12:40:44.848600Z,1,16480,8.513,1/2,uncertain_or_low_confidence,佛珠本无法力，人们需要免罪卷，便开始讲究起来，仿佛以此就能得心安。心中有佛，日月星辰、一草一木都能带来平静，不安，岂能是日日跪拜就可以抚慰的？基于此，马丁路德才开始宗教改革，但在东方，每每看到虚伪的大师布道，我只会想一件事，他们一定智商很低吧，没有顿悟的能力，就敢不知畏地大放阙词,2026-02-02T12:40:44.848615Z
443,1,0.8381344477335612,1,2026-02-02T11:59:24.703443Z,1,15621,13.738,1/2,uncertain_or_low_confidence,也就针对满清的时候想起来河南是汉地之一了，河南这些年的发展有目共睹，农村人打工一年见不到两次面，被留在家里的老人孤独了、生病了、料理后事没人管怎么办？河南人又不是傻，入个教会生病了能互助，死了教会安排也不花钱，但凡天上有人想起河南一次也不至于这样😅,2026-02-02T11:59:24.703458Z
3573,1,0.7907604575157166,1,2026-02-15T13:26:35.227998Z,1,15672,3.154,1/2,uncertain_or_low_confidence,跟随主耶稣！[呵呵],2026-02-15T13:26:35.228024Z
403,1,0.7053738037745158,1,2026-02-02T11:56:03.695671Z,1,17764,7.747,2/1,uncertain_or_low_confidence,没准儿是约好了来砍你的。让我们放下教义的争论，宰了预言之屑先,2026-02-02T11:56:03.695690Z
686,1,0.8373901844024658,1,2026-02-02T12:48:27.584834Z,1,19162,6.185,0/3,consistent_non_hate,上帝喜欢努力的人，除了那一个努力去找借口的人。,2026-02-02T12:48:27.584848Z
1200,1,0.7731428146362305,1,2026-02-05T14:02:44.537528Z,1,18083,4.537,1/2,uncertain_or_low_confidence,#律问#宗教哪个离人最近？佛教！哪个离人最远？基督教！,2026-02-05T14:02:44.537553Z
4497,1,0.890127420425415,1,2026-02-18T12:38:36.288380Z,1,17545,2.921,2/1,uncertain_or_low_confidence,耶稣身上还有一个庄子（狗头）,2026-02-18T12:38:36.288405Z
3200,1,0.9210830529530843,1,2026-02-15T12:27:27.041543Z,1,15920,4.98,2/1,uncertain_or_low_confidence,"米桑特有的文化夏季吧挪用。还记得芙宁娜宣传图上“众水众方众民与众律法的女王”，居然化用的是圣经中批判大银芙的话🤣和枫丹城奇妙的罗马风味巧妙的相驳斥🤣
点击展开，查看完整图片

点击展开，查看完整图片",2026-02-15T12:27:27.041556Z
2359,1,0.9191376169522604,1,2026-02-13T10:08:23.398708Z,1,18997,4.5649999999999995,3/0,consistent_hate_high_conf,神棍们为了聚财满足自己超越九位数的财富生活，基本都会洗脑控制教徒，在教义里写着虚伪的话语,2026-03-05T22:43:15.066530Z
