index,original,back_translated,path
13,>>112 の在日の統一教会自演信者はいつ自殺するの,>>112で言及されている、自称統一教会信者の在日韓国人はいつ自殺するのでしょうか？,en
9,そもそも聖書の神が悪魔。冗談抜きで それが事実だから人を苦しめた者ほど富を蓄え賞賛される世の中になった。,聖書の神は、実は悪魔だ。冗談抜きで、これは真実だ。だからこそ、他人を苦しめる者が富を蓄え、この世で称賛されるのだ。,en
1,キリスト教の崩壊聖書。。,キリスト教崩壊の聖書。,en
7,>>81 wwwwwwwwwwwwwwwwww なんで泡沫カルト団体の洗脳を受けた末端信者が、キリスト教スレでキリスト者を仕切ろうとすんの？,>>81 笑 なぜ、過激なカルトに洗脳された低レベルの信者が、キリスト教のスレッドでキリスト教徒に命令しようとしているのか？,en
11,統一教会はただの宗教団体ではなく、カルト集団だから オウム真理教と同じ 日本の古くからの宗派とは違う,統一教会は単なる宗教団体ではなく、オウム真理教のようなカルト集団であり、日本の古い宗教宗派とは異なる。,en
15,>>92 キリストがやったわけじゃないぞ ヤハウェのせい ヤハウェは普通に暴力的だぞ,>>92 キリストがやったのではない。ヤハウェのせいだ。ヤハウェは普段から暴力的だ。,en
6,現代のキリスト教では人間イエスが存在したことは実証できないという立場から 信仰が成り立っているはずなんだが もし、イエスが実在した証拠がある！という事をいう神父・牧師が居たら注意したほうが良いね カルト化してるかもしれない,現代キリスト教は、イエスという人間の存在は証明できないという前提に基づいているとされています。しかし、イエスが実在した証拠を持っていると主張する司祭や牧師に出会った場合は、注意が必要です。彼らはカルト集団の一員である可能性があります。,en
17,> すべてのキリスト教徒は最終的に「異邦人をどのように迎え入れたか」 > によって裁かれるという、カトリックの信仰を改めて強調した。 先住民を皆殺しにしたアメリカのキリスト教徒は 全員地獄行きなんじゃないでしょうか、教皇,彼は、すべてのキリスト教徒は最終的に「異邦人をどのように受け入れたか」によって裁かれるというカトリックの信仰を改めて述べた。教皇よ、先住民を虐殺したすべてのアメリカ人キリスト教徒は地獄に落ちるべきではないのか？,en
0,"校門前での聖書配布にクレーム？ | もーちゃんの部屋 << なおも続くネグレクト親娘に治療法は？ | main | ビンボー万歳！ >> at 13:15, もーちゃん, 希望の光 at 13:15, スポンサードリンク, - url:http://shalomochan.jugem.jp/trackback/1599",学校の門前での聖書配布に苦情？ | もーちゃんの部屋 << 育児放棄の母娘への対処法は？ | メイン | 貧困万歳！ >> 13:15、もーちゃん、希望の光 13:15、スポンサーリンク、 - url:http://shalomochan.jugem.jp/trackback/1599,en
4,聖書のイエスのエピソード 結局は全てが 理解できない奴に何かを教える それはスゲー手間だという そんな話だよね まあ奇跡だけは普通では無い それは物理的だから理解できるみたいな 精神的な理解度は正直いって無いよな 俺は理解できるし選ばれているから良かった,聖書に記されたイエスの物語は、結局のところ、理解できない人に何かを教えるのは非常に難しいということに尽きる。奇跡は確かに並外れた出来事であり、物理的なものなので理解できるが、正直なところ、そこから真の霊的な理解を得ることはできない。私は幸運にも奇跡を理解できるし、そのために選ばれたのだ。,en
8,子供の育児放棄を屁とも思わない山神母親はまさに母親の姿をしたキラーマシーンに映ったことだろう 統一教会と萩生田隆一を地獄に送ることができるのは我々しかいない！！ 高市を地獄へ！萩生田小泉竹中を叩き潰せ！！,自分の子供を顧みないことを何とも思わない母親、山上さんは、私には母親の姿をした殺人マシーンのように見えたに違いない。統一教会と萩生田隆一を地獄に送れるのは私たちだけだ！高一を地獄に送れ！萩生田、小泉、竹中を粉砕せよ！,en
2,>>18 どうでも良いけどね キリスト者の目的は邪悪なる悪霊の栖雲居士を 撃ち破る事ではありません。又それで神の栄光 が現れるわけでもありません。 何を言っているんですか、スレ乱立の責任を取っ てね,>>18 私は特に気にしませんが、キリスト教徒の目的は悪霊セイウン・コージを倒すことではありません。また、そうすることで神の栄光が明らかにされることもありません。何を言っているのですか？こんなにたくさんのスレッドを作った責任を取ってください。,en
10,表向きは普通の聖人だが、キリスト教会にはそういう裏がある。,彼は表面的にはごく普通の聖人のように見えるかもしれないが、キリスト教会にはそういう暗い側面があるのだ。,en
18,イエスの存在証明はイエスを救世主として信じる人間にとってのみ意味がある しかし、クリスチャンの世界では（異端は除く）証明できないとされている 従って「イエスは居なかった」 それ以上、非クリスチャンが語ることなど微塵も残されていない こんな簡単なこともわからない人が何を「論」じることが出来るの？ 出来ないよね,イエスの存在の証明は、彼をメシアとして信じる者にとってのみ意味を持つ。しかし、キリスト教世界（異端を除く）では、彼の存在を証明することは不可能だと考えられている。したがって、「イエスは存在しなかった」。非キリスト教徒がこれ以上言うことは何もない。これほど単純なことを理解できない人が、一体何を「議論」できるというのだろうか？できないはずだ。,en
3,天から選ばれないと キリスト教じゃないのに みんなアホでバカだよな 何故にこんなキチガイが集団なんだろな 自分から人間に生まれるのに もっと巨大な力が働いてるからだ 洗礼受けたから聖書に詳しいから 何故にその力を手に入れて 救いに近いと勘違いしてるんだろうな 預言者やイエスレベルじゃないと救いじゃないんだよバカども気付け アホども,天に選ばれていないならクリスチャンではない、つまり皆馬鹿で愚か者だ。なぜ集団の中にこんなに狂人が多いのか？ 人間として生まれることは自分で選ぶが、もっと大きな力が働いている。洗礼を受けて聖書を知っているからといって、なぜ自分がその力を得て救いに近づいたと勘違いするのか？ 預言者やイエスのレベルに達していない限り、お前ら馬鹿はそれを理解する必要がある。愚か者め。,en
5,勿論言わずもがなで壺は超汚染銭ゲバクソカルトなのは間違いないし 取り潰して今後全面活動禁止しろって個人的見解ではあるがｗ 山上による暗殺なんてもってのほかだけど ただ、山上愚母って山上の伯父が弁護士で壺から寄付を返還させても 一向に懲りず戻った額をまた性懲りもなく寄進して元の木阿弥状態だったというし 宗教法人への寄進寄付額の制限は必要だけど、ここまで無自覚で感覚がぶっ壊れてると 果たしてそれで済むものか…？そりゃ壺の教義や体質が銭金至上主義で腐りきってるから潰すことに全く異論も躊躇もないがｗ でもさあ，壺が他の件のように程なくして痴呆症と診断された老女に漬け込んで誑かしてとか 脅迫強要や監禁や身の危険が及ぶとか諸々の壺による犯罪行為によるものならまだしも となるとまあ、宗教法人への個人への寄進寄付額の制限とか 家族の共有財産とかに対する無断処分使用の制限とかそのあたりも求められてくるけど 結局のところ山上愚母が自己の欲求や精神的充足快楽を満たす目的という結局は浪費目的の何物でもないってのが元凶だし 本人が自覚して反省し脱会と今後の改善克服を強く決意し努力しない限り そうなるとどうしても個人の権利とかの大幅な制限が不可欠で不可避となるわな 本人が納得した上でならいいけど、まず強く拒否るだろうし そうなったら家族親族が申し立てて後見人制度的にするにしても 医療、司法、行政の認定が不可欠だし、ふん縛って強制的に連れて行って医療機関でも果たして認定出るかどうか？ 壺とかのカルトのみならまだしも、改名してるしトンネルやダミー的にマネロンしても抜け道たくさんあるだろうし 全般的に資産の凍結とか使い道や額の大幅制限を課したりの範囲はどの程度か 認定とかはどこがして、後見人的にするには管理とかは誰がするのかとか 結構それはそれで特例にすると面倒くさいことになってはきそうではある カルトのみってだけじゃなく、他の浪費系とか博打や投資大損とかそういうのにも適用しろってなるかも 壺に関しては、まあ強化変則破防法的に反社組織認定すりゃ、反社に資金流入禁止なってストップはかけやすくなるだろうけどｗ,もちろん、ツボが極めて腐敗した金儲け主義の汚いカルトであることは言うまでもなく、個人的には閉鎖して今後の活動をすべて禁止すべきだと思う（笑）。ヤマガミによる暗殺は論外だが、どうやらヤマガミの母親の叔父は弁護士で、ツボから寄付金を取り戻した後も全く反省せず、恥知らずにも返還した金額を再び寄付し、振り出しに戻してしまったらしい。宗教団体への寄付額に制限を設けることは必要だが、これほど無知で道徳観が崩壊している人に対して、それで本当に十分なのだろうか…？もちろん、教義や本質が金儲け主義で根底から腐っているカルトを閉鎖することに異論も躊躇もありません。しかし、認知症と診断された高齢女性につけ込んだり、脅迫、強制、監禁、生命の危険にさらすなど、カルトによる様々な犯罪行為が原因であれば話は別です。そうでない場合は、個人が宗教団体に寄付できる金額を制限したり、家族の財産を無断で使用・処分することを制限したりといった対策を検討する必要があります。しかし、根本的な原因は、山上さんの愚かな母親が自分の欲望と精神的な満足だけを追求し、浪費に走っていることです。彼女がそれに気づき、反省し、カルトを脱退して将来的に自己改善することを強く決意しない限り、彼女の権利を大幅に制限することは避けられず、必要となるでしょう。彼女が同意してくれれば良いのですが、おそらく強く拒否するでしょう。その場合、たとえ家族や親族が後見制度を申請したとしても… 医療、司法、行政上の証明書が不可欠だが、たとえ強制的に没収されて拘束されたとしても、医療機関による証明書を発行してもらえるだろうか？ 壺の件のようなカルトであれば対処可能かもしれないが、彼らは名前を変え、トンネルやダミー口座を使った資金洗浄の抜け穴がたくさんある。資産をどの程度凍結し、使用や金額を大幅に制限すべきだろうか？ 証明書の発行責任者は誰で、後見人に任命された場合は誰が管理するのだろうか？ 例外を設けると多くの問題が生じるように思える。カルトに限らず、他の浪費、ギャンブル、巨額の投資損失にも適用できるかもしれない。壺の件については、強化改正された反社会活動防止法の下で反社会組織に指定されれば、反社会組織への資金の流れを止めやすくなるだろう。,en
19,キリスト教の指導者たちは実は神の存在を信じていない唯物論者だと言う方々がいますが、彼らも弱い人間であり、 異教徒や無神論者より恩恵、ご利益をいただきたいと願っており、死後は天国に行きたい、死んだら意識も何も残らなくなるなんてのは嫌だと思っていますよ ただ聖書の内容を文字通り信じていない（普通の人間が素直に信じられるはずがない）のに神から少しでも認められたい動機で教団を運営しているだけです 原罪とか言っていながら自分の罪にはすごく甘い。十字架による安易な罪の許しはかえって世界に罪悪を広めてしまう。もちろん自分の罪を真剣に考えより清い生き方を志す人たちもいるだろうが、この人たちも自分の仲間がそこまで堕落した人間だと信じていないから余計にタチが悪い キリスト教の歴史は失敗の連続で、日本国民全体ではマイノリティになるだけなのに、本心では信じていない宗教を無理に宣伝することがそもそもの間違いだったのです。人も自分も救えないことが罪です イスラエルとガザの戦禍の中にいる人が「神さまの糞ったれ。俺たちが不幸なのはあんたのせいだ」と言われて神が腹を立てて罰するようであれば、そんな狭量な神に人類を裁く資格なんてないし人間の側が神を追い出さねばならない,キリスト教の指導者の中には、実際には神を信じない唯物論者だと言う人もいますが、彼らもまた、非信者や無神論者よりも多くの祝福や恩恵を受けたいと願う弱い人間であり、死後天国に行きたい、死後意識が何も残らないことを望まないのです。彼らは聖書の内容を文字通りに信じているわけではなく（一般の人々がそれを容易に信じることは不可能です）、神に少しでも認められたいという願望から組織を運営しています。彼らは原罪について語りますが、自分自身の罪には非常に寛容です。十字架を通して罪が簡単に赦されることは、罪を世界に広めるだけです。もちろん、自分の罪を真剣に考え、より清らかな生活を送ろうと努力する人もいますが、そのような人々は、自分の仲間がそれほど堕落しているとは信じていないため、さらに悪いのです。キリスト教の歴史は失敗の連続であり、たとえ日本人の中で少数派になるだけであっても、人々が真に信じていない宗教を強制的に広めようとしたこと自体が最初から間違いだった。罪とは、自分自身や他者を救えないことだ。イスラエルとガザの戦争の最中に誰かが「神はろくでなしだ。私たちが不幸なのはお前のせいだ」と言い、神が怒ってその人を罰したとしたら、そのような狭量な神には人類を裁く権利はなく、人類こそが神を追い出すべきなのだ。,en
16,>>1 統一教会入って何一ついいこと無かったどころか 長男自殺 次男殺人者 長女もおかしいし、悪い事ばかりだね 統一教会は潰すべきだね バカパヨクが「山上様を非難する奴は壺！」つって自分の都合の悪い人間は統一教会信者という事にして 山上を庇おうとしているけど 普通のまともな人なら「テロリストの山上は死刑にして統一教会は潰せ」と思っている,>>1 統一教会に入信して良いことは何もなかっただけでなく、長男は自殺し、次男は殺人犯になり、長女も変人なので、悪いことばかりだ。統一教会は滅ぼされるべきだ。愚かな左翼は「山神を批判する者は誰でもバカだ！」と言って、自分たちにとって都合の悪い者を統一教会員とレッテルを貼って山神を守ろうとしているが、まともな人間なら「テロリストの山神には死刑を、統一教会は滅ぼされるべきだ」と考えるだろう。,en
14,神の国の働き人｜私ではなくキリストⅢ（東洋からの風の便りII） Home > ブログ > 神の国の働き人 全信者をプロレタリア化してこの世の堕落したバビロン体系に仕える奴隷とするプロテスタントの誤った理念から、愛する御子キリストの支配の中へのエクソダス PR 死人を葬ることは死人に任せなさい―肉による情愛や、弱者救済を口実に、エクレシアにこの世を公然と持ち込むプロテスタントの偽牧師たち ―,神の国の働き人 | キリスト、私ではない III (東方からのメッセージ II) ホーム > ブログ > 神の国の働き人 すべての信者をこの世の腐敗したバビロニア体制に仕えるプロレタリアートと奴隷に変えてしまうという誤ったプロテスタントのイデオロギーから、愛する御子キリストの支配へと脱出する PR 死者の埋葬は死者に任せよ ― 肉欲と弱者の救済を口実に、この世を公然と教会に持ち込むプロテスタントの偽牧師たち ―,en
12,あの世の霊がタメに俺を相手してくれるからな 生きてる我々みたいな人間とか下層なんだよな まあ、いわゆるドブ川内での魚の競い合いみたいな 下界の中で カトリックだから洗礼受けたとかを理由に 怒りの子みたいに差別意識を持ち生きる 無職引きこもりのクズが 余り笑わすなよ君たち いい加減にしろよ,死後の世界の精霊たちは、自分たちのためにも私を我慢してくれている。私たちのような生きている人間は社会の最底辺にいる。まるで汚水が流れる川で魚を奪い合うようなものだ。この下界では、カトリック教徒で洗礼を受けたというだけで、怒りっぽい子供のように差別的な態度をとる、失業して引きこもりの負け犬どもが、私を笑わせることはない。もううんざりだ。,en
1,キリスト教の崩壊聖書。。,キリスト教の崩壊聖書。 。,ko
9,そもそも聖書の神が悪魔。冗談抜きで それが事実だから人を苦しめた者ほど富を蓄え賞賛される世の中になった。,もともと聖書の神が悪魔。冗談を除いてそれが事実なので、人をいじめた者だけ富を祝い、褒められる世界になった。,ko
13,>>112 の在日の統一教会自演信者はいつ自殺するの,>>112の在日統一教会自然信者はいつ自殺する,ko
15,>>92 キリストがやったわけじゃないぞ ヤハウェのせい ヤハウェは普通に暴力的だぞ,>>92 キリストがやったわけではありません。,ko
11,統一教会はただの宗教団体ではなく、カルト集団だから オウム真理教と同じ 日本の古くからの宗派とは違う,統一教会は単なる宗教団体ではなくカルト集団なので、オウム真理教のようです。日本の昔の宗派とは違います。,ko
4,聖書のイエスのエピソード 結局は全てが 理解できない奴に何かを教える それはスゲー手間だという そんな話だよね まあ奇跡だけは普通では無い それは物理的だから理解できるみたいな 精神的な理解度は正直いって無いよな 俺は理解できるし選ばれているから良かった,聖書のイエスのエピソード結局、すべてが理解できない奴に何かを教える。それはすげ苦労というそんな話だ。まあ奇跡だけは普通ではない。,ko
2,>>18 どうでも良いけどね キリスト者の目的は邪悪なる悪霊の栖雲居士を 撃ち破る事ではありません。又それで神の栄光 が現れるわけでもありません。 何を言っているんですか、スレ乱立の責任を取っ てね,>>18 どうしてもいいですが、キリスト者の目的は邪悪な悪霊の雲の挙事を撃破することではありません。また、神様の栄光が現れるわけでもありません。何を言っていますか？,ko
10,表向きは普通の聖人だが、キリスト教会にはそういう裏がある。,前面は普通の大人だが、キリスト教会にはそのような裏面がある。,ko
0,"校門前での聖書配布にクレーム？ | もーちゃんの部屋 << なおも続くネグレクト親娘に治療法は？ | main | ビンボー万歳！ >> at 13:15, もーちゃん, 希望の光 at 13:15, スポンサードリンク, - url:http://shalomochan.jugem.jp/trackback/1599",校門の前で聖書の配布に請求？ |モちゃんの部屋 << また続くネグレクト親娘への治療法は？ |メイン|ビンボ万歳！ >> at 13:15、Mo Chan、希望の光at 13:15、スポンサードリンク、 - url：http://shalomochan.jugem.jp/trackback/1599,ko
8,子供の育児放棄を屁とも思わない山神母親はまさに母親の姿をしたキラーマシーンに映ったことだろう 統一教会と萩生田隆一を地獄に送ることができるのは我々しかいない！！ 高市を地獄へ！萩生田小泉竹中を叩き潰せ！！,子どもの子育て放棄をごみとも思わない山上母親は、まさに母の姿をしたキラーマシンに映ったのだろう統一教会と萩田龍一を地獄に送れるのは私たちしかない！ ！高志を地獄に！萩古田小泉竹中を叩いて捕まえろ！ ！,ko
17,> すべてのキリスト教徒は最終的に「異邦人をどのように迎え入れたか」 > によって裁かれるという、カトリックの信仰を改めて強調した。 先住民を皆殺しにしたアメリカのキリスト教徒は 全員地獄行きなんじゃないでしょうか、教皇,>すべてのクリスチャンは、最終的に「異邦人をどのように歓迎したのか」>によって審判されるというカトリック信仰を再び強調した。先住民をすべて殺したアメリカのクリスチャンは、すべて地獄に行くのではないでしょうか、教皇,ko
6,現代のキリスト教では人間イエスが存在したことは実証できないという立場から 信仰が成り立っているはずなんだが もし、イエスが実在した証拠がある！という事をいう神父・牧師が居たら注意したほうが良いね カルト化してるかもしれない,現代キリスト教では人間イエスが存在したことを実証できないという立場で信仰が成立しているはずですが、もしイエスが実在した証拠がある！ということを言う花嫁・牧師がいれば注意するほうがいいカルト化しているかもしれない,ko
7,>>81 wwwwwwwwwwwwwwwwww なんで泡沫カルト団体の洗脳を受けた末端信者が、キリスト教スレでキリスト者を仕切ろうとすんの？,>>81 wwwwwwwwwwwwwwwwww なぜ泡カルト団体の洗脳を受けた末端信者が、キリスト教スレでキリスト者を分けようとするのか？,ko
18,イエスの存在証明はイエスを救世主として信じる人間にとってのみ意味がある しかし、クリスチャンの世界では（異端は除く）証明できないとされている 従って「イエスは居なかった」 それ以上、非クリスチャンが語ることなど微塵も残されていない こんな簡単なこともわからない人が何を「論」じることが出来るの？ 出来ないよね,イエスの存在の証明は、イエスを救世主として信じる人間にのみ意味があります。しかしクリスチャンの世界では（異端は除く）証明できないとされている。したがって、「イエスはいませんでした」。できません。,ko
3,天から選ばれないと キリスト教じゃないのに みんなアホでバカだよな 何故にこんなキチガイが集団なんだろな 自分から人間に生まれるのに もっと巨大な力が働いてるからだ 洗礼受けたから聖書に詳しいから 何故にその力を手に入れて 救いに近いと勘違いしてるんだろうな 預言者やイエスレベルじゃないと救いじゃないんだよバカども気付け アホども,空から選ばないとキリスト教じゃないけどみんな愚かだななぜこんな吉祥がこの集団なのだろう。預言者やイエスでなければ救いではありません。,ko
14,神の国の働き人｜私ではなくキリストⅢ（東洋からの風の便りII） Home > ブログ > 神の国の働き人 全信者をプロレタリア化してこの世の堕落したバビロン体系に仕える奴隷とするプロテスタントの誤った理念から、愛する御子キリストの支配の中へのエクソダス PR 死人を葬ることは死人に任せなさい―肉による情愛や、弱者救済を口実に、エクレシアにこの世を公然と持ち込むプロテスタントの偽牧師たち ―,神の国の労働者|私ではなくキリストIII（東洋の風のお知らせII）,ko
16,>>1 統一教会入って何一ついいこと無かったどころか 長男自殺 次男殺人者 長女もおかしいし、悪い事ばかりだね 統一教会は潰すべきだね バカパヨクが「山上様を非難する奴は壺！」つって自分の都合の悪い人間は統一教会信者という事にして 山上を庇おうとしているけど 普通のまともな人なら「テロリストの山上は死刑にして統一教会は潰せ」と思っている,>>1 統一教会に入ってひとつひとつ良いことなかったこんにちは長男自殺次男殺人者長女も不思議で、悪いことばかりで統一教会は崩れなければならない山上は死刑にして統一教会は崩す」と考えている,ko
5,勿論言わずもがなで壺は超汚染銭ゲバクソカルトなのは間違いないし 取り潰して今後全面活動禁止しろって個人的見解ではあるがｗ 山上による暗殺なんてもってのほかだけど ただ、山上愚母って山上の伯父が弁護士で壺から寄付を返還させても 一向に懲りず戻った額をまた性懲りもなく寄進して元の木阿弥状態だったというし 宗教法人への寄進寄付額の制限は必要だけど、ここまで無自覚で感覚がぶっ壊れてると 果たしてそれで済むものか…？そりゃ壺の教義や体質が銭金至上主義で腐りきってるから潰すことに全く異論も躊躇もないがｗ でもさあ，壺が他の件のように程なくして痴呆症と診断された老女に漬け込んで誑かしてとか 脅迫強要や監禁や身の危険が及ぶとか諸々の壺による犯罪行為によるものならまだしも となるとまあ、宗教法人への個人への寄進寄付額の制限とか 家族の共有財産とかに対する無断処分使用の制限とかそのあたりも求められてくるけど 結局のところ山上愚母が自己の欲求や精神的充足快楽を満たす目的という結局は浪費目的の何物でもないってのが元凶だし 本人が自覚して反省し脱会と今後の改善克服を強く決意し努力しない限り そうなるとどうしても個人の権利とかの大幅な制限が不可欠で不可避となるわな 本人が納得した上でならいいけど、まず強く拒否るだろうし そうなったら家族親族が申し立てて後見人制度的にするにしても 医療、司法、行政の認定が不可欠だし、ふん縛って強制的に連れて行って医療機関でも果たして認定出るかどうか？ 壺とかのカルトのみならまだしも、改名してるしトンネルやダミー的にマネロンしても抜け道たくさんあるだろうし 全般的に資産の凍結とか使い道や額の大幅制限を課したりの範囲はどの程度か 認定とかはどこがして、後見人的にするには管理とかは誰がするのかとか 結構それはそれで特例にすると面倒くさいことになってはきそうではある カルトのみってだけじゃなく、他の浪費系とか博打や投資大損とかそういうのにも適用しろってなるかも 壺に関しては、まあ強化変則破防法的に反社組織認定すりゃ、反社に資金流入禁止なってストップはかけやすくなるだろうけどｗ,もちろん言わなくても金田壺は超汚染前カニカソカルトなのは間違いなくつかんで今後全面活動禁止しろと個人的見解だがｗ一方に徴収せず帰ってきた額をまた性徴もなく起きて元のモクアミ状態だったとし、宗教法人への寄附寄付額の制限果たしてそれで終わるのか…。 ？それなら壺の教義と体質が金銭地上主義で腐って崩壊することに全く理論も躊躇もないがｗでも、壺が他のもののようにしばらくして認知症と診断された老女に浸して脅迫強要や監禁や身体の危険が及ぶのかいろいろもしあれば宗教法人への個人への寄附寄付額の制限とか家族の共有財産とかに対する無断処分使用の制限とかその辺りも求められてくる。脱会と今後の改善克服を強く決議して努力しない限り、そうなればどうしても個人の権利とかかなりの制限が本人が納得した後であれば良いが、まず強く拒否するだろうし、そうなれば家族親族が提起して後見人制度的にするようにしても医療、司法、行政家の認定、機関でも果たして認め出るのか？瓶とかのカルトだけならまだ、改名していてトンネルやダミー的にマネロンしても抜ける道が多いだろう 全体的に資産の凍結とか使用度や額の大幅制限を課したりの範囲はどの程度か認めとかどこがして、後見人的にするにはそれとか面倒になってしまいそうだ。,ko
12,あの世の霊がタメに俺を相手してくれるからな 生きてる我々みたいな人間とか下層なんだよな まあ、いわゆるドブ川内での魚の競い合いみたいな 下界の中で カトリックだから洗礼受けたとかを理由に 怒りの子みたいに差別意識を持ち生きる 無職引きこもりのクズが 余り笑わすなよ君たち いい加減にしろよ,その世の霊がタメに私を相手にしてくれるから、生きている私たちのような人間とか下層だなあ、とても笑わないでください。,ko
1,キリスト教の崩壊聖書。。,キリスト教崩壊の聖書。,fr
19,キリスト教の指導者たちは実は神の存在を信じていない唯物論者だと言う方々がいますが、彼らも弱い人間であり、 異教徒や無神論者より恩恵、ご利益をいただきたいと願っており、死後は天国に行きたい、死んだら意識も何も残らなくなるなんてのは嫌だと思っていますよ ただ聖書の内容を文字通り信じていない（普通の人間が素直に信じられるはずがない）のに神から少しでも認められたい動機で教団を運営しているだけです 原罪とか言っていながら自分の罪にはすごく甘い。十字架による安易な罪の許しはかえって世界に罪悪を広めてしまう。もちろん自分の罪を真剣に考えより清い生き方を志す人たちもいるだろうが、この人たちも自分の仲間がそこまで堕落した人間だと信じていないから余計にタチが悪い キリスト教の歴史は失敗の連続で、日本国民全体ではマイノリティになるだけなのに、本心では信じていない宗教を無理に宣伝することがそもそもの間違いだったのです。人も自分も救えないことが罪です イスラエルとガザの戦禍の中にいる人が「神さまの糞ったれ。俺たちが不幸なのはあんたのせいだ」と言われて神が腹を立てて罰するようであれば、そんな狭量な神に人類を裁く資格なんてないし人間の側が神を追い出さねばならない,キリスト教の指導者たちは事実、神様の存在を信じない唯物論者という方々がいますが、彼らも弱い人間であり、異教徒や無神論者よりも恩恵、利益をいただきたい、死後は天国に行きたい、死ぬと意識も何も残らなくなるとは思えない。正直信じられるはずがないのですが、神様から少しでも認められたい動機で教団を運営しているだけです。原罪とか言いながら、自分の罪にはとても甘い。十字架による安易な罪の許しは、むしろ世界に罪悪を広げる。もちろん自分の罪を真剣に考えるよりきれいな生活様式を意味する人もいるだろうが、この人たちも自分の仲間がそこまで堕落した人間だと信じないので、不必要にタチが悪い。人も自分で救えないのは罪です,ko
9,そもそも聖書の神が悪魔。冗談抜きで それが事実だから人を苦しめた者ほど富を蓄え賞賛される世の中になった。,聖書の神は実は悪魔だ。それが真実であり、だからこそ他人を苦しめる者が富を蓄え、この世で称賛されるのだ。,fr
15,>>92 キリストがやったわけじゃないぞ ヤハウェのせい ヤハウェは普通に暴力的だぞ,>>92 キリストがやったのではない。ヤハウェのせいだ。ヤハウェは概して暴力的だ。,fr
13,>>112 の在日の統一教会自演信者はいつ自殺するの,>>112で言及されている、統一教会の信者だと自称する在日韓国人は、いつ自殺するのでしょうか？,fr
10,表向きは普通の聖人だが、キリスト教会にはそういう裏がある。,彼は表面的にはごく普通の聖人のように見えるかもしれないが、キリスト教会にもこのような暗い側面があるのだ。,fr
11,統一教会はただの宗教団体ではなく、カルト集団だから オウム真理教と同じ 日本の古くからの宗派とは違う,統一教会は単なる宗教団体ではなく、オウム真理教のような宗派であり、日本の古代の宗教宗派とは異なる。,fr
7,>>81 wwwwwwwwwwwwwwwwww なんで泡沫カルト団体の洗脳を受けた末端信者が、キリスト教スレでキリスト者を仕切ろうとすんの？,>>81 笑 なぜ、過激な宗派に洗脳された単純な信者が、キリスト教徒の議論スレッドでキリスト教徒に命令しようとしているのか？,fr
4,聖書のイエスのエピソード 結局は全てが 理解できない奴に何かを教える それはスゲー手間だという そんな話だよね まあ奇跡だけは普通では無い それは物理的だから理解できるみたいな 精神的な理解度は正直いって無いよな 俺は理解できるし選ばれているから良かった,結局のところ、聖書に記されたイエスの教えは、理解できない人に何かを教えるのは極めて難しいということに尽きる。奇跡は確かに並外れたものであり、物理的な出来事であるため理解できるが、正直なところ、そこから真の霊的な理解を得ることはできない。私は幸運にもそれらを理解することができ、この目的のために選ばれたのだ。,fr
0,"校門前での聖書配布にクレーム？ | もーちゃんの部屋 << なおも続くネグレクト親娘に治療法は？ | main | ビンボー万歳！ >> at 13:15, もーちゃん, 希望の光 at 13:15, スポンサードリンク, - url:http://shalomochan.jugem.jp/trackback/1599",校門外での聖書配布に関する苦情？ | もーちゃんの部屋 << 怠慢な母娘への処遇は？ | メイン | 貧困万歳！ >> 午後1時15分、もーちゃん、希望の光 午後1時15分、スポンサーリンク、 - URL: http://shalomochan.jugem.jp/trackback/1599,fr
17,> すべてのキリスト教徒は最終的に「異邦人をどのように迎え入れたか」 > によって裁かれるという、カトリックの信仰を改めて強調した。 先住民を皆殺しにしたアメリカのキリスト教徒は 全員地獄行きなんじゃないでしょうか、教皇,彼は、すべてのキリスト教徒は最終的に非ユダヤ人に対する行いによって裁かれるというカトリックの教えを改めて強調した。教皇よ、先住民を虐殺したすべてのアメリカ人キリスト教徒は地獄に落ちるべきではないだろうか？,fr
6,現代のキリスト教では人間イエスが存在したことは実証できないという立場から 信仰が成り立っているはずなんだが もし、イエスが実在した証拠がある！という事をいう神父・牧師が居たら注意したほうが良いね カルト化してるかもしれない,現代キリスト教は、人間としてのイエスの存在は証明できないという原則に基づいているとされています。しかし、イエスの存在を証明する証拠を持っていると主張する司祭や牧師に出会った場合は、注意が必要です。彼はカルト集団に属している可能性があります。,fr
2,>>18 どうでも良いけどね キリスト者の目的は邪悪なる悪霊の栖雲居士を 撃ち破る事ではありません。又それで神の栄光 が現れるわけでもありません。 何を言っているんですか、スレ乱立の責任を取っ てね,>>18 どうでもいいけど、キリスト教徒の目標は悪霊セイウン・コージを倒すことじゃない。それでは神の栄光は明らかにならない。何を言ってるんだ？こんなにたくさんの問題を引き起こした責任を取れ。,fr
1,キリスト教の崩壊聖書。。,聖書におけるキリスト教の崩壊に関する記述。,de
8,子供の育児放棄を屁とも思わない山神母親はまさに母親の姿をしたキラーマシーンに映ったことだろう 統一教会と萩生田隆一を地獄に送ることができるのは我々しかいない！！ 高市を地獄へ！萩生田小泉竹中を叩き潰せ！！,子供を顧みない母親の山上さんは、母親のふりをした殺人マシーンのように感じました。統一教会と萩生田隆一を地獄に送れるのは私たちだけです！高一を地獄に送れ！萩生田、小泉、竹中を粉砕せよ！,fr
14,神の国の働き人｜私ではなくキリストⅢ（東洋からの風の便りII） Home > ブログ > 神の国の働き人 全信者をプロレタリア化してこの世の堕落したバビロン体系に仕える奴隷とするプロテスタントの誤った理念から、愛する御子キリストの支配の中へのエクソダス PR 死人を葬ることは死人に任せなさい―肉による情愛や、弱者救済を口実に、エクレシアにこの世を公然と持ち込むプロテスタントの偽牧師たち ―,神の国の働き人 | キリスト、私ではない III (東方からのメッセージ II) ホーム > ブログ > 神の国の働き人 すべての信者をこの世の腐敗したバビロニア体制に仕える労働者階級と奴隷に変えてしまう誤ったプロテスタントのイデオロギーからの脱出、愛する御子キリストの統治への脱出。 PR 死者の埋葬は死者に任せよ――肉欲と弱者を助けるという口実で、この世を教会に公然と持ち込む偽プロテスタントの牧師たちよ――,fr
18,イエスの存在証明はイエスを救世主として信じる人間にとってのみ意味がある しかし、クリスチャンの世界では（異端は除く）証明できないとされている 従って「イエスは居なかった」 それ以上、非クリスチャンが語ることなど微塵も残されていない こんな簡単なこともわからない人が何を「論」じることが出来るの？ 出来ないよね,イエスの存在の証明は、彼をメシアと信じる者にとってのみ意味を成す。しかし、キリスト教世界（異端を除く）では、彼の存在を証明することは不可能だと考えられている。したがって、「イエスは存在しなかった」。非キリスト教徒は、これ以上何も付け加えることはできない。これほど単純なことを理解できない人が、一体何を「議論」できるというのだろうか？不可能ではないだろうか？,fr
3,天から選ばれないと キリスト教じゃないのに みんなアホでバカだよな 何故にこんなキチガイが集団なんだろな 自分から人間に生まれるのに もっと巨大な力が働いてるからだ 洗礼受けたから聖書に詳しいから 何故にその力を手に入れて 救いに近いと勘違いしてるんだろうな 預言者やイエスレベルじゃないと救いじゃないんだよバカども気付け アホども,天に選ばれていないならクリスチャンではない、だから他の全員は馬鹿だ。なぜ一つの集団にこんなに多くの愚か者がいるのか？私たちは人間として生まれることを選ぶが、それよりもはるかに大きな力が働いている。洗礼を受けて聖書を知っているからといって、この力を得たり、救いに近づいたりするわけではない。預言者やイエスのようなレベルに達していない限り、そのことを理解すべきだ。お前たちは皆、愚か者だ。,fr
9,そもそも聖書の神が悪魔。冗談抜きで それが事実だから人を苦しめた者ほど富を蓄え賞賛される世の中になった。,聖書の神は、実際には悪魔である。率直に言って、それが真実であり、だからこそ、他人を苦しめる者が富を蓄積し、この世で称賛されるのだ。,de
12,あの世の霊がタメに俺を相手してくれるからな 生きてる我々みたいな人間とか下層なんだよな まあ、いわゆるドブ川内での魚の競い合いみたいな 下界の中で カトリックだから洗礼受けたとかを理由に 怒りの子みたいに差別意識を持ち生きる 無職引きこもりのクズが 余り笑わすなよ君たち いい加減にしろよ,死後の世界の霊たちは、彼ら自身の幸福のために私を支えてくれている。生きている人間は、私たちと同じように、社会の最下層にいる。まるで汚水が流れる川で魚を奪い合っているようなものだ。この下界では、カトリック教徒で洗礼を受けたというだけで、怒りっぽい子供のように偏見にとらわれて生きる、失業中の引きこもりの失敗者たち――そんな連中を見ても、私は笑えない。もううんざりだ。,fr
15,>>92 キリストがやったわけじゃないぞ ヤハウェのせい ヤハウェは普通に暴力的だぞ,>>92 キリストのせいじゃない。ヤハウェのせいだ。ヤハウェは普段から暴力的だ。,de
13,>>112 の在日の統一教会自演信者はいつ自殺するの,>>112で言及されている、統一教会の信者だと自称する在日（日本在住の韓国人）は、いつ自殺するのでしょうか？,de
10,表向きは普通の聖人だが、キリスト教会にはそういう裏がある。,外見上はごく普通の聖人のように見えるかもしれないが、キリスト教会にはこのような暗い側面もある。,de
11,統一教会はただの宗教団体ではなく、カルト集団だから オウム真理教と同じ 日本の古くからの宗派とは違う,統一教会は単なる宗教団体ではなく、オウム真理教のような宗派であり、日本の古い宗教宗派とは異なる。,de
5,勿論言わずもがなで壺は超汚染銭ゲバクソカルトなのは間違いないし 取り潰して今後全面活動禁止しろって個人的見解ではあるがｗ 山上による暗殺なんてもってのほかだけど ただ、山上愚母って山上の伯父が弁護士で壺から寄付を返還させても 一向に懲りず戻った額をまた性懲りもなく寄進して元の木阿弥状態だったというし 宗教法人への寄進寄付額の制限は必要だけど、ここまで無自覚で感覚がぶっ壊れてると 果たしてそれで済むものか…？そりゃ壺の教義や体質が銭金至上主義で腐りきってるから潰すことに全く異論も躊躇もないがｗ でもさあ，壺が他の件のように程なくして痴呆症と診断された老女に漬け込んで誑かしてとか 脅迫強要や監禁や身の危険が及ぶとか諸々の壺による犯罪行為によるものならまだしも となるとまあ、宗教法人への個人への寄進寄付額の制限とか 家族の共有財産とかに対する無断処分使用の制限とかそのあたりも求められてくるけど 結局のところ山上愚母が自己の欲求や精神的充足快楽を満たす目的という結局は浪費目的の何物でもないってのが元凶だし 本人が自覚して反省し脱会と今後の改善克服を強く決意し努力しない限り そうなるとどうしても個人の権利とかの大幅な制限が不可欠で不可避となるわな 本人が納得した上でならいいけど、まず強く拒否るだろうし そうなったら家族親族が申し立てて後見人制度的にするにしても 医療、司法、行政の認定が不可欠だし、ふん縛って強制的に連れて行って医療機関でも果たして認定出るかどうか？ 壺とかのカルトのみならまだしも、改名してるしトンネルやダミー的にマネロンしても抜け道たくさんあるだろうし 全般的に資産の凍結とか使い道や額の大幅制限を課したりの範囲はどの程度か 認定とかはどこがして、後見人的にするには管理とかは誰がするのかとか 結構それはそれで特例にすると面倒くさいことになってはきそうではある カルトのみってだけじゃなく、他の浪費系とか博打や投資大損とかそういうのにも適用しろってなるかも 壺に関しては、まあ強化変則破防法的に反社組織認定すりゃ、反社に資金流入禁止なってストップはかけやすくなるだろうけどｗ,もちろん、ツボが極めて腐敗した、金にがめつい、卑劣なカルトであることは言うまでもなく、私の意見では、解散させ、今後の活動をすべて禁止すべきです（笑）。ヤマガミによる暗殺の可能性は除外できますが、彼女の母親の叔父が弁護士だったこと、そしてツボから寄付金を取り戻した後も、彼女は自分の過ちから何も学ばず、恥ずべきことにお金を返還し、振り出しに戻ってしまったようです。宗教団体への寄付を制限することは必要ではありますが、このような無知と道徳心の欠如を前にして、本当にそれで十分なのでしょうか？当然のことながら、このカルトの教義と本質は金への渇望で根底から腐っているので、私は解散に異論はありません。しかし、もしこの解散が、認知症と診断された高齢女性を搾取したり、脅迫、強要、監禁、生命の危険にさらすなど、教団による様々な犯罪行為によるものであれば、話は別です。しかし、状況が異なる場合は、宗教団体への個人寄付の制限や、家族財産の無断使用・譲渡の制限といった措置を検討する必要があります。結局のところ、根本的な問題は、山上さんの母親が、自分の欲望を満たし、個人的な満足を得ようとすることだけを追求しており、それは単なる金銭の浪費に過ぎないということです。彼女がこのことに気づき、反省し、教団を離れて自己改善するという固い決意をしない限り、彼女の権利を大幅に制限することは避けられず、必要となるでしょう。彼女が同意すればそれで良いのですが、おそらく彼女はきっぱりと拒否するでしょう。この場合、たとえ家族や近親者が後見を求めたとしても… 医療、司法、行政の証明書は必須だが、没収されて差し押さえられたとしても、医療機関からしか発行されないのだろうか？ ポッツのような単純なカルトであれば対処可能かもしれないが、彼らは名前を変えており、トンネルやペーパーカンパニーによる資金洗浄の抜け穴が数多く存在する。資産はどの程度凍結し、その使用と金額を大幅に制限すべきなのか？ 誰が証明書を発行し、後見人が任命された場合は誰が管理するのか？ 例外を設けると多くの問題が生じるように思われる。これはカルトに限らず、他の過剰支出、ギャンブル、多額の投資損失にも適用できる。資金に関しては、強化・改正された反社会活動防止法の下で反社会組織に指定されれば、反社会組織への資金の流れを断ち切ることが容易になるだろう。,fr
16,>>1 統一教会入って何一ついいこと無かったどころか 長男自殺 次男殺人者 長女もおかしいし、悪い事ばかりだね 統一教会は潰すべきだね バカパヨクが「山上様を非難する奴は壺！」つって自分の都合の悪い人間は統一教会信者という事にして 山上を庇おうとしているけど 普通のまともな人なら「テロリストの山上は死刑にして統一教会は潰せ」と思っている,>>1 統一教会に入信したことで良いことは何もなかっただけでなく、長男は自殺し、次男は殺人者になり、長女も奇妙な行動をとっている。だから、統一教会は悪以外の何物でもない。統一教会は滅ぼされなければならない。この愚かな左翼どもは「山神を批判する者は馬鹿だ！」と言い、自分たちを困らせる者を統一教会の信者だとレッテルを貼って彼を守ろうとしている。しかし、まともな人間なら誰でも「テロリストの山神は死刑に処されるべきであり、統一教会は滅ぼされるべきだ」と考えるだろう。,fr
19,キリスト教の指導者たちは実は神の存在を信じていない唯物論者だと言う方々がいますが、彼らも弱い人間であり、 異教徒や無神論者より恩恵、ご利益をいただきたいと願っており、死後は天国に行きたい、死んだら意識も何も残らなくなるなんてのは嫌だと思っていますよ ただ聖書の内容を文字通り信じていない（普通の人間が素直に信じられるはずがない）のに神から少しでも認められたい動機で教団を運営しているだけです 原罪とか言っていながら自分の罪にはすごく甘い。十字架による安易な罪の許しはかえって世界に罪悪を広めてしまう。もちろん自分の罪を真剣に考えより清い生き方を志す人たちもいるだろうが、この人たちも自分の仲間がそこまで堕落した人間だと信じていないから余計にタチが悪い キリスト教の歴史は失敗の連続で、日本国民全体ではマイノリティになるだけなのに、本心では信じていない宗教を無理に宣伝することがそもそもの間違いだったのです。人も自分も救えないことが罪です イスラエルとガザの戦禍の中にいる人が「神さまの糞ったれ。俺たちが不幸なのはあんたのせいだ」と言われて神が腹を立てて罰するようであれば、そんな狭量な神に人類を裁く資格なんてないし人間の側が神を追い出さねばならない,キリスト教指導者の中には、実は無神論的唯物論者だと主張する者もいるが、彼らもまた弱い人間であり、非信者や無神論者よりも多くの祝福や恩恵を受けたいと切望している。彼らは死後の天国を渇望し、良心が消え去ることを願っている。彼らは聖書の内容を文字通りに信じているわけではなく（一般人が容易にそれに従うことは不可能である）、表面的なものであっても神の承認を得たいという欲求から組織を運営している。彼らは原罪について語るが、自分自身の罪には非常に寛容である。十字架を通して罪の赦しを安易に与えることは、世界中に罪を広めるだけである。確かに、自分の過ちを真剣に反省し、より清らかな生活を送ろうと努力する者もいるが、こうした人々は、同胞である人間がそれほど堕落しているということを信じようとしない点で、さらに悪い。キリスト教の歴史は一連の失敗であり、誰も真に信じていない宗教を強制的に押し付けることは、たとえそれが日本人の中でキリスト教徒を少数派に追いやるだけであったとしても、最初から間違いであった。罪とは、自分自身や他者を救うことができない状態を指す。もしイスラエル・パレスチナ戦争の最中に、「神はろくでなしだ。我々が不幸なのはお前たちのせいだ」と誰かが言い放ち、神が怒ってその人を罰したとしても、そのような狭量な神には人類を裁く権利はなく、人類こそがそのような神を追放するべきなのだ。,fr
7,>>81 wwwwwwwwwwwwwwwwww なんで泡沫カルト団体の洗脳を受けた末端信者が、キリスト教スレでキリスト者を仕切ろうとすんの？,>>81 笑 なぜ、過激な宗派に洗脳された下位の信者が、キリスト教のスレッドでキリスト教徒に命令しようとしているのか？,de
20,山上の母親はあれだけなってもまだ信仰してるからな カルトこえーわ ネトウヨもみんなカルトやろ 日本語通じないし,あれだけのことがあったにもかかわらず、山上さんの母親はまだ信仰を捨てていない。カルトは恐ろしい。右翼のネット荒らしもみんなカルトだ。彼らは日本語すら理解していない。,en
21,イエスキリストは味方してくれそうか 反社会活動を繰り返し、逮捕保釈を繰り返す麻生太郎,イエス・キリストは私たちの味方になってくれるだろうか？反社会的行為を繰り返し、逮捕と保釈を繰り返している麻生太郎。,en
6,現代のキリスト教では人間イエスが存在したことは実証できないという立場から 信仰が成り立っているはずなんだが もし、イエスが実在した証拠がある！という事をいう神父・牧師が居たら注意したほうが良いね カルト化してるかもしれない,現代キリスト教は、イエスという人間の存在は証明できないという前提に基づいているとされている。しかし、イエスの存在を証明する証拠を持っていると主張する司祭や牧師に出会ったら、注意が必要だ。彼はカルト集団に属している可能性がある。,de
0,"校門前での聖書配布にクレーム？ | もーちゃんの部屋 << なおも続くネグレクト親娘に治療法は？ | main | ビンボー万歳！ >> at 13:15, もーちゃん, 希望の光 at 13:15, スポンサードリンク, - url:http://shalomochan.jugem.jp/trackback/1599",学校の門前での聖書配布に苦情？ | もーちゃんの部屋 << 育児放棄の母娘はどうなる？ | メインページ | 貧困万歳！ >> 午後1時15分、もーちゃん、希望の光 午後1時15分、スポンサーリンク、 - URL: http://shalomochan.jugem.jp/trackback/1599,de
4,聖書のイエスのエピソード 結局は全てが 理解できない奴に何かを教える それはスゲー手間だという そんな話だよね まあ奇跡だけは普通では無い それは物理的だから理解できるみたいな 精神的な理解度は正直いって無いよな 俺は理解できるし選ばれているから良かった,聖書に記されたイエスの物語は、結局のところ、理解していない人に何かを教えるのは非常に難しいということに尽きる。奇跡は確かに並外れた出来事であり、物理的な現象なので理解できるが、率直に言って、そこから真の霊的な理解を得ることはできない。私は幸運にも奇跡を理解できる立場にあり、そのために選ばれたのだ。,de
8,子供の育児放棄を屁とも思わない山神母親はまさに母親の姿をしたキラーマシーンに映ったことだろう 統一教会と萩生田隆一を地獄に送ることができるのは我々しかいない！！ 高市を地獄へ！萩生田小泉竹中を叩き潰せ！！,我が子を顧みず放任する山上という母親は、私には母親の姿をした殺人マシーンのように見えたに違いない。統一教会と萩生田隆一を地獄に送れるのは我々だけだ！高一を地獄に送れ！萩生田、小泉、竹中を滅ぼせ！,de
2,>>18 どうでも良いけどね キリスト者の目的は邪悪なる悪霊の栖雲居士を 撃ち破る事ではありません。又それで神の栄光 が現れるわけでもありません。 何を言っているんですか、スレ乱立の責任を取っ てね,>>18 私は特に気にしませんが、悪霊セイウン・コージを倒すのはキリスト教徒の仕事ではありません。それは神の栄光を示すものでもありません。何を言っているのですか？あなたが始めた多くのスレッドに責任を持ちなさい。,de
17,> すべてのキリスト教徒は最終的に「異邦人をどのように迎え入れたか」 > によって裁かれるという、カトリックの信仰を改めて強調した。 先住民を皆殺しにしたアメリカのキリスト教徒は 全員地獄行きなんじゃないでしょうか、教皇,彼は、すべてのキリスト教徒は最終的に「非ユダヤ人をどのように扱ったか」によって裁かれるというカトリックの教えを改めて強調した。それならば、先住民を虐殺したアメリカのキリスト教徒は皆、地獄に落ちるべきではないだろうか、教皇よ？,de
25,キリストを批判する前に まず自分を批判しろよ,キリストを批判する前に、まず自分自身を批判しなさい。,en
23,イエスが実在って証拠もないもんな。,イエスが実在したという証拠はないですよね？,en
18,イエスの存在証明はイエスを救世主として信じる人間にとってのみ意味がある しかし、クリスチャンの世界では（異端は除く）証明できないとされている 従って「イエスは居なかった」 それ以上、非クリスチャンが語ることなど微塵も残されていない こんな簡単なこともわからない人が何を「論」じることが出来るの？ 出来ないよね,イエスの存在の証明は、彼をメシアとして信じる人々にとってのみ意味を持つ。しかし、キリスト教の世界では（異端は別として）、彼の存在を証明することは不可能だと考えられている。したがって、結論は「イエスは存在しなかった」となる。非キリスト教徒は何も付け加えることはない。これほど単純なことを理解できない人が、一体何を「議論」できるというのだろうか？何もできないだろう？,de
24,他を傷つけず、裁かず、 思いやりを持って 精一杯生きることが信仰です イエスの教えに従うことができればさらに良いけれど 夢のまた夢でしょ,信仰とは、他者を傷つけたり裁いたりすることなく、思いやりをもって、人生を精一杯生きることです。イエスの教えに従うことができればさらに良いのですが、それはただの夢物語ですよね？,en
22,>>702 つまり今のテレビは お母さまの「統一教会と安倍はズブズブ」って真言を日本人に拡散させる洗脳装置になってんのか 安倍より先に撃たれた統一教会が警察に通報してれば 指名手配された山上被告は銃を所持したまま自由に行動することはできなかったし そもそも拳銃を持った人間が自由に歩いている奈良に安倍元総理が来る事も無かっただろ その辺の矛盾はどう報道してんの？,>>702 つまり、今日のテレビは、あなたの母親の「統一教会と安倍はグルだ」というお決まりのフレーズを日本人に広める洗脳装置になったということですか？安倍より先に銃撃された統一教会が警察に通報していれば、指名手配中の山神容疑者は銃を所持したまま自由に動き回ることはできなかったでしょうし、そもそも安倍元首相は拳銃を持った人物が自由に歩き回っている奈良に来ることもなかったでしょう。この矛盾をどう報道しているのですか？,en
3,天から選ばれないと キリスト教じゃないのに みんなアホでバカだよな 何故にこんなキチガイが集団なんだろな 自分から人間に生まれるのに もっと巨大な力が働いてるからだ 洗礼受けたから聖書に詳しいから 何故にその力を手に入れて 救いに近いと勘違いしてるんだろうな 預言者やイエスレベルじゃないと救いじゃないんだよバカども気付け アホども,天に選ばれていない者はクリスチャンではない、つまり皆馬鹿者だ。なぜこんなに狂人が一集団に集まるのか？ 人間として生まれることは自分で選ぶが、それよりもはるかに大きな力が働いている。洗礼を受けて聖書を知っているからといって、その力を手に入れ、救済の瀬戸際にいるわけではない。預言者やイエスのようなレベルに達していない限り、お前ら馬鹿どもはそろそろそのことを理解すべきだ。馬鹿者め。,de
14,神の国の働き人｜私ではなくキリストⅢ（東洋からの風の便りII） Home > ブログ > 神の国の働き人 全信者をプロレタリア化してこの世の堕落したバビロン体系に仕える奴隷とするプロテスタントの誤った理念から、愛する御子キリストの支配の中へのエクソダス PR 死人を葬ることは死人に任せなさい―肉による情愛や、弱者救済を口実に、エクレシアにこの世を公然と持ち込むプロテスタントの偽牧師たち ―,神の王国の働き人 | キリスト、私ではない III (東方からのメッセージ II) ホーム > ブログ > 神の王国の働き人 すべての信者をこの世の腐敗したバビロンのシステムに仕える労働者や奴隷に変えてしまうという誤ったプロテスタントのイデオロギーからの脱出、愛する御子キリストの統治へ PR 死者の埋葬は死者に任せよ – 肉欲的な愛情や弱者を救済するという名目で、この世を公然と教会に持ち込む偽プロテスタントの牧師たち –,de
12,あの世の霊がタメに俺を相手してくれるからな 生きてる我々みたいな人間とか下層なんだよな まあ、いわゆるドブ川内での魚の競い合いみたいな 下界の中で カトリックだから洗礼受けたとかを理由に 怒りの子みたいに差別意識を持ち生きる 無職引きこもりのクズが 余り笑わすなよ君たち いい加減にしろよ,死後の世界の霊たちは、自分たちの利益のために私を我慢しているだけだ。私たちのような生きている人間は社会の最底辺にいる。まるで下水道で魚を奪い合っているようなものだ。この冥界には、カトリック教徒で洗礼を受けたというだけの理由で、差別的な考えを持つ、失業した引きこもりの負け犬たちが、怒った子供のように暮らしている。私を笑うのはやめてくれ！もうたくさんだ！,de
20,山上の母親はあれだけなってもまだ信仰してるからな カルトこえーわ ネトウヨもみんなカルトやろ 日本語通じないし,山上の母はそうなってもまだ信仰しているからカルトコエワ,ko
26,生活困窮者の中には、シングルマザーで子育て中の方が、 フードバンクに頼る事態も生じています。 離婚して収入が減ったが、 子供を食べさせて行かなければならない。 で、子育て支援の給付金やら援助やらを頼りにする。 離婚するような酷い男と結婚した女の方も悪い。 それなら子供を作らなければよかっただろうに。 そう、冷たく突き放す人もいるでしょう。 そう言える人は、恵まれた人達と言えるのではないでしょうか。 私は、赤十字・赤い羽根・フードバンクなどに 毎年、寄付をしています。 性的関係はありませんでしたし、結婚歴もないし、 同棲もありませんでしたから、ある意味、無傷です。 でも、youtubeで、 母が離婚して、子供が食べ物に困ってます、という、 お涙ちょうだいの広告を、出されているのを見ると、 いたたまれません。 バブルの時に結婚し子育てもあったが、 バブルがはじけて、リストラされ、就職氷河期となり、 離婚して子育てという、来唯境遇が、 多くの人にあったかもしれません。 就職氷河期に生まれ育った人達に、未婚者が多いのも、 経済的な困窮が原因です。 少子化は、当然に起こるべくして起こっています。 その上に、日本語は喋れない外国人を移住させ、 労働力にする、という不良外国人問題まで起こしています。 これは信仰心が無いからではなく、政府の無策も原因だと思います。 イエスの福音書の言葉には、 この生活困窮から救われる教えが、無いのではないでしょうか。,経済的に苦しい人の中には、フードバンクに頼らざるを得ないシングルマザーがいます。離婚後、収入は減りましたが、それでも子供たちに食べさせなければなりません。そのため、彼女たちは育児支援の助成金や援助に頼っています。中には、そんなひどい男と結婚した女性にも責任があり、そもそも子供を産むべきではなかったと言う人もいるかもしれません。そう言える人は本当に幸運です。私は毎年、赤十字、レッドフェザーコミュニティチェスト、フードバンクに寄付しています。私は性的な関係を持ったこともなく、結婚したこともなく、誰かと暮らしたこともありません。ですから、ある意味では無傷です。しかし、離婚した母親と、食べ物を見つけるのに苦労している子供たちについての涙を誘う広告をYouTubeで見ると、耐えられません。多くの人が同じような状況を経験したかもしれません。バブル経済の時期に結婚して子供を育て、バブルが崩壊したときに解雇され、雇用市場の凍結に直面し、そして離婚して子供を育てる。就職難の時代に生まれ育った世代に未婚者が多いのは、経済的苦境が原因です。出生率の低下は、その必然的な結果と言えるでしょう。さらに、日本語を話せない外国人労働者の流入という問題にも直面しています。これは信仰心の欠如だけでなく、政府の無策も原因の一つだと私は考えています。もしかしたら、イエスの福音書に記された教えは、この貧困から救いをもたらすものではないのかもしれません。,en
21,イエスキリストは味方してくれそうか 反社会活動を繰り返し、逮捕保釈を繰り返す麻生太郎,イエス・キリストは味方を与えますか？反社会活動を繰り返し、逮捕宝石を繰り返す阿蘇太郎,ko
16,>>1 統一教会入って何一ついいこと無かったどころか 長男自殺 次男殺人者 長女もおかしいし、悪い事ばかりだね 統一教会は潰すべきだね バカパヨクが「山上様を非難する奴は壺！」つって自分の都合の悪い人間は統一教会信者という事にして 山上を庇おうとしているけど 普通のまともな人なら「テロリストの山上は死刑にして統一教会は潰せ」と思っている,>>1 統一教会に入信したことで良いことは何もなかっただけでなく、長男は自殺し、次男は殺人犯になり、長女も奇妙な人物になってしまった。だから何の益もなかった。統一教会は滅ぼされるべきだ。愚かな左翼は「山神を批判する者は馬鹿だ！」と主張し、気に入らない人物を統一教会の信者だとレッテルを貼って山神を守ろうとしている。しかし、常識のある人間なら誰でも「テロリストの山神には死刑を、統一教会は滅ぼされるべきだ」と考えるだろう。,de
30,キリスト教のお金を使うと犠牲者多発します。 日本は、諸外国から鐘を儲け過ぎなのでやられています。,キリスト教の資金を使うことは多くの犠牲者を生み出す。日本は鐘の販売で外国から多額の資金を得すぎたために苦しんでいる。,en
25,キリストを批判する前に まず自分を批判しろよ,キリストを批判する前に、まず自分を批判しなさい。,ko
32,>>1 日本のキリスト教会(カトリック教会も含む)は、 宗教を隠れ蓑にした反日極左団体。 たいへん ぁ ゃ ι ぃ。,>>1 日本のキリスト教会（カトリック教会を含む）は、宗教を隠れ蓑にした反日極左グループです。非常に疑わしいです。,en
29,>>518 結果的には大成功 教祖やっても殉教者になるだけだもんな,>>518 結局、大成功だった。カルト教団の指導者になれば、殉教者になるだけだ。,en
5,勿論言わずもがなで壺は超汚染銭ゲバクソカルトなのは間違いないし 取り潰して今後全面活動禁止しろって個人的見解ではあるがｗ 山上による暗殺なんてもってのほかだけど ただ、山上愚母って山上の伯父が弁護士で壺から寄付を返還させても 一向に懲りず戻った額をまた性懲りもなく寄進して元の木阿弥状態だったというし 宗教法人への寄進寄付額の制限は必要だけど、ここまで無自覚で感覚がぶっ壊れてると 果たしてそれで済むものか…？そりゃ壺の教義や体質が銭金至上主義で腐りきってるから潰すことに全く異論も躊躇もないがｗ でもさあ，壺が他の件のように程なくして痴呆症と診断された老女に漬け込んで誑かしてとか 脅迫強要や監禁や身の危険が及ぶとか諸々の壺による犯罪行為によるものならまだしも となるとまあ、宗教法人への個人への寄進寄付額の制限とか 家族の共有財産とかに対する無断処分使用の制限とかそのあたりも求められてくるけど 結局のところ山上愚母が自己の欲求や精神的充足快楽を満たす目的という結局は浪費目的の何物でもないってのが元凶だし 本人が自覚して反省し脱会と今後の改善克服を強く決意し努力しない限り そうなるとどうしても個人の権利とかの大幅な制限が不可欠で不可避となるわな 本人が納得した上でならいいけど、まず強く拒否るだろうし そうなったら家族親族が申し立てて後見人制度的にするにしても 医療、司法、行政の認定が不可欠だし、ふん縛って強制的に連れて行って医療機関でも果たして認定出るかどうか？ 壺とかのカルトのみならまだしも、改名してるしトンネルやダミー的にマネロンしても抜け道たくさんあるだろうし 全般的に資産の凍結とか使い道や額の大幅制限を課したりの範囲はどの程度か 認定とかはどこがして、後見人的にするには管理とかは誰がするのかとか 結構それはそれで特例にすると面倒くさいことになってはきそうではある カルトのみってだけじゃなく、他の浪費系とか博打や投資大損とかそういうのにも適用しろってなるかも 壺に関しては、まあ強化変則破防法的に反社組織認定すりゃ、反社に資金流入禁止なってストップはかけやすくなるだろうけどｗ,もちろん、坪は極めて腐敗し、貪欲で卑劣なカルトであり、個人的には解散させ、今後の活動をすべて禁止すべきだと考えています（笑）。山神による暗殺未遂は論外ですが、どうやら山神の母方の叔父は弁護士だったらしく、坪から寄付金を返してもらった後も何も学ばず、恥知らずにも再び寄付し、事態は元に戻ってしまいました。宗教団体への寄付制限は必要ではありますが、これほど無知で歪んだ道徳観を持つ人物に対して、本当に十分なのでしょうか？もちろん、教義や本質が貪欲によって深く腐敗しているため、カルトを解散させることに異論はありません。しかし、認知症と診断された高齢女性を搾取したり、脅迫、強要、不当監禁、生命の危険にさらしたりするなど、カルトが犯した様々な犯罪行為となると話は別です。しかし、そうでない場合は、宗教団体への寄付を制限したり、家族の財産の無断使用や処分を制限したりするなどの対策を検討する必要があります。しかし、根本的な原因は、山神の愚かな母親が自分の欲望と精神的な幸福だけを満たしたいという、浪費以外の何物でもないという点にあります。彼女がこれを認識し、反省し、宗派を離れて改心するという確固たる決意をするまでは、彼女の個人的権利を大幅に制限することは避けられず、必要になります。彼女が同意すれば許容範囲ですが、彼女はおそらく激しく拒否するでしょう。その場合、家族や親族が後見を申請したとしても……医療、司法、政府の証明書は不可欠ですが、強制的に連れ去られ拘束されたとしても、医療機関によって証明書が発行されるでしょうか？金庫のようなカルトであれば対処可能かもしれませんが、彼らは名前を変え、不透明な経路や名義貸し口座による資金洗浄の抜け穴がたくさんあります。資産はどの程度凍結し、その使用と量を大幅に制限すべきでしょうか？ 誰が認証の責任を負い、受託者に任命された場合は誰が管理するのでしょうか？ 例外は重大な問題を引き起こすようです。これはカルトに限らず、他の形態の浪費、ギャンブル、大規模な投資損失にも適用できる可能性があります。資金プールに関しては、破壊活動対策のために強化・改正された法律の下で反社会的組織として分類されれば、これらの組織への資金の流れはより容易に阻止できるでしょう。,de
23,イエスが実在って証拠もないもんな。,イエス様が実在して証拠もないのも。,ko
28,どうせ寿命で死ぬのだよ 逃げ回ってどうなるのだ？ くだらない聖書に詳しい 洗礼を受けたから キリスト教の歴史に詳しい ようするに楽して 逃げ回って救われたいんだよな イエスの弟子が見捨てて逃げて 生き返ったイエスと会ったら 見捨てる気はなかった 言い訳はかりして しかしそれが君たちのキリスト教なのか？,どうせみんな老衰で死ぬんだから、走り回っても何の得にもならないだろう？ 君たちは無価値な聖書について知識があり、洗礼も受け、キリスト教の歴史にも精通しているが、結局は楽な道を選んで走り回ることで救われたいだけなんだろう？ イエスの弟子たちは君たちを見捨てて逃げ出し、復活したイエスに会ったときには「君たちを見捨てるつもりはなかった」などと言い訳をした。だが、それが君たちのキリスト教なのか？,en
31,>>287 >>240 やはり戦争を終わらせたのはトランプ米大統領だったな。 「平和を作り出した」のはトランプ米大統領。 グレタ氏でも反戦の偽善者どもでもなく。 プラカードを掲げて戦争が終わるなら苦労しないだろ。 無能な偽善者どもの自己満足。 主キリストは当時の偽善者どもを断罪したが、 現代の教会にも偽善者が多い。 人質と拘束者解放、ガザ停戦第1段階 トランプ氏「新たな中東の夜明け」 https://jp.reuters.c...3AQF4U6E-2025-10-13/,>>287 >>240 戦争を終わらせたのは確かにトランプ大統領だった。「平和を創造した」のはグレタや反戦の偽善者ではなく、トランプ大統領だった。プラカードを掲げるだけで戦争が終わるなら、こんなに問題は起こらないだろう。これは無能な偽善者の自己満足に過ぎない。主キリストは当時の偽善者を非難したが、今日の教会にも多くの偽善者がいる。人質と拘束者が解放され、ガザ停戦第1段階：トランプ大統領は「中東の新たな夜明け」と呼ぶ https://jp.reuters.c...3AQF4U6E-2025-10-13/,en
27,韓国ではキリスト教系の新興宗教が良く表れているけど、どれも稚拙。原罪というどうしようもできないものをp作り上げて縛り上げる原因を作り、 それを解消するために、肉体関係を教祖と結ぶことを目的をするなんて、（統一教会もそうだがその分派もそこは同じ）サルに毛が生えたような韓国人が考えそうなものだよ。 だから日本では解散にまでなったってことだろ。最初から大問題集団だったってわけ。,韓国にはキリスト教系の新興宗教運動が数多く存在するが、どれも幼稚だ。原罪という、人々を縛り付ける逃れられない概念を作り出し、それを教祖との肉体関係によって解決しようとする（統一教会とその分派もこの点では同じだ）。まるで猿のような韓国人が考えそうなことだ。だからこそ、日本で解散に追い込まれたのだ。最初から問題のある団体だった。,en
19,キリスト教の指導者たちは実は神の存在を信じていない唯物論者だと言う方々がいますが、彼らも弱い人間であり、 異教徒や無神論者より恩恵、ご利益をいただきたいと願っており、死後は天国に行きたい、死んだら意識も何も残らなくなるなんてのは嫌だと思っていますよ ただ聖書の内容を文字通り信じていない（普通の人間が素直に信じられるはずがない）のに神から少しでも認められたい動機で教団を運営しているだけです 原罪とか言っていながら自分の罪にはすごく甘い。十字架による安易な罪の許しはかえって世界に罪悪を広めてしまう。もちろん自分の罪を真剣に考えより清い生き方を志す人たちもいるだろうが、この人たちも自分の仲間がそこまで堕落した人間だと信じていないから余計にタチが悪い キリスト教の歴史は失敗の連続で、日本国民全体ではマイノリティになるだけなのに、本心では信じていない宗教を無理に宣伝することがそもそもの間違いだったのです。人も自分も救えないことが罪です イスラエルとガザの戦禍の中にいる人が「神さまの糞ったれ。俺たちが不幸なのはあんたのせいだ」と言われて神が腹を立てて罰するようであれば、そんな狭量な神に人類を裁く資格なんてないし人間の側が神を追い出さねばならない,キリスト教指導者は本質的に神を信じない唯物論者だと主張する人もいる。しかし彼らもまた、無神論者や非信者よりも多くの祝福や恩恵を渇望する弱い人間である。彼らは死後天国に行きたいと願い、意識の片隅もこの世に残したくないと考えている。彼らは聖書を文字通りに解釈せず（これは普通の人には到底不可能なことだが）、たとえわずかでも神に認められたいという願望から組織を運営している。彼らは原罪について語るが、自分自身の罪には非常に寛容である。十字架による単純な罪の赦しは、世界に罪を広めるだけである。もちろん、心から罪を悔い改め、より清らかな生活を送ろうと努力する人もいるが、こうした人々は、同胞がそれほど堕落しているとは信じていない点で、さらに悪い。キリスト教の歴史は失敗の連続であり、たとえ日本人の中で少数派になるだけであっても、人々が真に信じていない宗教を強制的に広めようとしたこと自体が、最初から間違いだったのだ。罪とは、自分自身や他者を救うことができないことにある。もし誰かが、イスラエルとガザの戦争の最中に「神はろくでなしだ。我々が不幸なのはすべてお前のせいだ」と言い、神が怒ってその人を罰したとしたら、そのような狭量な神には人類を裁く権利はなく、人類は彼を追放すべきである。,de
33,>>237 プロテスタントは人の思考で作られた宗教。 神から啓示があったわけでもなく、ルターの聖書解釈で分派した。 分派（プロテスタント）は人間が作った宗教にすぎない。,>>237 プロテスタントは人間の思考によって作られた宗教です。神からの啓示はなく、ルターの聖書解釈に基づいて分裂しました。分派（プロテスタント）は、人間によって作られた宗教に過ぎません。,en
24,他を傷つけず、裁かず、 思いやりを持って 精一杯生きることが信仰です イエスの教えに従うことができればさらに良いけれど 夢のまた夢でしょ,他人を傷つけずに裁きをするのではなく、思いやりのある生活を送ることは信仰です。,ko
34,>>269 家族を破壊されたんじゃなくて 母親が家族を破壊したんだよ 全て母親のせい お前の母親まともだから統一教会なんかに入ってないだろ 母親がまともならこんなことにはならないんだよ,>>269 家族が崩壊したんじゃなくて、母親が家族を崩壊させたんだよ。全部母親のせいだ。母親はまともな人だから、統一教会なんかになんか入らないだろう？ 母親がまともな人だったら、こんなことにはならなかったはずだ。,en
36,イスラムと大して変わらんクソみたいな規律のユダヤ教を別物に改変しただけやね 旧約聖書とかいうやべえ奴らのユダヤの歴史書よかイエス一代記の新約聖書のほうが受けただけ,彼らは、イスラム教と大して変わらないひどい規則を持つユダヤ教を、全く別のものに変えてしまった。イエスの生涯を記した新約聖書は、狂信的なユダヤ人の歴史書である旧約聖書よりも人気があった。,en
35,統一教会は反日カルトだよ だから保守だ愛国だでバカをだます そして金は北朝鮮に送っていた つまり北朝鮮の組織なんだよ,統一教会は反日カルトだ。だからこそ、保守的で愛国的なレトリックで愚か者を騙し、北朝鮮に資金を送っているのだ。つまり、北朝鮮の組織である。,en
22,>>702 つまり今のテレビは お母さまの「統一教会と安倍はズブズブ」って真言を日本人に拡散させる洗脳装置になってんのか 安倍より先に撃たれた統一教会が警察に通報してれば 指名手配された山上被告は銃を所持したまま自由に行動することはできなかったし そもそも拳銃を持った人間が自由に歩いている奈良に安倍元総理が来る事も無かっただろ その辺の矛盾はどう報道してんの？,>>702 つまり今のテレビはお母さんの「統一教会と安倍はズブズブ」と真言を日本人に拡散させる洗脳装置になっているのか もともと拳銃を持った人間が自由に歩いている国に安倍元首相が来ることもなかっただろうかそのあたりの矛盾はどのように報道しているの？,ko
30,キリスト教のお金を使うと犠牲者多発します。 日本は、諸外国から鐘を儲け過ぎなのでやられています。,キリスト教のお金を使用すると、犠牲者の束です。日本はいろんな国で鐘を稼いだので、多すぎます。,ko
37,宗教界の各宗派はそれぞれの道が真理の道であると信じている。真理の道を偽りの道からどのように区別するのか。 | 神の国降臨の福音 終わりの日のキリストだけが人に永遠のいのちの道を与えられる 恵みの時代における教会生活と神の国の時代における教会生活の違いは何か。 キリストの神的本質をどのようにして知ることができるか。 聖書は人によって編纂されたものであり、神によって編纂されたものではない。聖書は神を表現できない。,各宗教宗派はそれぞれ独自の真理への道を信じています。真理への道と偽りの道をどのように区別すればよいのでしょうか？ | 神の国の到来の福音：終わりの日にキリストだけが人類に永遠の命への道を与えることができます。恵みの時代の教会生活と神の国の時代の教会生活の違いは何でしょうか？キリストの神聖な本質をどのように知ることができるのでしょうか？聖書は神ではなく人間によって編纂されました。聖書は神を表現することはできません。,en
20,山上の母親はあれだけなってもまだ信仰してるからな カルトこえーわ ネトウヨもみんなカルトやろ 日本語通じないし,こうした状況にもかかわらず、山上さんの母親は希望を捨てていない。カルト集団は恐ろしい。インターネット上の極右の荒らしも皆カルト集団のようなものだ。彼らは日本語すら理解していない。,fr
29,>>518 結果的には大成功 教祖やっても殉教者になるだけだもんな,>>518 その結果、大成功の指導者は殉教者になります。,ko
32,>>1 日本のキリスト教会(カトリック教会も含む)は、 宗教を隠れ蓑にした反日極左団体。 たいへん ぁ ゃ ι ぃ。,>>1 日本のキリスト教会（カトリック教会も含む）は、宗教を隠した反一極左団体。すごくぁゃぃ。,ko
21,イエスキリストは味方してくれそうか 反社会活動を繰り返し、逮捕保釈を繰り返す麻生太郎,イエス・キリストは私たちの味方になってくれるだろうか？ 反社会的行為を繰り返し、何度も逮捕され、その後保釈されている麻生太郎。,fr
26,生活困窮者の中には、シングルマザーで子育て中の方が、 フードバンクに頼る事態も生じています。 離婚して収入が減ったが、 子供を食べさせて行かなければならない。 で、子育て支援の給付金やら援助やらを頼りにする。 離婚するような酷い男と結婚した女の方も悪い。 それなら子供を作らなければよかっただろうに。 そう、冷たく突き放す人もいるでしょう。 そう言える人は、恵まれた人達と言えるのではないでしょうか。 私は、赤十字・赤い羽根・フードバンクなどに 毎年、寄付をしています。 性的関係はありませんでしたし、結婚歴もないし、 同棲もありませんでしたから、ある意味、無傷です。 でも、youtubeで、 母が離婚して、子供が食べ物に困ってます、という、 お涙ちょうだいの広告を、出されているのを見ると、 いたたまれません。 バブルの時に結婚し子育てもあったが、 バブルがはじけて、リストラされ、就職氷河期となり、 離婚して子育てという、来唯境遇が、 多くの人にあったかもしれません。 就職氷河期に生まれ育った人達に、未婚者が多いのも、 経済的な困窮が原因です。 少子化は、当然に起こるべくして起こっています。 その上に、日本語は喋れない外国人を移住させ、 労働力にする、という不良外国人問題まで起こしています。 これは信仰心が無いからではなく、政府の無策も原因だと思います。 イエスの福音書の言葉には、 この生活困窮から救われる教えが、無いのではないでしょうか。,生活困窮者の中には、シングルマザーで育児中の方が、フードバンクに頼る事態も生じています。離婚して収入が減ったが子供を食べていかなければならない。そして、子育て支援の給付金や援助やを頼りとする。離婚する恐ろしい男と結婚した女性も悪い。それなら子供を作らなければよかっただろう。そう、冷たく追い出す人もいるでしょう。そう言える人は、祝福された人と言えるのではないでしょうか。私は赤十字・赤翼・フードバンクなどに毎年寄付をしています。性的関係はなく、結婚力もなく、同居もなかったので、ある意味、無償です。でも、youtubeで、母が離婚し、子どもが食べ物に困っている、という、涙ぴったり広告を、出ているのを見ると、我慢できません。バブルの時に結婚して子育てもあったのですが、バブルが初めて、構造調整され、就職氷河になり、離婚して子育てという、ああゆうが、多くの人にあったかもしれません。就職氷に生まれ育った人々に未婚者が多いのも経済的な困窮が原因です。低出産は当然起こるために起こっています。しかも日本語は話せない外国人を移住させて労働力にするという不良外国人問題まで起こしています。これは信仰心がないからではなく、政府の無策も原因だと思います。イエスの福音書の言葉には、この生活の困窮から救われる教えがないでしょうか。,ko
25,キリストを批判する前に まず自分を批判しろよ,キリストを批判する前に、まず自分自身を批判しなさい。,fr
38,イスラムの怒りの通販 2018/03/27 11:07 ・3/26 読了．うすうすそうじゃないかなと思ってたんだけど、キリスト教徒や欧米人はムスリムをわざと怒らせて反発したら危険なレッテルを貼ろうという意図があるんじゃないか．これを読んでますますその可能性が高いのではと思った．人種的にもムスリムを卑下したい、ちょうどアジア蔑視と同じ感情かもしれないね．自分達より優れた面があるというのが気に食わない、コンプレックスの裏返しだね．,イスラム教徒の怒りをオンラインで買う 2018/03/27 11:07 - 3月26日に読み終えました。そうかもしれないという予感はありましたが、キリスト教徒や西洋人は、イスラム教徒を意図的に怒らせ、抵抗するなら危険人物とレッテルを貼ろうとしているのだと思います。これを読んで、その可能性はさらに高まったと思います。彼らはイスラム教徒を人種的に軽蔑したいのですが、それはアジア人に対する軽蔑と同じ感情かもしれません。彼らはイスラム教徒が自分たちよりも優れている側面を持っていることを好まないのです。それは劣等感の裏返しです。,en
39,地の王と大淫婦 キリストと私の姉ですか。,地上の王と大淫婦、キリストと私の妹？,en
33,>>237 プロテスタントは人の思考で作られた宗教。 神から啓示があったわけでもなく、ルターの聖書解釈で分派した。 分派（プロテスタント）は人間が作った宗教にすぎない。,>>237 プロテスタントは人の事故で作られた宗教。神様から啓示があったわけでもなく、ルターの聖書の解釈で分派した。分派（プロテスタント）は人間が作った宗教に過ぎない。,ko
28,どうせ寿命で死ぬのだよ 逃げ回ってどうなるのだ？ くだらない聖書に詳しい 洗礼を受けたから キリスト教の歴史に詳しい ようするに楽して 逃げ回って救われたいんだよな イエスの弟子が見捨てて逃げて 生き返ったイエスと会ったら 見捨てる気はなかった 言い訳はかりして しかしそれが君たちのキリスト教なのか？,どうせ寿命で死ぬんだ逃げてどうなるの？愚かな聖書に詳しい洗礼を受けたので、キリスト教の歴史に慣れるように楽しく逃げて救われたいです。,ko
23,イエスが実在って証拠もないもんな。,イエスが実在したという証拠は存在しないですよね？,fr
27,韓国ではキリスト教系の新興宗教が良く表れているけど、どれも稚拙。原罪というどうしようもできないものをp作り上げて縛り上げる原因を作り、 それを解消するために、肉体関係を教祖と結ぶことを目的をするなんて、（統一教会もそうだがその分派もそこは同じ）サルに毛が生えたような韓国人が考えそうなものだよ。 だから日本では解散にまでなったってことだろ。最初から大問題集団だったってわけ。,韓国ではキリスト教界の新興宗教がよく表れているが、誰も歯磨き粉。原罪という仕方がないことをｐ作り出して結びつける原因を作り、それを解消するために、肉体関係を教祖と結ぶことを目的とするなんて、（統一教会もそうだがその分派もそこは同じだ）猿に毛ができたような韓国人が考えそうだ。だから日本では解散にまでなったということだ。最初から大きな問題集団だったこと。,ko
31,>>287 >>240 やはり戦争を終わらせたのはトランプ米大統領だったな。 「平和を作り出した」のはトランプ米大統領。 グレタ氏でも反戦の偽善者どもでもなく。 プラカードを掲げて戦争が終わるなら苦労しないだろ。 無能な偽善者どもの自己満足。 主キリストは当時の偽善者どもを断罪したが、 現代の教会にも偽善者が多い。 人質と拘束者解放、ガザ停戦第1段階 トランプ氏「新たな中東の夜明け」 https://jp.reuters.c...3AQF4U6E-2025-10-13/,>>287 >>240 やはり戦争を終えたのはトランプ米大統領だった。 「平和を作り出した」というトランプ米大統領。グレタさんも反転の偽善者でもなく。プラカードを掲げて戦争が終われば苦労しないだろう。無能な偽善者の自己満足。主キリストは当時偽善者を断罪したが、現代教会にも偽善者が多い。人質と拘束者解放、行こう停電 第1段階トランプ氏「新しい中東の夜明け」 https://jp.reuters.c...,ko
34,>>269 家族を破壊されたんじゃなくて 母親が家族を破壊したんだよ 全て母親のせい お前の母親まともだから統一教会なんかに入ってないだろ 母親がまともならこんなことにはならないんだよ,>>269 家族が破壊されたのではなく、母親が家族を破壊した。すべての母親のために、あなたの母は大丈夫だったので、統一教会に入らなかった。,ko
36,イスラムと大して変わらんクソみたいな規律のユダヤ教を別物に改変しただけやね 旧約聖書とかいうやべえ奴らのユダヤの歴史書よかイエス一代記の新約聖書のほうが受けただけ,イスラムと大きく変わらないクソのような規律のユダヤ教を別々に変更しただけだ,ko
35,統一教会は反日カルトだよ だから保守だ愛国だでバカをだます そして金は北朝鮮に送っていた つまり北朝鮮の組織なんだよ,統一教会は反日カルトなので保守の愛国なので馬鹿をだまして金は北朝鮮に送っていた、つまり北朝鮮の組織だ,ko
24,他を傷つけず、裁かず、 思いやりを持って 精一杯生きることが信仰です イエスの教えに従うことができればさらに良いけれど 夢のまた夢でしょ,信仰とは、他者を傷つけたり裁いたりすることなく、思いやりをもって、人生を精一杯生きることです。イエスの教えに従うことができればさらに良いのですが、それは単なる願望に過ぎませんよね？,fr
30,キリスト教のお金を使うと犠牲者多発します。 日本は、諸外国から鐘を儲け過ぎなのでやられています。,キリスト教資金の不正使用は多くの犠牲者を出している。日本は教会の鐘を海外に売却して過剰な利益を得たために、その被害を受けている。,fr
37,宗教界の各宗派はそれぞれの道が真理の道であると信じている。真理の道を偽りの道からどのように区別するのか。 | 神の国降臨の福音 終わりの日のキリストだけが人に永遠のいのちの道を与えられる 恵みの時代における教会生活と神の国の時代における教会生活の違いは何か。 キリストの神的本質をどのようにして知ることができるか。 聖書は人によって編纂されたものであり、神によって編纂されたものではない。聖書は神を表現できない。,宗教界の各宗派はそれぞれの長さ真理の長さであると信じています。真理の道を偽の道からどのように区別するか。神の国の降臨の福音の最後の日、キリストだけが人に永遠の命の道を与えます。聖書は人によって編纂されたものであり、神によって編纂されたものではありません。聖書は神を表現することはできません。,ko
22,>>702 つまり今のテレビは お母さまの「統一教会と安倍はズブズブ」って真言を日本人に拡散させる洗脳装置になってんのか 安倍より先に撃たれた統一教会が警察に通報してれば 指名手配された山上被告は銃を所持したまま自由に行動することはできなかったし そもそも拳銃を持った人間が自由に歩いている奈良に安倍元総理が来る事も無かっただろ その辺の矛盾はどう報道してんの？,>>702 つまり、テレビはあなたの母親の「統一教会と安倍首相はグルだ」というお決まりのフレーズを日本国民に広める洗脳ツールになったということですか？安倍政権発足前に銃撃事件の標的となった統一教会が告訴していれば、指名手配されていた山神容疑者は銃を持って自由に歩き回ることはできなかったでしょうし、武装した男が自由に歩き回っている奈良に安倍元首相が来ることもなかったでしょう。この矛盾をどう説明するのですか？,fr
20,山上の母親はあれだけなってもまだ信仰してるからな カルトこえーわ ネトウヨもみんなカルトやろ 日本語通じないし,あれだけのことがあったにもかかわらず、山上さんの母親は信仰を失っていません。カルト集団は恐ろしいものです。極右のネット荒らしもカルト集団の一種です。彼らは日本語すら理解していません。,de
32,>>1 日本のキリスト教会(カトリック教会も含む)は、 宗教を隠れ蓑にした反日極左団体。 たいへん ぁ ゃ ι ぃ。,>>1 日本のキリスト教会（カトリック教会を含む）は、宗教を隠れ蓑にした極左の反日団体です。非常に疑わしいです。,fr
29,>>518 結果的には大成功 教祖やっても殉教者になるだけだもんな,>>518 結局、大成功だった。カルトのリーダーになれば、殉教者になる運命にある。,fr
21,イエスキリストは味方してくれそうか 反社会活動を繰り返し、逮捕保釈を繰り返す麻生太郎,イエス・キリストは私たちの味方になってくれるだろうか？反社会的行為を繰り返し、逮捕と保釈を繰り返している麻生太郎。,de
39,地の王と大淫婦 キリストと私の姉ですか。,地上の王と大陰部キリストと私の妹？,ko
38,イスラムの怒りの通販 2018/03/27 11:07 ・3/26 読了．うすうすそうじゃないかなと思ってたんだけど、キリスト教徒や欧米人はムスリムをわざと怒らせて反発したら危険なレッテルを貼ろうという意図があるんじゃないか．これを読んでますますその可能性が高いのではと思った．人種的にもムスリムを卑下したい、ちょうどアジア蔑視と同じ感情かもしれないね．自分達より優れた面があるというのが気に食わない、コンプレックスの裏返しだね．,イスラムの怒りの通販 2018/03/27 11:07 ·3/26 毒料。うんざりしないかと思ったが、キリスト教徒や欧米人はイスラム教徒をわざわざ怒って反発すれば危険なレテルを付けようとする意図があるのではないか。これを読んでますますその可能性が高いと思った。人種的にもイスラム教徒を卑下したい、ちょうどアジア蔑視のような感情かもしれませんね。自分より優れた面があるというのが気に入らない、コンプレックスの裏返しですね。,ko
25,キリストを批判する前に まず自分を批判しろよ,キリストを批判する前に、まず自分自身を批判しなさい。,de
33,>>237 プロテスタントは人の思考で作られた宗教。 神から啓示があったわけでもなく、ルターの聖書解釈で分派した。 分派（プロテスタント）は人間が作った宗教にすぎない。,>>237 プロテスタントは人間の思考によって作られた宗教です。神の啓示はなく、ルターの聖書解釈に基づいて教会から分離しました。異端派（プロテスタント）は、人間によって作られた宗教に過ぎません。,fr
23,イエスが実在って証拠もないもんな。,イエスが実在したという証拠はないですよね？,de
28,どうせ寿命で死ぬのだよ 逃げ回ってどうなるのだ？ くだらない聖書に詳しい 洗礼を受けたから キリスト教の歴史に詳しい ようするに楽して 逃げ回って救われたいんだよな イエスの弟子が見捨てて逃げて 生き返ったイエスと会ったら 見捨てる気はなかった 言い訳はかりして しかしそれが君たちのキリスト教なのか？,とにかく、あなたたちは皆、老衰で死ぬのだから、走り回って何の意味があるの？ あなたたちはこの無価値な聖書を知っていて、洗礼も受けていて、キリスト教の歴史も知っている。でも心の奥底では、楽な道を選んで、走り回ることで救われたいだけなのよね？ イエスの弟子たちはあなたたちを見捨てて逃げ出し、復活したイエスに会ったときには、「あなたたちを見捨てるつもりはなかった」などと言い訳をした。でも、それがあなたたちのキリスト教なの？,fr
26,生活困窮者の中には、シングルマザーで子育て中の方が、 フードバンクに頼る事態も生じています。 離婚して収入が減ったが、 子供を食べさせて行かなければならない。 で、子育て支援の給付金やら援助やらを頼りにする。 離婚するような酷い男と結婚した女の方も悪い。 それなら子供を作らなければよかっただろうに。 そう、冷たく突き放す人もいるでしょう。 そう言える人は、恵まれた人達と言えるのではないでしょうか。 私は、赤十字・赤い羽根・フードバンクなどに 毎年、寄付をしています。 性的関係はありませんでしたし、結婚歴もないし、 同棲もありませんでしたから、ある意味、無傷です。 でも、youtubeで、 母が離婚して、子供が食べ物に困ってます、という、 お涙ちょうだいの広告を、出されているのを見ると、 いたたまれません。 バブルの時に結婚し子育てもあったが、 バブルがはじけて、リストラされ、就職氷河期となり、 離婚して子育てという、来唯境遇が、 多くの人にあったかもしれません。 就職氷河期に生まれ育った人達に、未婚者が多いのも、 経済的な困窮が原因です。 少子化は、当然に起こるべくして起こっています。 その上に、日本語は喋れない外国人を移住させ、 労働力にする、という不良外国人問題まで起こしています。 これは信仰心が無いからではなく、政府の無策も原因だと思います。 イエスの福音書の言葉には、 この生活困窮から救われる教えが、無いのではないでしょうか。,経済的に苦しい人々の中には、一人で子供を育て、フードバンクに頼らざるを得ないシングルマザーもいる。離婚後、収入は減ったが、それでも子供たちに食べさせなければならない。そのため、彼女たちは生活保護や育児手当に頼っている。中には、そんなひどい男と結婚した女性にも責任があり、子供を産むべきではなかったと言う人もいるだろう。そんなことを言える人は本当に幸運だ。私は毎年、赤十字、レッドフェザーコミュニティ貯蓄貸付組合、フードバンクに寄付をしている。私はセックスをしたこともなく、結婚したこともなく、誰かと暮らしたこともない。ある意味、私は無傷だ。しかし、YouTubeで離婚した母親の子供たちが食べるものにも事欠いている痛ましい広告を見ると、耐えられない。多くの人が同じ状況を経験してきた。経済バブルの時期に結婚して子供を育て、バブル崩壊で解雇され、停滞した雇用市場に直面し、最終的に離婚して再び子供を育てる。雇用難のこの時期に独身で生まれ育った人が多いのは、経済的苦境が原因です。出生率の低下は、その必然的な結果と言えるでしょう。さらに、日本語を話せない望ましくない外国人が雇用されているという問題もあります。これは信仰心の欠如だけでなく、政府の無策にも起因していると私は考えています。もしかしたら、イエスの福音の教えは、このような貧困を前にしては、何の救いももたらさないのかもしれません。,fr
27,韓国ではキリスト教系の新興宗教が良く表れているけど、どれも稚拙。原罪というどうしようもできないものをp作り上げて縛り上げる原因を作り、 それを解消するために、肉体関係を教祖と結ぶことを目的をするなんて、（統一教会もそうだがその分派もそこは同じ）サルに毛が生えたような韓国人が考えそうなものだよ。 だから日本では解散にまでなったってことだろ。最初から大問題集団だったってわけ。,韓国ではキリスト教に影響を受けた宗教運動が数多く出現したが、どれも幼稚なものだった。原罪という概念、つまり個人を縛り付ける宿命的な絆を作り出し、指導者との肉体関係によってそれを解消できると主張する（統一教会とその分派も例外ではない）。これは、単純な思考を持つ韓国人が思いつきそうな類の考え方だ。だからこそ、この運動は最終的に日本で消滅したのだ。最初から問題だらけだった。,fr
34,>>269 家族を破壊されたんじゃなくて 母親が家族を破壊したんだよ 全て母親のせい お前の母親まともだから統一教会なんかに入ってないだろ 母親がまともならこんなことにはならないんだよ,>>269 家族が崩壊したのではなく、母親が崩壊させたのだ。すべて彼女のせいだ。母親は良い人だ。そうでなければ統一教会にはいないだろう？本当に良い人なら、こんなことは起こらなかったはずだ。,fr
41,若者が居ないおばさんと婆さんばかり 教義は古臭いから誰も入らない,そこは中高年の女性ばかりで、若い人は一人もいない。教義が時代遅れなので、誰も入信しないのだ。,en
30,キリスト教のお金を使うと犠牲者多発します。 日本は、諸外国から鐘を儲け過ぎなのでやられています。,キリスト教の資金の使用は多くの犠牲者を生み出している。日本は鐘のために海外から多額の資金を受け取ったことで苦しんでいる。,de
36,イスラムと大して変わらんクソみたいな規律のユダヤ教を別物に改変しただけやね 旧約聖書とかいうやべえ奴らのユダヤの歴史書よかイエス一代記の新約聖書のほうが受けただけ,彼らは、イスラム教とほとんど変わらない不条理な規則を持つユダヤ教を、全く別のものに変えてしまった。イエスの生涯を記した新約聖書は、狂信的なユダヤ人の歴史書に過ぎない旧約聖書よりもはるかに大きな成功を収めている。,fr
35,統一教会は反日カルトだよ だから保守だ愛国だでバカをだます そして金は北朝鮮に送っていた つまり北朝鮮の組織なんだよ,統一教会は反日的な宗派です。だからこそ、保守的で愛国的なレトリックで世間知らずな人々を欺き、北朝鮮に資金を送っているのです。つまり、北朝鮮の組織なのです。,fr
31,>>287 >>240 やはり戦争を終わらせたのはトランプ米大統領だったな。 「平和を作り出した」のはトランプ米大統領。 グレタ氏でも反戦の偽善者どもでもなく。 プラカードを掲げて戦争が終わるなら苦労しないだろ。 無能な偽善者どもの自己満足。 主キリストは当時の偽善者どもを断罪したが、 現代の教会にも偽善者が多い。 人質と拘束者解放、ガザ停戦第1段階 トランプ氏「新たな中東の夜明け」 https://jp.reuters.c...3AQF4U6E-2025-10-13/,>>287 >>240 戦争を終わらせたのはトランプ大統領だ。「平和を確立した」のはトランプ大統領であり、グレタ・トゥーンベリや偽善的な平和主義者ではない。プラカードを掲げるだけで戦争が終わるなら、こんなに問題はないだろう。これは無能な偽善者の自己満足に過ぎない。主イエス・キリストは当時の偽善者を非難したが、今日の教会にも偽善者はたくさんいる。人質と拘束者の解放、ガザでの停戦の第一段階：トランプ大統領、「中東の新たな夜明け」について語る https://jp.reuters.c...3AQF4U6E-2025-10-13/,fr
40,ヤハウェはどのようにしてローマを征服したのか キリスト教と大きな嘘 https://www.unz.com/...hweh-conquered-rome/ 歴史上最大のユダヤ人の嘘は何ですか?議論の余地なく、 この地球に住むすべての国々の中で、ユダヤ人はかつて全能の創造主によって人類を啓発し、 支配するために「選ばれた」という主張です。 本当に当惑しているのは、嘘の巨大さではありません :多くの個人が神に選ばれていると感じているかもしれませんし、国でさえそうしています。 しかし、何十億もの非ユダヤ人(キリスト教徒とイスラム教徒)に 自分たちが選ばれたことを納得させることに成功したのはユダヤ人だけです。 彼らはどうやってそれをしたのでしょうか? ローマのユダヤ人嫌悪が蔓延していた時期に、神がユダヤ人を選んだと主張する教義と本を、 どのようにしてローマがその霊的基盤として採用することになったのかということです。 そして、エルサレムをユダヤ人の立ち入りを禁じられていたアエリア・カピトリーナというギリシャの都市に変えてから2世紀も経たないうちに、 ローマがローマの崩壊と新しいエルサレムを宣言する宗教を公式に採用したことがどうして可能でしょうか? その競争相手である十字架につけられた人々の崇拝とは何と対照的でしょう。 では、なぜキリストは最終的にオシリスに取って代わり、イシスの崇拝を吸収したのか、という疑問が生じます。 栄光と自信に満ちたローマ帝国が、 扇動罪でローマ当局によって拷問され処刑されたユダヤ人ヒーラーの崇拝に改宗したのはなぜでしょうか? これは、ほとんどの人が尋ねたがらないユダヤ人の質問です。 キリスト教が人間の創造物であると仮定すると、それが私の前提ですが、 それは明らかに大部分がユダヤ人の創造物です。 ユダヤ人はどのようにして異邦人のための宗教を作り、帝 国のカルトから始めて帝国内の他のすべての宗教を最終的に根絶することに成功したのでしょうか?,ヤハウェはいかにしてローマを征服したか：キリスト教と大きな嘘 https://www.unz.com/...hweh-conquered-rome/ 歴史上最大のユダヤ人の嘘とは何でしょうか？間違いなく、この地球上に住むすべての民族の中で、ユダヤ人はかつて全能の創造主によって人類を啓蒙し統治するために「選ばれた」と主張しています。本当に不可解なのは、嘘の大きさそのものではありません。多くの個人は神に選ばれたと感じるかもしれませんし、国家でさえそう感じるかもしれません。しかし、ユダヤ人だけが、何十億もの非ユダヤ人（キリスト教徒とイスラム教徒）に自分たちが選ばれたと信じ込ませることに成功しました。彼らはどのようにしてそれを成し遂げたのでしょうか？ローマではユダヤ人に対する憎悪が蔓延していた時代に、ローマはどのようにして、神がユダヤ人を選んだと主張する教義や書物を精神的な基盤として採用するようになったのでしょうか。エルサレムをユダヤ人の立ち入りが禁じられたギリシャ都市アエリア・カピトリノスに変えてからわずか2世紀足らずで、ローマがローマの滅亡と新しいエルサレムを宣言する宗教を公式に採用したのは一体どういうことだろうか？十字架にかけられたキリストの崇拝というライバルとは何という対照だろうか？これは、なぜキリストが最終的にオシリスに取って代わり、イシスの崇拝を取り込んだのかという疑問を提起する。なぜ栄光に満ち、自信に満ちたローマ帝国は、反逆罪でローマ当局によって拷問され処刑されたユダヤ人の癒し手を崇拝するようになったのか？これは、ほとんどの人が尋ねることをためらうユダヤ人の疑問である。キリスト教が人間の創造物であると仮定すれば――これが私の前提である――それは明らかに大部分がユダヤ人の創造物である。ユダヤ人はどのようにして異邦人のための宗教を創造し、帝国の崇拝から始まり、最終的には帝国内の他のすべての宗教を根絶することに成功したのだろうか？,en
29,>>518 結果的には大成功 教祖やっても殉教者になるだけだもんな,>>518 結局、それは大成功だった。カルト教団の指導者になった者は、結局殉教者になるだけだ。,de
32,>>1 日本のキリスト教会(カトリック教会も含む)は、 宗教を隠れ蓑にした反日極左団体。 たいへん ぁ ゃ ι ぃ。,>>1 日本のキリスト教会（カトリック教会を含む）は、宗教を隠れ蓑にした反日的な極左グループです。非常に疑わしいです。,de
37,宗教界の各宗派はそれぞれの道が真理の道であると信じている。真理の道を偽りの道からどのように区別するのか。 | 神の国降臨の福音 終わりの日のキリストだけが人に永遠のいのちの道を与えられる 恵みの時代における教会生活と神の国の時代における教会生活の違いは何か。 キリストの神的本質をどのようにして知ることができるか。 聖書は人によって編纂されたものであり、神によって編纂されたものではない。聖書は神を表現できない。,各宗教宗派はそれぞれ独自の真理への道を信じています。真理の道と偽りの道をどのように区別できるでしょうか？ | 神の国の到来の福音：終わりの日に、キリストだけが人類に永遠の命への道を示すことができます。恵みの時代の教会の生活と神の国の時代の教会の生活の違いは何でしょうか？キリストの神性をどのように知ることができるでしょうか？聖書は神によってではなく、人間によって編纂されました。聖書は神を表現することはできません。,fr
42,統一教会の教義には普遍性が無い。 普遍性が無いから世界宗教になれない。（真理ではない） 日本を悪だと定めて教義にしている統一教会。 このような差別的な教義には時代と民族を超えた普遍性が無い。,統一教会の教義には普遍性が欠けている。普遍性がないからこそ、世界宗教にはなり得ない。（真理ではない。）統一教会は日本を悪者扱いし、それを教義に組み込んでいる。このような差別的な教義には、時代や民族を超越する普遍性が欠けている。,en
24,他を傷つけず、裁かず、 思いやりを持って 精一杯生きることが信仰です イエスの教えに従うことができればさらに良いけれど 夢のまた夢でしょ,信仰とは、他者を傷つけたり裁いたりすることなく、思いやりをもって人生を精一杯生きることだ。イエスの教えに従うことができればさらに良いのだが、それはおそらく単なる願望に過ぎないだろう。,de
39,地の王と大淫婦 キリストと私の姉ですか。,地上の王と大淫婦、キリストと私の妹？,fr
43,>旧統一教会関連会社が北朝鮮に潜水艦を仲介 日本人信者の献金が北の兵器開発に使われていないか なんで右翼はこんな団体を擁護してんだよ,旧統一教会と関係のある企業が北朝鮮に潜水艦を仲介した。日本の信者からの寄付金は北朝鮮の兵器開発に使われているのだろうか？なぜ右派はこのような組織を擁護するのか？,en
22,>>702 つまり今のテレビは お母さまの「統一教会と安倍はズブズブ」って真言を日本人に拡散させる洗脳装置になってんのか 安倍より先に撃たれた統一教会が警察に通報してれば 指名手配された山上被告は銃を所持したまま自由に行動することはできなかったし そもそも拳銃を持った人間が自由に歩いている奈良に安倍元総理が来る事も無かっただろ その辺の矛盾はどう報道してんの？,>>702 これはつまり、テレビが今や洗脳装置になって、あなたの母親の呪文「統一教会と安倍は結託している」を日本人に広めているということでしょうか？安倍氏より先に銃撃された統一教会が警察に通報していれば、指名手配中の山神氏は武器を持って自由に動き回ることはできなかったでしょうし、安倍元首相も拳銃を持って自由に歩き回っている人物がいる奈良に来ることはなかったでしょう。この矛盾はどのように報道されているのですか？,de
38,イスラムの怒りの通販 2018/03/27 11:07 ・3/26 読了．うすうすそうじゃないかなと思ってたんだけど、キリスト教徒や欧米人はムスリムをわざと怒らせて反発したら危険なレッテルを貼ろうという意図があるんじゃないか．これを読んでますますその可能性が高いのではと思った．人種的にもムスリムを卑下したい、ちょうどアジア蔑視と同じ感情かもしれないね．自分達より優れた面があるというのが気に食わない、コンプレックスの裏返しだね．,オンラインショッピングがイスラム教徒の怒りを煽る 2018年3月27日 午前11時07分 - 3月26日に読み終えました。こうなるだろうとは思っていましたが、キリスト教徒や西洋人は意図的にイスラム教徒を挑発し、抵抗すれば危険人物だとレッテルを貼ろうとしているのだと思います。この記事を読んで、この仮説はさらに説得力があると思いました。彼らは人種的な理由でイスラム教徒を貶めようとしており、それはアジア人に対する軽蔑と関連しているのかもしれません。彼らはイスラム教徒が自分たちより優れた何かを持っていることを認めることができません。それは劣等感の裏返しです。,fr
33,>>237 プロテスタントは人の思考で作られた宗教。 神から啓示があったわけでもなく、ルターの聖書解釈で分派した。 分派（プロテスタント）は人間が作った宗教にすぎない。,>>237 プロテスタントは人間が作った宗教です。神からの啓示はなく、ルターの聖書解釈によって分裂しました。分派（プロテスタント）は、人間が作った宗教以外の何物でもありません。,de
41,若者が居ないおばさんと婆さんばかり 教義は古臭いから誰も入らない,若者のいないおばさんとおばあちゃんだけの教義は、古い匂いのため誰も入らない。,ko
44,>>171 の在日の統一教会自演信者はいつ自殺するの,>>171で言及されている、自称統一教会信者の在日韓国人はいつ自殺するのでしょうか？,en
28,どうせ寿命で死ぬのだよ 逃げ回ってどうなるのだ？ くだらない聖書に詳しい 洗礼を受けたから キリスト教の歴史に詳しい ようするに楽して 逃げ回って救われたいんだよな イエスの弟子が見捨てて逃げて 生き返ったイエスと会ったら 見捨てる気はなかった 言い訳はかりして しかしそれが君たちのキリスト教なのか？,どうせみんな自然死するんだから、あてもなくさまよう意味なんてあるのか？ 聖書なんて役に立たないって知ってるし、洗礼も受けたし、キリスト教の歴史も知ってる。でも心の奥底では、楽な道を選んで、あてもなくさまようことで救われたいだけなんだろう？ イエスの弟子たちは君たちを見捨てて逃げ出した。そして死から復活したイエスに会った時、「君たちを見捨てるつもりはなかった」なんて言い訳をした。でも、それが君たちのキリスト教なのか？,de
42,統一教会の教義には普遍性が無い。 普遍性が無いから世界宗教になれない。（真理ではない） 日本を悪だと定めて教義にしている統一教会。 このような差別的な教義には時代と民族を超えた普遍性が無い。,統一教の教義には普遍性がない。普遍性がないから世界の宗教になれない（真理ではない） 日本を悪と定めて教理にしている統一教会。このような差別的な教義には、時代と民族を超えた普遍性がない。,ko
47,キリスト教会行っても無理。 治んねえからこいつら。 免罪符は通じない。。 救うな・・・Jesus。 俺様ならびに後の世からの命令。,キリスト教の教会に行っても無駄だ。彼らは治癒できない。免罪符も効かない。彼らを救ってはならない…イエスよ。これは私と未来の世代からの命令だ。,en
35,統一教会は反日カルトだよ だから保守だ愛国だでバカをだます そして金は北朝鮮に送っていた つまり北朝鮮の組織なんだよ,統一教会は反日的な宗派である。そのため、保守的で愛国的なレトリックで騙されやすい人々を欺き、北朝鮮に資金を送金している。つまり、北朝鮮の組織である。,de
34,>>269 家族を破壊されたんじゃなくて 母親が家族を破壊したんだよ 全て母親のせい お前の母親まともだから統一教会なんかに入ってないだろ 母親がまともならこんなことにはならないんだよ,>>269 家族が崩壊したのではなく、母親が家族を崩壊させたんだ。全部母親のせいだ。母親はまともな人だから、統一教会にはいないだろう？ 母親がまともな人だったら、こんなことにはならなかったはずだ。,de
45,キリスト教自体がうちの教えに従わない奴は敵！おっお前らのとこの神いい権能やんけ、うちの神の側面ってことにしたるわ！あ、お前らの所の神は悪魔ってことにするからな！wとかやってきてる訳だからな……,キリスト教自体が、「我々の教えに従わない者は敵だ！ ああ、君たちの神はすごい力を持っているから、それを我々の神の一側面とみなそう！ ああ、そして君たちの神は悪魔だ！笑」といったことを言っている。,en
36,イスラムと大して変わらんクソみたいな規律のユダヤ教を別物に改変しただけやね 旧約聖書とかいうやべえ奴らのユダヤの歴史書よかイエス一代記の新約聖書のほうが受けただけ,彼らは、イスラム教とほとんど変わらないほどひどい規則を持つユダヤ教を、全く別のものに変えてしまった。イエスの生涯を記した新約聖書は、狂信的なユダヤ人の歴史書である旧約聖書よりも人気があった。,de
46,へ〜クリスチャンに言わせると認識論って学問じゃないんだ。 ＞学問的にイエス・キリストの存在が証明されないのなら、イエス・キリストは架空の人物で間違いないね。 この発想そのものが不勉強な証拠です。 何度も言っているように、そんな基準が成り立つなら、お釈迦様やソクラテスなども、架空の人物になってしまいます。 認識論を考えましょう。,ああ、キリスト教徒によれば、認識論は学問分野ではないということですか？ >イエス・キリストの存在が科学的に証明できないなら、彼は架空の人物に違いない。この考え方自体が知識の欠如の証拠です。私が何度も言ってきたように、もしその基準が有効なら、ブッダやソクラテスも架空の人物ということになります。認識論について考えてみましょう。,en
40,ヤハウェはどのようにしてローマを征服したのか キリスト教と大きな嘘 https://www.unz.com/...hweh-conquered-rome/ 歴史上最大のユダヤ人の嘘は何ですか?議論の余地なく、 この地球に住むすべての国々の中で、ユダヤ人はかつて全能の創造主によって人類を啓発し、 支配するために「選ばれた」という主張です。 本当に当惑しているのは、嘘の巨大さではありません :多くの個人が神に選ばれていると感じているかもしれませんし、国でさえそうしています。 しかし、何十億もの非ユダヤ人(キリスト教徒とイスラム教徒)に 自分たちが選ばれたことを納得させることに成功したのはユダヤ人だけです。 彼らはどうやってそれをしたのでしょうか? ローマのユダヤ人嫌悪が蔓延していた時期に、神がユダヤ人を選んだと主張する教義と本を、 どのようにしてローマがその霊的基盤として採用することになったのかということです。 そして、エルサレムをユダヤ人の立ち入りを禁じられていたアエリア・カピトリーナというギリシャの都市に変えてから2世紀も経たないうちに、 ローマがローマの崩壊と新しいエルサレムを宣言する宗教を公式に採用したことがどうして可能でしょうか? その競争相手である十字架につけられた人々の崇拝とは何と対照的でしょう。 では、なぜキリストは最終的にオシリスに取って代わり、イシスの崇拝を吸収したのか、という疑問が生じます。 栄光と自信に満ちたローマ帝国が、 扇動罪でローマ当局によって拷問され処刑されたユダヤ人ヒーラーの崇拝に改宗したのはなぜでしょうか? これは、ほとんどの人が尋ねたがらないユダヤ人の質問です。 キリスト教が人間の創造物であると仮定すると、それが私の前提ですが、 それは明らかに大部分がユダヤ人の創造物です。 ユダヤ人はどのようにして異邦人のための宗教を作り、帝 国のカルトから始めて帝国内の他のすべての宗教を最終的に根絶することに成功したのでしょうか?,ヤハエはどのようにローマを征服しましたか。キリスト教と大きな嘘 https://www.unz.com/...hweh-conquered-rome/ 支配するために「選択された」という主張です。本当に慌てるのは嘘の巨大さではありません。多くの個人が神様に選ばれたと感じることができ、国でもそうです。しかし、数十億の非ユダヤ人（キリスト教徒とイスラム教徒）に自分たちが選んだことを納得させることに成功したのはユダヤ人だけです。彼らはどうやってやったの？ローマのユダヤ人嫌悪が蔓延した時期に、神様がユダヤ人を選ばれたと主張する教義と本をどのようにローマがその霊的な基盤として採用するようになりましたか。そして、エルサレムをユダヤ人の出入りを禁止されたアリア・カピトリナはギリシャの都市に変えてから2世紀も経っておらず、ローマがローマの崩壊と新しいエルサレムを宣言する宗教を正式に採用したことはどのように可能でしょうか。その競技者である十字架だとすれば、なぜキリストは結局オシリスに代わってイシスの崇拝を吸収したのだろうか。栄光と自信に満ちたローマ帝国が扇動罪でローマ当局によって拷問され処刑されたユダヤ人ヒーラーの崇拝に改宗したのはなぜでしょうか。これはほとんどの人が尋ねたくないユダヤ人の質問です。キリスト教が人間の創造物であると仮定すると、それは私の前提ですが、明らかにほとんどはユダヤ人の創造物です。ユダヤ人はどのように異邦人のための宗教を作成し、帝国のカルトから始まり、帝国の他のすべての宗教を最終的に根絶することに成功しましたか？,ko
26,生活困窮者の中には、シングルマザーで子育て中の方が、 フードバンクに頼る事態も生じています。 離婚して収入が減ったが、 子供を食べさせて行かなければならない。 で、子育て支援の給付金やら援助やらを頼りにする。 離婚するような酷い男と結婚した女の方も悪い。 それなら子供を作らなければよかっただろうに。 そう、冷たく突き放す人もいるでしょう。 そう言える人は、恵まれた人達と言えるのではないでしょうか。 私は、赤十字・赤い羽根・フードバンクなどに 毎年、寄付をしています。 性的関係はありませんでしたし、結婚歴もないし、 同棲もありませんでしたから、ある意味、無傷です。 でも、youtubeで、 母が離婚して、子供が食べ物に困ってます、という、 お涙ちょうだいの広告を、出されているのを見ると、 いたたまれません。 バブルの時に結婚し子育てもあったが、 バブルがはじけて、リストラされ、就職氷河期となり、 離婚して子育てという、来唯境遇が、 多くの人にあったかもしれません。 就職氷河期に生まれ育った人達に、未婚者が多いのも、 経済的な困窮が原因です。 少子化は、当然に起こるべくして起こっています。 その上に、日本語は喋れない外国人を移住させ、 労働力にする、という不良外国人問題まで起こしています。 これは信仰心が無いからではなく、政府の無策も原因だと思います。 イエスの福音書の言葉には、 この生活困窮から救われる教えが、無いのではないでしょうか。,経済的に苦しい人々の中には、食料の寄付に頼っているシングルマザーもいる。離婚後、収入は減ったが、それでも子供たちに食べさせなければならない。そのため、助成金や育児支援に頼っている。そもそもそんなひどい男と結婚して子供を産まなかったのは、女性にも責任があると言う人もいるかもしれない。そう言える人は本当に幸運だ。私は毎年、赤十字、レッドフェザーコミュニティチェスト、フードバンクに寄付している。性的な関係を持ったことも、結婚したことも、誰かと暮らしたこともないから、ある意味、私は無傷だ。しかし、子供が生き延びるのに苦労している離婚した母親の感傷的なビデオをYouTubeで見ると、耐えられない。多くの人が似たような経験をしているかもしれない。投機バブルの時期に結婚して子供を育て、バブル崩壊後に失業し、雇用市場が崩壊し、最終的に離婚して再び子供を育てる。失業の時期に生まれ育った人々の間で未婚者が多いのは、経済的苦境によるものだ。出生率の低下は避けられない結果である。これに加えて、日本語を話せない外国人労働者の流入という問題もある。これは信仰心の欠如によるものではなく、政府の無策も原因だと私は考えている。おそらく、イエスの福音の教えは、この貧困からの救済にはならないのだろう。,de
27,韓国ではキリスト教系の新興宗教が良く表れているけど、どれも稚拙。原罪というどうしようもできないものをp作り上げて縛り上げる原因を作り、 それを解消するために、肉体関係を教祖と結ぶことを目的をするなんて、（統一教会もそうだがその分派もそこは同じ）サルに毛が生えたような韓国人が考えそうなものだよ。 だから日本では解散にまでなったってことだろ。最初から大問題集団だったってわけ。,韓国にはキリスト教の影響を受けた新興宗教運動が数多く存在するが、どれも幼稚だ。原罪という概念を作り出し、人々を結びつける逃れられない罪として捉え、指導者との肉体関係を通してそれを克服しようとする（統一教会とその分派もこの点では同じだ）。まるで猿のような未熟な韓国人が考えそうな発想だ。だからこそ、日本の統一教会運動は最終的に崩壊した。最初から問題のある集団だったのだ。,de
43,>旧統一教会関連会社が北朝鮮に潜水艦を仲介 日本人信者の献金が北の兵器開発に使われていないか なんで右翼はこんな団体を擁護してんだよ,> 旧統一教会関連会社が北朝鮮に潜水艦を仲介する日本人信者の献金が北朝鮮の武器開発に使われていないか,ko
48,>>18 >>1 統一教会の霊感商法は麻生政権で大規模に摘発された。 統一教会の霊感商法は安倍政権で規制された。 その両政権に挟まれた民主党政権時代は規制もせず、霊感商法をやり放題で宗教二世の被害を拡大させた。 自民党は統一教会を選挙に使っていただけで 統一教会に使われ、宗教二世の被害を拡大し統一教会の利益を広めていたのは民主党なんだよ。 頭の良い山上さんがそんなことも解らないわけがないんだよね。,>>18 >>1 麻生政権下では統一教会の霊的販売行為が大規模に取り締まられ、安倍政権下では規制された。両政権に挟まれた民主党政権下では規制がなく、霊的販売行為は野放しにされ、二世信者への被害を悪化させた。自由民主党は選挙のために統一教会を利用していただけであり、民主党は統一教会に利用され、二世信者への被害を悪化させ、統一教会の利益を広めていた。山神のような賢い人物なら、そんなことは理解できないはずがない。,en
39,地の王と大淫婦 キリストと私の姉ですか。,地上の王と大淫婦、キリストと私の妹？,de
37,宗教界の各宗派はそれぞれの道が真理の道であると信じている。真理の道を偽りの道からどのように区別するのか。 | 神の国降臨の福音 終わりの日のキリストだけが人に永遠のいのちの道を与えられる 恵みの時代における教会生活と神の国の時代における教会生活の違いは何か。 キリストの神的本質をどのようにして知ることができるか。 聖書は人によって編纂されたものであり、神によって編纂されたものではない。聖書は神を表現できない。,すべての宗教共同体には、真理への独自の道があります。真理への道と偽りの道をどのように区別すればよいのでしょうか？ | 来たるべき神の国の福音：終わりの日に、人類に永遠の命への道を与えることができるのはキリストだけです。恵みの時代の教会生活と神の国の時代の教会生活の違いは何でしょうか？キリストの神性をどのように認識できるのでしょうか？聖書は神によってではなく、人によって編纂されました。聖書は神を表現することはできません。,de
49,>>106 の在日の統一教会自演信者はいつ自殺するの,>>106で言及されている、自称統一教会信者の在日韓国人はいつ自殺するのでしょうか？,en
31,>>287 >>240 やはり戦争を終わらせたのはトランプ米大統領だったな。 「平和を作り出した」のはトランプ米大統領。 グレタ氏でも反戦の偽善者どもでもなく。 プラカードを掲げて戦争が終わるなら苦労しないだろ。 無能な偽善者どもの自己満足。 主キリストは当時の偽善者どもを断罪したが、 現代の教会にも偽善者が多い。 人質と拘束者解放、ガザ停戦第1段階 トランプ氏「新たな中東の夜明け」 https://jp.reuters.c...3AQF4U6E-2025-10-13/,>>287 >>240 戦争を終わらせたのは確かにトランプ大統領だった。「平和を築いた」のはグレタや偽善的な反戦活動家ではなく、トランプ大統領だった。プラカードを掲げるだけで戦争が終わるなら、こんなに問題はないだろう。これは無能な偽善者の自己満足に過ぎない。主キリストは当時の偽善者を非難したが、今日の教会にも偽善者はたくさんいる。人質と囚人が解放され、ガザ停戦第1段階：トランプ大統領はこれを「中東の新たな夜明け」と呼ぶ https://jp.reuters.c...3AQF4U6E-2025-10-13/,de
44,>>171 の在日の統一教会自演信者はいつ自殺するの,>>171の在日統一教会自然信者はいつ自殺するのか,ko
47,キリスト教会行っても無理。 治んねえからこいつら。 免罪符は通じない。。 救うな・・・Jesus。 俺様ならびに後の世からの命令。,キリスト教会行く群れ。見慣れないからこいつら。免罪部は通じない。 。救うなよ…ジェスス。私と後で世界の命令。,ko
55,高市早苗も統一教会のスパイだよ https://i.imgur.com/sNNYJ29.jpeg,高市早苗も統一教会のスパイだ。https://i.imgur.com/sNNYJ29.jpeg,en
50,カトリックの人でまともな人にあったためしがないです。 マリア崇拝が一因していると思います。,私はまともなカトリック教徒に会ったことがない。彼らの聖母マリアへの信仰心がその一因だと思う。,en
45,キリスト教自体がうちの教えに従わない奴は敵！おっお前らのとこの神いい権能やんけ、うちの神の側面ってことにしたるわ！あ、お前らの所の神は悪魔ってことにするからな！wとかやってきてる訳だからな……,キリスト教自体が私たちの教えに従わない人は敵です！あなたたちとこの神の良い力です。あ、お前らの所の神は悪魔ということにするから！ wとか来る理由だから…,ko
41,若者が居ないおばさんと婆さんばかり 教義は古臭いから誰も入らない,そこは主に中年女性と高齢者が集まる場所で、若者は一人もいない。教義が時代遅れなため、誰も入信しないのだ。,fr
46,へ〜クリスチャンに言わせると認識論って学問じゃないんだ。 ＞学問的にイエス・キリストの存在が証明されないのなら、イエス・キリストは架空の人物で間違いないね。 この発想そのものが不勉強な証拠です。 何度も言っているように、そんな基準が成り立つなら、お釈迦様やソクラテスなども、架空の人物になってしまいます。 認識論を考えましょう。,エ・クリスチャンに言わせると認識論は学問ではない。 ＞学問的にイエス・キリストの存在が証明されなければ、イエス・キリストは仮想の人物に違いない。この発想そのものが不勉強な証拠です。何度も言っているように、そんな基準が成立すれば、釈迦様やソクラテスなども、架空の人物になってしまいます。認識論を考えてみましょう。,ko
54,教義を否定する一番の方法は「自殺をすること」深刻な宗教2世のメッセージ 旧統一教会への第9次集団交渉 2024年11月29日 https://news.yahoo.c...e8df08a482d6e8206258 https://pbs.twimg.co...t=jpg&name=4096x4096,教義を拒否する最良の方法は「自殺すること」だ：2024年11月29日、統一教会との第9回団体交渉会で、二代目宗教指導者から発せられた深刻なメッセージ。[https://news.yahoo.c...e8df08a482d6e8206258](https://news.yahoo.c...e8df08a482d6e8206258) [https://pbs.twimg.co...t=jpg&name=4096x4096](https://pbs.twimg.co...t=jpg&name=4096x4096),en
51,2100年まで続く。キリスト教会は殺戮教会なので、死者も沢山出る。被害者も多数出ている。不謹慎なことに、キリスト教会は、ビデオのエンターテイメントにして売っている。被害を避けたい人は、〒874大分県別府市野口元町9の12神の愛の宣教者会へ「マザー・テレサとマリア様のメダイをください」と手紙を書いてください。ターゲットになるのを避けられます。,それは2100年まで続くでしょう。キリスト教会は殺人教会なので、多くの死者が出るでしょう。多くの犠牲者も出るでしょう。キリスト教会は無礼にも、それをビデオエンターテイメントとして売り出しています。犠牲者になりたくないなら、大分県別府市野口本町9番地の愛徳宣教女会に「マザー・テレサと聖母マリアのメダルをください」と手紙を書いてください。そうすれば標的になることを免れることができます。,en
53,>>1 キリスト教、とうとう欧米諸国からは見放されつつあるわけなのか… 無神論率が最も高い25か国。 https://youtu.be/pKQdEkI88i4 そう言えばスペイン人の知り合いが「今どきカトリック信仰なんて時代遅れで低能な愚か者がやることなんだ」と言ってたね。 まあそりゃ、カトリックなんかではイスラム教よりも宗教的に格段に劣っていることが明らか。 あとはポルトガル人の宗教的啓蒙が必要。,>>1 西側諸国はついにキリスト教を放棄しつつある… 無神論率が最も高い25カ国。 https://youtu.be/pKQdEkI88i4 そういえば、スペイン人の知り合いが「最近はカトリックは時代遅れで、愚か者だけがやっていることだ」と言っていた。 まあ、カトリックが宗教的にイスラム教よりはるかに劣っているのは明らかだ。 ポルトガル人に残されたのは宗教的啓蒙だけだ。,en
52,実はキリスト教の教会にいくつか行ったことがあるが、びっくりしたことに牧師の家族と信者が0〜4人しかいない教会も3ヶ所も見た ご家族や信者さんに尋ねたら牧師の在任中から信者数が牧師と対立して出ていき減っていたというのだ 牧師に「失礼ですが、あなたの指導のしかたに問題があったとかあなた自身、牧師に不向きだと考えたことはないか」「教団の支部からお前は辞めろとか言われませんか」と問うたら不機嫌な表情で「ない。出ていった人たちだけが悪い」と返答された 指導者が信者の質にこだわるあまり自滅していくところは他のカルト宗教にもなかなか見られないキリスト教の特殊さだと思う,私は実際にいくつかのキリスト教会を訪れたことがありますが、驚いたことに、牧師の家族と信者が0～4人しかいない教会を3つも見ました。家族や信者に尋ねてみると、牧師の在任中、牧師との対立とそれに伴う信者の離脱が原因で信者の数が減り続けているとのことでした。そこで牧師に「失礼ながらお伺いしますが、ご自身の指導スタイルに問題がある、あるいはご自身が牧師に向いていないと感じたことはありますか？」「教団から辞任を求められたことはありますか？」と尋ねると、彼は不機嫌そうな表情で「いいえ。悪いのは去っていった人たちだけです」と答えました。指導者が信者の質に執着するあまり、このような自己破壊的な行動に走るというのは、キリスト教特有の現象であり、他のカルト教団でもめったに見られない特徴だと思います。,en
38,イスラムの怒りの通販 2018/03/27 11:07 ・3/26 読了．うすうすそうじゃないかなと思ってたんだけど、キリスト教徒や欧米人はムスリムをわざと怒らせて反発したら危険なレッテルを貼ろうという意図があるんじゃないか．これを読んでますますその可能性が高いのではと思った．人種的にもムスリムを卑下したい、ちょうどアジア蔑視と同じ感情かもしれないね．自分達より優れた面があるというのが気に食わない、コンプレックスの裏返しだね．,イスラム教徒の怒りをオンラインで買う 2018年3月27日 11:07 - 3月26日に読み終えました。なんとなく感じてはいましたが、キリスト教徒や西洋人は意図的にイスラム教徒を挑発し、抵抗すると危険人物のレッテルを貼ろうとしているのだと思います。この記事を読んで、その可能性はさらに高いと思うようになりました。彼らはイスラム教徒を人種的に貶めようとしており、それはアジア人に対する軽蔑と似ているかもしれません。彼らはイスラム教徒が自分たちより優れている点があることを好まないのです。それは劣等感の裏返しです。,de
42,統一教会の教義には普遍性が無い。 普遍性が無いから世界宗教になれない。（真理ではない） 日本を悪だと定めて教義にしている統一教会。 このような差別的な教義には時代と民族を超えた普遍性が無い。,統一教会の教義には普遍性が欠けている。したがって、世界宗教にはなり得ない（真理を表していない）。統一教会は日本を悪魔化し、その悪魔化を教義に組み込んでいる。このような差別的な教義には普遍性、すなわち時代や民族を超越する次元が全く欠けている。,fr
56,安倍を暗殺して喜んでるのは新大久保や西早稲田の韓国キリスト教連中というのが皮肉だな,安倍首相の暗殺を喜んでいるのが、新大久保や西早稲田に住む韓国系キリスト教徒たちだというのは、皮肉なことだ。,en
48,>>18 >>1 統一教会の霊感商法は麻生政権で大規模に摘発された。 統一教会の霊感商法は安倍政権で規制された。 その両政権に挟まれた民主党政権時代は規制もせず、霊感商法をやり放題で宗教二世の被害を拡大させた。 自民党は統一教会を選挙に使っていただけで 統一教会に使われ、宗教二世の被害を拡大し統一教会の利益を広めていたのは民主党なんだよ。 頭の良い山上さんがそんなことも解らないわけがないんだよね。,>>18 >>1 統一教会のインスピレーション法は阿蘇政権で大規模に摘発された。統一教のインスピレーション法は安倍政権で規制された。その両政権に挟まれた民主党政権時代は規制もせず、インスピレーション法を無制限に宗教2世の被害を拡大させた。自民党は統一教会を選挙に使っていただき統一教会に使われ、宗教2世の被害を拡大し、統一教会の利益を広く広げたのは民主党だ。頭のいい山上さんがそんなことも分からないことはない。,ko
49,>>106 の在日の統一教会自演信者はいつ自殺するの,>>106の在日統一教会自然信者はいつ自殺する,ko
58,聖書はの、別にイエス直結の物ではないんよ,聖書はイエスと直接関係があるわけではないんですよ。,en
43,>旧統一教会関連会社が北朝鮮に潜水艦を仲介 日本人信者の献金が北の兵器開発に使われていないか なんで右翼はこんな団体を擁護してんだよ,旧統一教会と関係のある企業が、北朝鮮向け潜水艦の購入において仲介役を務めていた。日本の信者からの寄付金は、北朝鮮の兵器開発資金に使われているのだろうか？なぜ右派勢力はこのような組織を擁護するのか？,fr
57,>>16 「加わり得ない」というのは、社会の構造的な所では間違いでしょう。 キリスト教は政治団体としてもロビイストとしても慈善活動団体としても巨大勢力です。 唯、個人の精神構造を考える場合、キリスト教という世界観は 個人と絶対者との契約 であり、社会活動はその延長となります。 彼らは「使命」とか「天命」などと言う事がありますが、これも絶対者の命令という話で、儒教的な道徳的判断による解としての「天命」ではなく、文字通り「神からの命令が下った」とし、現象を主観的に判断する思い込みです。 こうした価値観は現代日本人にも波及していて、ドラマかアニメか忘れましたが、「神様の意地悪」なんてセリフがあったように思います。 つまり、宗教としては稚拙な出来であるキリスト教は、幼稚な感情論を誘発しやすいとも言えると考えます。 「原罪」とか「終末」とか強迫観念を植え付けて、唯一の救済という飴で、絶対者との契約という妄想に落とし混む宗教の真似事であり、 ここから派生した様々な「絶対存在」との個人契約は、既存の社会通念と解離し、反社会的カルトとなる訳です。,>>16 「彼らは参加できない」と言うのは、社会構造の観点から見て間違っている。キリスト教は政治組織、ロビー活動、慈善団体として巨大な力を持っている。しかし、個人の精神構造を考えると、キリスト教的世界観は個人と絶対的存在との契約であり、社会活動はその延長線上にある。「使命」や「運命」について語られるが、これもまた絶対的存在の命令に関するものであり、儒教的な道徳判断に基づく答えとしての「運命」ではなく、文字通り「神から命令が与えられた」というものであり、現象に対する主観的な判断を下す信仰である。こうした価値観は現代の日本人にも広まっており、ドラマかアニメか忘れたが、「神は意地悪だ」といったセリフがあったと思う。言い換えれば、粗雑な宗教であるキリスト教は、幼稚な感情的な議論を容易に引き起こすと言えるだろう。それは宗教の模倣であり、「原罪」や「終末」といった強迫観念を植え付け、救済を約束する絶対的存在との契約という妄想に人々を誘い込む。そこから生じる「絶対的存在」との様々な個人的契約は、既存の社会規範から逸脱し、反社会的なカルトへと変貌する。,en
44,>>171 の在日の統一教会自演信者はいつ自殺するの,>>171で言及されている、統一教会の信者だと自称する在日韓国人はいつ自殺するのでしょうか？,fr
50,カトリックの人でまともな人にあったためしがないです。 マリア崇拝が一因していると思います。,カトリック人でまともな人にいたからしません。マリア崇拝が起きていると思います。,ko
40,ヤハウェはどのようにしてローマを征服したのか キリスト教と大きな嘘 https://www.unz.com/...hweh-conquered-rome/ 歴史上最大のユダヤ人の嘘は何ですか?議論の余地なく、 この地球に住むすべての国々の中で、ユダヤ人はかつて全能の創造主によって人類を啓発し、 支配するために「選ばれた」という主張です。 本当に当惑しているのは、嘘の巨大さではありません :多くの個人が神に選ばれていると感じているかもしれませんし、国でさえそうしています。 しかし、何十億もの非ユダヤ人(キリスト教徒とイスラム教徒)に 自分たちが選ばれたことを納得させることに成功したのはユダヤ人だけです。 彼らはどうやってそれをしたのでしょうか? ローマのユダヤ人嫌悪が蔓延していた時期に、神がユダヤ人を選んだと主張する教義と本を、 どのようにしてローマがその霊的基盤として採用することになったのかということです。 そして、エルサレムをユダヤ人の立ち入りを禁じられていたアエリア・カピトリーナというギリシャの都市に変えてから2世紀も経たないうちに、 ローマがローマの崩壊と新しいエルサレムを宣言する宗教を公式に採用したことがどうして可能でしょうか? その競争相手である十字架につけられた人々の崇拝とは何と対照的でしょう。 では、なぜキリストは最終的にオシリスに取って代わり、イシスの崇拝を吸収したのか、という疑問が生じます。 栄光と自信に満ちたローマ帝国が、 扇動罪でローマ当局によって拷問され処刑されたユダヤ人ヒーラーの崇拝に改宗したのはなぜでしょうか? これは、ほとんどの人が尋ねたがらないユダヤ人の質問です。 キリスト教が人間の創造物であると仮定すると、それが私の前提ですが、 それは明らかに大部分がユダヤ人の創造物です。 ユダヤ人はどのようにして異邦人のための宗教を作り、帝 国のカルトから始めて帝国内の他のすべての宗教を最終的に根絶することに成功したのでしょうか?,ヤハウェはいかにしてローマを征服したか：キリスト教と大嘘 https://www.unz.com/...hweh-conquered-rome/ 歴史上最大のユダヤ人の嘘とは何でしょうか？ 疑いなく、この地球上に住むすべての民族の中で、ユダヤ人はかつて全能の創造主によって人類を啓蒙し統治するために「選ばれた」と主張しています。 本当に厄介なのは、嘘の大きさではありません。多くの人が神に選ばれたと感じているかもしれませんし、いくつかの民族でさえそうです。しかし、ユダヤ人だけが、何十億もの非ユダヤ人（キリスト教徒とイスラム教徒）に自分たちが選ばれた者だと信じ込ませることに成功しました。彼らはどのようにしてそれを成し遂げたのでしょうか？ ローマでは反ユダヤ主義が蔓延していた時代に、ローマはどのようにして、神がユダヤ人を選んだと主張する教義や書物を精神的な基盤として採用できたのでしょうか？そして、エルサレムをユダヤ人に禁じられたギリシャの都市アエリア・カピトリヌスに変えてからわずか2世紀足らずで、ローマがローマの滅亡と新しいエルサレムの到来を宣言する宗教を公式に採用したのは一体どういうことだろうか？十字架にかけられたキリストの崇拝というライバルとは、なんと対照的なことだろう！これは一つの疑問を提起する。なぜキリストは最終的にオシリスに取って代わり、イシスの崇拝を吸収したのか？なぜ栄光に満ち、自信に満ちたローマ帝国は、反逆罪でローマ当局によって拷問され処刑されたユダヤ人の癒し手を崇拝するようになったのか？これは、ほとんどの人が尋ねることをためらうユダヤ人の疑問である。キリスト教は人間の創造物であるという前提（これが私の前提である）から出発すれば、キリスト教は本質的にユダヤ人の創造物であることは明らかだ。ユダヤ人はどのようにして異邦人のための宗教を創造し、帝国の崇拝から帝国内の他のすべての宗教を根絶することに成功したのだろうか？,fr
47,キリスト教会行っても無理。 治んねえからこいつら。 免罪符は通じない。。 救うな・・・Jesus。 俺様ならびに後の世からの命令。,教会に行っても何も変わらない。こいつらは治らない。免罪符も効果がない。救うな…イエスよ。これは私と未来の世代への戒めだ。,fr
55,高市早苗も統一教会のスパイだよ https://i.imgur.com/sNNYJ29.jpeg,高一真奈江戸統一教会のスパイヤ https://i.imgur.com/sNNYJ29.jpeg,ko
59,>>87 マジ キリスト教が存在しなかったら1000年は文明が進んでて今頃は火星に移民都市を作っていたとされる,>>87 マジかよ？キリスト教が存在しなかったら、文明は1000年も進歩して、今頃は火星に都市を建設していたはずだ。,en
56,安倍を暗殺して喜んでるのは新大久保や西早稲田の韓国キリスト教連中というのが皮肉だな,安倍を暗殺して喜ぶのは、新大久保と西早稲田の韓国キリスト教年中だというのが皮肉だ。,ko
51,2100年まで続く。キリスト教会は殺戮教会なので、死者も沢山出る。被害者も多数出ている。不謹慎なことに、キリスト教会は、ビデオのエンターテイメントにして売っている。被害を避けたい人は、〒874大分県別府市野口元町9の12神の愛の宣教者会へ「マザー・テレサとマリア様のメダイをください」と手紙を書いてください。ターゲットになるのを避けられます。,2100年まで続く。キリスト教会は殺肉教会なので、死んだ者もたくさん出てくる。被害者も多数出ている。不安なことに、キリスト教会はビデオエンターテイメントとして販売しています。被害を避けたい人は、〒874大分県別府市野口元町9の12神の愛の宣教者会に「マザー・テレサとマリア様のメダをください」と手紙を書いてください。対象となることを避けることができます。,ko
54,教義を否定する一番の方法は「自殺をすること」深刻な宗教2世のメッセージ 旧統一教会への第9次集団交渉 2024年11月29日 https://news.yahoo.c...e8df08a482d6e8206258 https://pbs.twimg.co...t=jpg&name=4096x4096,教義を否定する最善の方法は、「自殺をすること」深刻な宗教2世のメッセージ旧統一教会に対する第9次集団交渉,ko
45,キリスト教自体がうちの教えに従わない奴は敵！おっお前らのとこの神いい権能やんけ、うちの神の側面ってことにしたるわ！あ、お前らの所の神は悪魔ってことにするからな！wとかやってきてる訳だからな……,キリスト教自体が、「我々の教えに従わない者は敵だ！ああ、君たちの神は素晴らしい力を持っているから、それを我々の神の一面とみなそう！ああ、そして君たちの神は悪魔とみなそう！笑」といった発言をしている。,fr
53,>>1 キリスト教、とうとう欧米諸国からは見放されつつあるわけなのか… 無神論率が最も高い25か国。 https://youtu.be/pKQdEkI88i4 そう言えばスペイン人の知り合いが「今どきカトリック信仰なんて時代遅れで低能な愚か者がやることなんだ」と言ってたね。 まあそりゃ、カトリックなんかではイスラム教よりも宗教的に格段に劣っていることが明らか。 あとはポルトガル人の宗教的啓蒙が必要。,>>1 キリスト教、いよいよ欧米帝国からは解放されているのか…。無神論率が最も高い25カ国。 https://youtu.be/pKQdEkI88i4 そう言えばスペイン人の知り合いが「今カトリック信仰は時代遅くて能率的な愚か者がすることだ」と言っていた。まあ、カトリックはイスラム教より宗教的にはるかに劣っていることは明らかです。そして、ポルトガル人の宗教的啓蒙が必要。,ko
41,若者が居ないおばさんと婆さんばかり 教義は古臭いから誰も入らない,そこは中高年の女性ばかりで、若い人は一人もいません。教えが時代遅れなので、誰も入会しないのです。,de
52,実はキリスト教の教会にいくつか行ったことがあるが、びっくりしたことに牧師の家族と信者が0〜4人しかいない教会も3ヶ所も見た ご家族や信者さんに尋ねたら牧師の在任中から信者数が牧師と対立して出ていき減っていたというのだ 牧師に「失礼ですが、あなたの指導のしかたに問題があったとかあなた自身、牧師に不向きだと考えたことはないか」「教団の支部からお前は辞めろとか言われませんか」と問うたら不機嫌な表情で「ない。出ていった人たちだけが悪い」と返答された 指導者が信者の質にこだわるあまり自滅していくところは他のカルト宗教にもなかなか見られないキリスト教の特殊さだと思う,実はキリスト教教会にいくつか行ったことがあるが、びっくりした牧師の家族と信者が０～４人しかいない教会も３カ所も見た。牧師に「失礼ですが、あなたの指導に問題があったとかあなた自身、牧師には向いていないと思ったことはない」,ko
42,統一教会の教義には普遍性が無い。 普遍性が無いから世界宗教になれない。（真理ではない） 日本を悪だと定めて教義にしている統一教会。 このような差別的な教義には時代と民族を超えた普遍性が無い。,統一教会の教えは普遍的に妥当なものではない。普遍性に欠けるため、世界宗教にはなり得ない。（真理に合致しない。）統一教会は日本を悪とみなし、それを教えに取り入れている。このような差別的な教えは、時代や民族を超越する普遍性を欠いている。,de
58,聖書はの、別にイエス直結の物ではないんよ,聖書はあまりイエス様と直接つながりません。,ko
46,へ〜クリスチャンに言わせると認識論って学問じゃないんだ。 ＞学問的にイエス・キリストの存在が証明されないのなら、イエス・キリストは架空の人物で間違いないね。 この発想そのものが不勉強な証拠です。 何度も言っているように、そんな基準が成り立つなら、お釈迦様やソクラテスなども、架空の人物になってしまいます。 認識論を考えましょう。,ああ、キリスト教徒によれば、認識論は学問分野ではないということですか？ > イエス・キリストの存在が科学的に証明できないなら、彼は架空の人物に違いない。この考え方自体が、深い無知を示している。私が何度も言ってきたように、この基準が有効であれば、ブッダやソクラテスも架空の人物ということになる。認識論の問題を検討してみよう。,fr
49,>>106 の在日の統一教会自演信者はいつ自殺するの,>>106で言及されている、統一教会の信者だと自称する在日韓国人はいつ自殺するのでしょうか？,fr
57,>>16 「加わり得ない」というのは、社会の構造的な所では間違いでしょう。 キリスト教は政治団体としてもロビイストとしても慈善活動団体としても巨大勢力です。 唯、個人の精神構造を考える場合、キリスト教という世界観は 個人と絶対者との契約 であり、社会活動はその延長となります。 彼らは「使命」とか「天命」などと言う事がありますが、これも絶対者の命令という話で、儒教的な道徳的判断による解としての「天命」ではなく、文字通り「神からの命令が下った」とし、現象を主観的に判断する思い込みです。 こうした価値観は現代日本人にも波及していて、ドラマかアニメか忘れましたが、「神様の意地悪」なんてセリフがあったように思います。 つまり、宗教としては稚拙な出来であるキリスト教は、幼稚な感情論を誘発しやすいとも言えると考えます。 「原罪」とか「終末」とか強迫観念を植え付けて、唯一の救済という飴で、絶対者との契約という妄想に落とし混む宗教の真似事であり、 ここから派生した様々な「絶対存在」との個人契約は、既存の社会通念と解離し、反社会的カルトとなる訳です。,>>16 「参加できない」というのは、社会の構造的なところでは間違いだろう。キリスト教は政治団体でもロビストロでも慈善活動団体でも巨大勢力です。唯一個人の精神構造を考えると、キリスト教という世界観は個人と絶対者との契約であり、社会活動はその延長になります。彼らは「使命」とか「千人」などということがありますが、これも絶対者の命令という話で、儒教的な道徳的判断による年としての「千名」ではなく、文字通り「神の命令が下された」と現象を主観的に判断する思い出です。こうした価値観は現代日本人にも波及しており、ドラマやアニメなのか忘れましたが、「神様の意志悪」というセリフがあったようです。つまり、宗教としては熾烈な仕事であるキリスト教は、幼稚な感情論を誘発しやすいとも言えると思います。 「原罪」とか「終末」とか強迫観念を植え、唯一の救済という飴で、絶対者との契約という妄想に陥る宗教の模倣師であり、ここから派生した様々な「絶対存在」との個人契約は、既存の社会通念と解離し、反社会的カルトとなるのです。,ko
50,カトリックの人でまともな人にあったためしがないです。 マリア崇拝が一因していると思います。,私はこれまで、真のカトリック教徒に会ったことがありません。彼らの聖母マリアへの信仰心が、その一因となっているのだと思います。,fr
44,>>171 の在日の統一教会自演信者はいつ自殺するの,>>171で言及されている、統一教会の信者だと自称する在日（日本在住の韓国人）は、いつ自殺するのでしょうか？,de
48,>>18 >>1 統一教会の霊感商法は麻生政権で大規模に摘発された。 統一教会の霊感商法は安倍政権で規制された。 その両政権に挟まれた民主党政権時代は規制もせず、霊感商法をやり放題で宗教二世の被害を拡大させた。 自民党は統一教会を選挙に使っていただけで 統一教会に使われ、宗教二世の被害を拡大し統一教会の利益を広めていたのは民主党なんだよ。 頭の良い山上さんがそんなことも解らないわけがないんだよね。,>>18 >>1 麻生政権下では統一教会の霊的販売行為が大規模に取り締まられ、安倍政権下では規制された。しかし、この二つの政権の間に挟まれた民主党政権下では、何の規制も設けられず、こうした行為は野放しにされ、二世信者への悪影響を悪化させた。自由民主党は選挙目的で統一教会を利用し、民主党自体も教会に操られていたため、二世信者への被害はさらに拡大し、統一教会は利益を拡散することができた。山神のような聡明な人物がこれを理解できないはずがない。,fr
47,キリスト教会行っても無理。 治んねえからこいつら。 免罪符は通じない。。 救うな・・・Jesus。 俺様ならびに後の世からの命令。,キリスト教の教会に通っても無駄だ。彼らは治癒不能だ。免罪符も役に立たない。彼らを救ってはならない…イエスよ。これは私と未来の世代からの戒めだ。,de
55,高市早苗も統一教会のスパイだよ https://i.imgur.com/sNNYJ29.jpeg,高市早苗も統一教会のスパイだ。https://i.imgur.com/sNNYJ29.jpeg,fr
59,>>87 マジ キリスト教が存在しなかったら1000年は文明が進んでて今頃は火星に移民都市を作っていたとされる,>>87 本当のキリスト教が存在しなかったら1000年は文明が進み、これまでは火星に移民都市を作っていたという,ko
43,>旧統一教会関連会社が北朝鮮に潜水艦を仲介 日本人信者の献金が北の兵器開発に使われていないか なんで右翼はこんな団体を擁護してんだよ,旧統一教会と関係のある企業が、北朝鮮の潜水艦購入を仲介した。日本の統一教会信者からの寄付金は、北朝鮮の兵器開発に使われているのだろうか？なぜ右翼過激派は、このような組織を擁護するのだろうか？,de
60,キリスト教が一番人を殺してるのにキリスト教で平和になるとか片腹痛いwwwイテテ,キリスト教は最も多くの殺人事件を引き起こしているのに、平和をもたらすと主張するのか？馬鹿げてるよ（笑）。痛い。,en
58,聖書はの、別にイエス直結の物ではないんよ,聖書はイエスと直接関係があるわけではないんですよ。,fr
56,安倍を暗殺して喜んでるのは新大久保や西早稲田の韓国キリスト教連中というのが皮肉だな,安倍首相の暗殺を喜ぶのが、新大久保と西早稲田の韓国系キリスト教徒であるというのは、皮肉なことである。,fr
40,ヤハウェはどのようにしてローマを征服したのか キリスト教と大きな嘘 https://www.unz.com/...hweh-conquered-rome/ 歴史上最大のユダヤ人の嘘は何ですか?議論の余地なく、 この地球に住むすべての国々の中で、ユダヤ人はかつて全能の創造主によって人類を啓発し、 支配するために「選ばれた」という主張です。 本当に当惑しているのは、嘘の巨大さではありません :多くの個人が神に選ばれていると感じているかもしれませんし、国でさえそうしています。 しかし、何十億もの非ユダヤ人(キリスト教徒とイスラム教徒)に 自分たちが選ばれたことを納得させることに成功したのはユダヤ人だけです。 彼らはどうやってそれをしたのでしょうか? ローマのユダヤ人嫌悪が蔓延していた時期に、神がユダヤ人を選んだと主張する教義と本を、 どのようにしてローマがその霊的基盤として採用することになったのかということです。 そして、エルサレムをユダヤ人の立ち入りを禁じられていたアエリア・カピトリーナというギリシャの都市に変えてから2世紀も経たないうちに、 ローマがローマの崩壊と新しいエルサレムを宣言する宗教を公式に採用したことがどうして可能でしょうか? その競争相手である十字架につけられた人々の崇拝とは何と対照的でしょう。 では、なぜキリストは最終的にオシリスに取って代わり、イシスの崇拝を吸収したのか、という疑問が生じます。 栄光と自信に満ちたローマ帝国が、 扇動罪でローマ当局によって拷問され処刑されたユダヤ人ヒーラーの崇拝に改宗したのはなぜでしょうか? これは、ほとんどの人が尋ねたがらないユダヤ人の質問です。 キリスト教が人間の創造物であると仮定すると、それが私の前提ですが、 それは明らかに大部分がユダヤ人の創造物です。 ユダヤ人はどのようにして異邦人のための宗教を作り、帝 国のカルトから始めて帝国内の他のすべての宗教を最終的に根絶することに成功したのでしょうか?,ヤハウェはいかにしてローマを征服したか：キリスト教と大嘘 https://www.unz.com/...hweh-conquered-rome/ 歴史上最大のユダヤ人の嘘とは何でしょうか？ 疑いなく、地球上のすべての民族の中で、全能の創造主によって人類を啓蒙し統治するために「選ばれた」と主張するのはユダヤ人です。 本当に驚くべきことは、この嘘の規模ではありません。多くの人々、さらには国家全体が、神に選ばれたと感じるかもしれません。 しかし、ユダヤ人だけが、何十億もの非ユダヤ人（キリスト教徒とイスラム教徒）に自分たちが選ばれたことを納得させることに成功しました。 彼らはどのようにしてこれを成し遂げたのでしょうか？ 反ユダヤ主義が蔓延していた時代に、ローマはどのようにして、神がユダヤ人を精神的な基盤として選んだと主張する教えや文書を受け入れることができたのでしょうか？そして、ユダヤ人を締め出したギリシャ都市アエリア・カピトリヌスにエルサレムを変貌させてからわずか2世紀足らずで、ローマがローマの滅亡と新しいエルサレムを宣言する宗教を公式に採用したというのは、一体どういうことだろうか？十字架にかけられたキリストの崇拝というライバルとは、なんと対照的なことだろう！ここで疑問が生じる。なぜキリストは最終的にオシリスに取って代わり、イシスの崇拝を引き継いだのか？なぜ栄光に満ち、自信に満ちたローマ帝国は、反逆罪でローマ当局に拷問され処刑されたユダヤ人の癒し手を崇拝するようになったのか？これはユダヤ人の問いであり、ほとんどの人が問いたがらない問いである。キリスト教が人間の創造物であると仮定するならば――これが私の前提である――それは明らかに大部分がユダヤ人の創造物である。ユダヤ人はどのようにして、帝国の崇拝から始まり、最終的には帝国内の他のすべての宗教を根絶する異教徒のための宗教を作り出すことができたのだろうか？,de
61,正義の仮面を被り、無実の教会とキリスト教徒を迫害する村上密氏の活動の危険②｜カルト被害者救済活動はなぜ誤っているのか｜私ではなくキリストⅡ（東洋からの風の便りI） Home > ブログ > カルト被害者救済活動はなぜ誤っているのか > 正義の仮面を被り、無実の教会とキリスト教徒を迫害する村上密氏の活動の危険② 正義の仮面を被り、無実の教会とキリスト教徒を迫害する村上密氏の活動の危険② ｜村上密牧師による教会とクリスチャンへの迫害と杉本徳久が刑事告訴された事実②,正義の仮面をかぶり、罪のない教会やキリスト教徒を迫害する村上満の活動の危険性 ② | カルト被害者救済活動はなぜ間違っているのか？ | キリスト、私ではない II (東方からのメッセージ I) ホーム > ブログ > カルト被害者救済活動はなぜ間違っているのか？ > 正義の仮面をかぶり、罪のない教会やキリスト教徒を迫害する村上満の活動の危険性 ② 正義の仮面をかぶり、罪のない教会やキリスト教徒を迫害する村上満の活動の危険性 ② | 村上満牧師による教会とキリスト教徒への迫害と杉本徳久が刑事訴追された事実 ②,en
45,キリスト教自体がうちの教えに従わない奴は敵！おっお前らのとこの神いい権能やんけ、うちの神の側面ってことにしたるわ！あ、お前らの所の神は悪魔ってことにするからな！wとかやってきてる訳だからな……,キリスト教自体が、「我々の教えに従わない者は敵だ！ ああ、君たちの神は素晴らしい力を持っているから、我々はそれを我々の神の一面だと考えている！ ああ、そして我々は君たちの神は悪魔だと考えている！笑」といったことを言っている。,de
46,へ〜クリスチャンに言わせると認識論って学問じゃないんだ。 ＞学問的にイエス・キリストの存在が証明されないのなら、イエス・キリストは架空の人物で間違いないね。 この発想そのものが不勉強な証拠です。 何度も言っているように、そんな基準が成り立つなら、お釈迦様やソクラテスなども、架空の人物になってしまいます。 認識論を考えましょう。,ああ、キリスト教徒によれば、認識論は学問分野ではないということですか？ >イエス・キリストの存在が科学的に証明できないなら、彼は架空の人物に違いない。この考えは無知を露呈している。私がよく言うように、この基準が妥当なら、ブッダやソクラテスも架空の人物ということになる。では、認識論について考えてみよう。,de
62,金の流れ 信者→教会→安倍派裏金,資金の流れ：信者 → 教会 → 安倍派の裏金,en
49,>>106 の在日の統一教会自演信者はいつ自殺するの,>>106で言及されている、統一教会の信者だと自称する在日（日本在住の韓国人）は、いつ自殺するのでしょうか？,de
51,2100年まで続く。キリスト教会は殺戮教会なので、死者も沢山出る。被害者も多数出ている。不謹慎なことに、キリスト教会は、ビデオのエンターテイメントにして売っている。被害を避けたい人は、〒874大分県別府市野口元町9の12神の愛の宣教者会へ「マザー・テレサとマリア様のメダイをください」と手紙を書いてください。ターゲットになるのを避けられます。,これは2100年まで続くでしょう。キリスト教会は殺人教会なので、多くの死者と犠牲者が出るでしょう。キリスト教会は無礼にも、これをビデオエンターテイメントとして販売しています。犠牲者になりたくない方は、大分県別府市野口本町9番地の愛徳宣教会に手紙を書き、マザー・テレサと聖母マリアのメダルを請求してください。そうすれば、あなたは守られます。,fr
53,>>1 キリスト教、とうとう欧米諸国からは見放されつつあるわけなのか… 無神論率が最も高い25か国。 https://youtu.be/pKQdEkI88i4 そう言えばスペイン人の知り合いが「今どきカトリック信仰なんて時代遅れで低能な愚か者がやることなんだ」と言ってたね。 まあそりゃ、カトリックなんかではイスラム教よりも宗教的に格段に劣っていることが明らか。 あとはポルトガル人の宗教的啓蒙が必要。,>>1 西側諸国はついにキリスト教を放棄しつつある… 無神論率が最も高い25カ国。 https://youtu.be/pKQdEkI88i4 この件に関して、スペイン人の知人がこう言っていた。「最近では、カトリックは時代遅れで、それを実践しているのは愚か者だけだ。」 まあ、カトリックが宗教的にイスラム教よりはるかに劣っていることは明らかだ。ポルトガル人に残された道は宗教的啓蒙だけだ。,fr
52,実はキリスト教の教会にいくつか行ったことがあるが、びっくりしたことに牧師の家族と信者が0〜4人しかいない教会も3ヶ所も見た ご家族や信者さんに尋ねたら牧師の在任中から信者数が牧師と対立して出ていき減っていたというのだ 牧師に「失礼ですが、あなたの指導のしかたに問題があったとかあなた自身、牧師に不向きだと考えたことはないか」「教団の支部からお前は辞めろとか言われませんか」と問うたら不機嫌な表情で「ない。出ていった人たちだけが悪い」と返答された 指導者が信者の質にこだわるあまり自滅していくところは他のカルト宗教にもなかなか見られないキリスト教の特殊さだと思う,私はこれまでいくつかのキリスト教会に出席しましたが、驚いたことに、牧師の家族と信者が0人から4人しかいない教会を3つも見ました。家族や信者に尋ねてみると、牧師が着任して以来、彼との対立とそれに伴う信者の離脱が原因で信者の数が減ったとのことでした。私が牧師に「失礼ながらお伺いしますが、ご自身の指導スタイルに問題がある、あるいは牧師には向いていないと考えたことはありますか？」「所属教団から辞任を求められたことはありますか？」と尋ねると、彼は不満げな様子で「いいえ。辞めていった人たちに責任があるのです」と答えました。指導者が信者の質に執着するあまりに自滅してしまうこの現象は、キリスト教特有のものであり、他の宗派でもめったに見られないものだと私は考えています。,fr
54,教義を否定する一番の方法は「自殺をすること」深刻な宗教2世のメッセージ 旧統一教会への第9次集団交渉 2024年11月29日 https://news.yahoo.c...e8df08a482d6e8206258 https://pbs.twimg.co...t=jpg&name=4096x4096,「この教義を拒否する最善の方法は自殺することだ」：2024年11月29日、統一教会との第9回団体交渉会で、ある二世宗教指導者から発せられた重苦しいメッセージ。[https://news.yahoo.c...e8df08a482d6e8206258](https://news.yahoo.c...e8df08a482d6e8206258) [https://pbs.twimg.co...t=jpg&name=4096x4096](https://pbs.twimg.co...t=jpg&name=4096x4096),fr
50,カトリックの人でまともな人にあったためしがないです。 マリア崇拝が一因していると思います。,私はまともなカトリック教徒に会ったことがない。彼らの聖母マリアへの信仰心が、その一因となっていると思う。,de
60,キリスト教が一番人を殺してるのにキリスト教で平和になるとか片腹痛いwwwイテテ,キリスト教が一番人を殺しているのに、キリスト教で平和になったり痛い。,ko
55,高市早苗も統一教会のスパイだよ https://i.imgur.com/sNNYJ29.jpeg,高市早苗も統一教会のスパイだ。https://i.imgur.com/sNNYJ29.jpeg,de
64,キリスト教の精神とまるで違う生き様をしながら 自分はクリスチャンのつもりなのが凄いよな マジ頭が狂っている マジどういう理解度で生きてるんだろな 逃げた弟子に対してイエスは福音の布教のお題を出した 弟子たちは全員が殉教したと噂されてる それを無職引きこもりはまるでキリスト教の精神とは違うよ,キリスト教の精神とは全くかけ離れた生き方をしながら、自分をクリスチャンだと考える人がいるなんて、本当に驚きだ。正気の沙汰とは思えない。一体どんな理解力を持っているのだろうか。イエスは福音を広めるという使命を弟子たちに託したが、彼らは逃げ出してしまった。弟子たちは皆殉教したという噂もある。この無職の引きこもりは、キリスト教の精神とは全くかけ離れた生き方をしている。,en
63,>>273 そそw いいね！ 俺は〜〜モブだからわかんねえやw こうゆうのはアメリカ様が好むんだろパコパコママ♪ ちんこもでかけりゃまんこもでかいプラちんとガバマンという感度の低い欧米系。。 やりすぎだから増えちまう性犯罪者からの犯罪者。 結果、愛というキリスト教の教え多幸感という脳内麻薬からの執着おまんこ馬鹿。 全くしょーもねーペテン野郎がイエスだった高須クリノックへgo!! ブスとデブはいきなさい金かけてみてくれと毛穴クッサーのワキガチューンなかったことにするのアップデート。 https://imgur.com/a/CIXtdsO アメリカたまたま白人様。 俺様は日本人だったりアジア系だからわからんちん。 元々見た目がアジア系のイケメン。。w https://imgur.com/a/ElO0cYa 要するに美味しんだろ・・・こいつら。w,>>273 うん、笑 いいね！私はただのモブだから知らないけど、笑 アメリカ人はこういうのが好きなんだろうな、尻軽ママ♪ デカチンとデカマンコ、プラスチックチンコとゆるいマンコ、感度の低い西洋人。 。 性犯罪者が増えるのはやりすぎだからだ。 結局、キリスト教の愛の教えと陶酔の脳内ドラッグに囚われた、マンコに執着するバカども。 全く価値のない詐欺師がイエスだった高須クリニックに行け！！ 醜くて太った人は行って試してみれば、脇の臭いを消すようにアップデートされるだろう。 https://imgur.com/a/CIXtdsO アメリカはたまたま白人だ。私は日本人かアジア人だから知らないけど。 元々はアジア系の顔立ちのイケメンたち。 。笑 https://imgur.com/a/ElO0cYa 要するに、こいつらは美味しいに違いない。笑,en
59,>>87 マジ キリスト教が存在しなかったら1000年は文明が進んでて今頃は火星に移民都市を作っていたとされる,>>87 マジかよ？キリスト教が存在しなかったら、文明は1000年進歩して、火星に都市を植民地化していたはずだ。,fr
48,>>18 >>1 統一教会の霊感商法は麻生政権で大規模に摘発された。 統一教会の霊感商法は安倍政権で規制された。 その両政権に挟まれた民主党政権時代は規制もせず、霊感商法をやり放題で宗教二世の被害を拡大させた。 自民党は統一教会を選挙に使っていただけで 統一教会に使われ、宗教二世の被害を拡大し統一教会の利益を広めていたのは民主党なんだよ。 頭の良い山上さんがそんなことも解らないわけがないんだよね。,>>18 >>1 麻生政権下では統一教会の宗教的な販売行為は徹底的に取り締まられ、安倍政権下では規制された。しかし、この二つの政権の間にある民主党政権下では規制がなく、販売行為は野放しにされ、二世信者への被害を悪化させた。自由民主党は選挙運動のために統一教会を利用しただけであり、民主党は統一教会に利用され、二世信者への被害を悪化させ、統一教会の利益を増大させた。山神のような人物なら、このことを理解していたはずだ。,de
57,>>16 「加わり得ない」というのは、社会の構造的な所では間違いでしょう。 キリスト教は政治団体としてもロビイストとしても慈善活動団体としても巨大勢力です。 唯、個人の精神構造を考える場合、キリスト教という世界観は 個人と絶対者との契約 であり、社会活動はその延長となります。 彼らは「使命」とか「天命」などと言う事がありますが、これも絶対者の命令という話で、儒教的な道徳的判断による解としての「天命」ではなく、文字通り「神からの命令が下った」とし、現象を主観的に判断する思い込みです。 こうした価値観は現代日本人にも波及していて、ドラマかアニメか忘れましたが、「神様の意地悪」なんてセリフがあったように思います。 つまり、宗教としては稚拙な出来であるキリスト教は、幼稚な感情論を誘発しやすいとも言えると考えます。 「原罪」とか「終末」とか強迫観念を植え付けて、唯一の救済という飴で、絶対者との契約という妄想に落とし混む宗教の真似事であり、 ここから派生した様々な「絶対存在」との個人契約は、既存の社会通念と解離し、反社会的カルトとなる訳です。,「彼らは従うことができない」と主張するのは構造的な誤りである。キリスト教は政治組織、ロビー団体、慈善団体として相当な力を持っている。しかし、個人の精神構造を考えると、キリスト教的世界観は個人と絶対的存在との間の契約であり、社会活動はこの契約の延長線上にある。「使命」や「運命」といった言葉もあるが、これらもまた絶対的存在からの命令であり、儒教的な道徳判断に基づく答えとしての「運命」ではなく、文字通り「神から与えられた戒律」、つまり主観的な判断を伴う信仰である。こうした価値観は現代の日本人にも広まっており、確かどこかのドラマかアニメで「神は悪だ」といった類のセリフがあったような気がする（どれだったかは思い出せない）。言い換えれば、キリスト教という、お粗末な宗教は、幼稚な感情的な議論を容易に生み出してしまう可能性があるのだ。これは宗教の模倣であり、「原罪」や「終末」といった強迫観念を植え付け、救済を約束する絶対的存在との契約という幻想へと人々を導く。その結果として生じる様々な「絶対的存在」との個人的な契約は、既存の社会規範から逸脱し、反社会的なカルトへと変貌する。,fr
65,>>98 全然違うな 裏金議員だ統一教会議員だの叩くなら自民党議員だけでなく立憲含む全ての議員を叩け、と言ってる 裏金ガー統一ガーと叩くフリして実は自民党叩きだけしたい魂胆丸見えなんだよ、お前らパヨクは。,>>98 それは全くの間違いだ。裏金や統一教会に関わっている政治家を批判するなら、自由民主党だけでなく、立憲民主党の政治家も含めて全ての政治家を批判すべきだ。左派は裏金や統一教会を批判しているふりをしているだけで、本当の目的は自由民主党だけを批判することだ。,en
61,正義の仮面を被り、無実の教会とキリスト教徒を迫害する村上密氏の活動の危険②｜カルト被害者救済活動はなぜ誤っているのか｜私ではなくキリストⅡ（東洋からの風の便りI） Home > ブログ > カルト被害者救済活動はなぜ誤っているのか > 正義の仮面を被り、無実の教会とキリスト教徒を迫害する村上密氏の活動の危険② 正義の仮面を被り、無実の教会とキリスト教徒を迫害する村上密氏の活動の危険② ｜村上密牧師による教会とクリスチャンへの迫害と杉本徳久が刑事告訴された事実②,正義の仮面を書いて無実な教会とキリスト教徒を迫害する村上ミル氏の活動の危険②｜カルト被害者救済活動はなぜ間違っているのか,ko
62,金の流れ 信者→教会→安倍派裏金,金の流れ信者→教会→安倍パリ,ko
56,安倍を暗殺して喜んでるのは新大久保や西早稲田の韓国キリスト教連中というのが皮肉だな,安倍首相の暗殺を喜んでいるのが、新大久保や西早稲田に住む韓国系キリスト教徒たちだというのは、皮肉なことだ。,de
58,聖書はの、別にイエス直結の物ではないんよ,聖書にはイエスについての直接的な記述は一切ないんですよ。,de
64,キリスト教の精神とまるで違う生き様をしながら 自分はクリスチャンのつもりなのが凄いよな マジ頭が狂っている マジどういう理解度で生きてるんだろな 逃げた弟子に対してイエスは福音の布教のお題を出した 弟子たちは全員が殉教したと噂されてる それを無職引きこもりはまるでキリスト教の精神とは違うよ,キリスト教の精神とまるで違う人生を生きながら、自分はクリスチャンの考えがすごい。本当の頭が狂っている。それを無職に引き寄せることは、まるでキリスト教の精神とは異なります。,ko
60,キリスト教が一番人を殺してるのにキリスト教で平和になるとか片腹痛いwwwイテテ,キリスト教が殺人事件のほとんどの原因なのに、平和をもたらすと主張している？馬鹿げてる！痛い。,fr
63,>>273 そそw いいね！ 俺は〜〜モブだからわかんねえやw こうゆうのはアメリカ様が好むんだろパコパコママ♪ ちんこもでかけりゃまんこもでかいプラちんとガバマンという感度の低い欧米系。。 やりすぎだから増えちまう性犯罪者からの犯罪者。 結果、愛というキリスト教の教え多幸感という脳内麻薬からの執着おまんこ馬鹿。 全くしょーもねーペテン野郎がイエスだった高須クリノックへgo!! ブスとデブはいきなさい金かけてみてくれと毛穴クッサーのワキガチューンなかったことにするのアップデート。 https://imgur.com/a/CIXtdsO アメリカたまたま白人様。 俺様は日本人だったりアジア系だからわからんちん。 元々見た目がアジア系のイケメン。。w https://imgur.com/a/ElO0cYa 要するに美味しんだろ・・・こいつら。w,>>273 それはｗ いいね！私は~~モブだからわからないねｗ こんなのはアメリカ様が好きなんだパコパコママ♪ 。多すぎるから増える性犯罪者からの犯罪者。結果、愛というキリスト教の教え幸運感という脳内麻薬からの執着オマンコ愚か。まったくショモネ-ペテンのやつがイエスだったタカス・クリノクにgo!!ブースおよび脂肪質は行きなさい https://imgur.com/a/CIXtdsO アメリカの偶然の白人。私たちは日本人かアジア系だから分からない。もともと見た目がアジア系のイケメン。 。 w https://imgur.com/a/ElO0cYa 要するにおいしいだろう・・・こいつら。 w,ko
53,>>1 キリスト教、とうとう欧米諸国からは見放されつつあるわけなのか… 無神論率が最も高い25か国。 https://youtu.be/pKQdEkI88i4 そう言えばスペイン人の知り合いが「今どきカトリック信仰なんて時代遅れで低能な愚か者がやることなんだ」と言ってたね。 まあそりゃ、カトリックなんかではイスラム教よりも宗教的に格段に劣っていることが明らか。 あとはポルトガル人の宗教的啓蒙が必要。,>>1 西側諸国はついにキリスト教を放棄しつつある… 無神論率が最も高い25カ国。 https://youtu.be/pKQdEkI88i4 ところで、スペイン人の知り合いがこう言っていた。「今どきカトリックは時代遅れで、愚か者のものだ」。確かにカトリックは宗教的にイスラム教よりはるかに劣っている。ポルトガル人に残された唯一の選択肢は宗教的啓蒙のようだ。,de
52,実はキリスト教の教会にいくつか行ったことがあるが、びっくりしたことに牧師の家族と信者が0〜4人しかいない教会も3ヶ所も見た ご家族や信者さんに尋ねたら牧師の在任中から信者数が牧師と対立して出ていき減っていたというのだ 牧師に「失礼ですが、あなたの指導のしかたに問題があったとかあなた自身、牧師に不向きだと考えたことはないか」「教団の支部からお前は辞めろとか言われませんか」と問うたら不機嫌な表情で「ない。出ていった人たちだけが悪い」と返答された 指導者が信者の質にこだわるあまり自滅していくところは他のカルト宗教にもなかなか見られないキリスト教の特殊さだと思う,私は実際にいくつかのキリスト教会を訪れたことがありますが、そのうち3つの教会は牧師の家族だけで構成されており、信者は0人から4人しかいないことに驚きました。家族や信者に尋ねてみると、牧師が就任して以来、対立やそれに伴う脱退によって信者数が減少したと説明されました。そこで牧師に「失礼ながら、ご自身の指導スタイルや、ご自身が牧師としての資質に疑問を持ったことはありますか？」「教会の指導部から辞任を勧められたことはありますか？」と尋ねると、彼は暗い表情で「いいえ。脱退した人たちのせいです」と答えました。指導者が信者の質に執着するあまり、このような自己破壊的な行動をとるのは、キリスト教特有の特徴であり、他の宗派でもめったに見られない現象だと思います。,de
51,2100年まで続く。キリスト教会は殺戮教会なので、死者も沢山出る。被害者も多数出ている。不謹慎なことに、キリスト教会は、ビデオのエンターテイメントにして売っている。被害を避けたい人は、〒874大分県別府市野口元町9の12神の愛の宣教者会へ「マザー・テレサとマリア様のメダイをください」と手紙を書いてください。ターゲットになるのを避けられます。,それは2100年まで続くでしょう。キリスト教会は殺人教会なので、多くの死者と犠牲者が出るでしょう。キリスト教会は無礼にも、これをビデオエンターテイメントとして売り出しています。犠牲者になりたくないなら、大分県別府市野口本町9番地の愛徳宣教女会に手紙を書き、マザー・テレサと聖母マリアのメダルを請求してください。そうすれば、標的になることを避けることができます。,de
54,教義を否定する一番の方法は「自殺をすること」深刻な宗教2世のメッセージ 旧統一教会への第9次集団交渉 2024年11月29日 https://news.yahoo.c...e8df08a482d6e8206258 https://pbs.twimg.co...t=jpg&name=4096x4096,「教義を拒否する最良の方法は自殺だ」：2024年11月29日、統一教会との第9回団体交渉で、ある二世宗教指導者から発せられた深刻なメッセージ。[https://news.yahoo.c...e8df08a482d6e8206258](https://news.yahoo.c...e8df08a482d6e8206258) [https://pbs.twimg.co...t=jpg&name=4096x4096](https://pbs.twimg.co...t=jpg&name=4096x4096),de
59,>>87 マジ キリスト教が存在しなかったら1000年は文明が進んでて今頃は火星に移民都市を作っていたとされる,>>87 マジかよ？キリスト教が存在しなかったら、文明は1000年も進歩して、今頃は火星に都市を建設していたはずだ。,de
65,>>98 全然違うな 裏金議員だ統一教会議員だの叩くなら自民党議員だけでなく立憲含む全ての議員を叩け、と言ってる 裏金ガー統一ガーと叩くフリして実は自民党叩きだけしたい魂胆丸見えなんだよ、お前らパヨクは。,>>98 まったく変わらない裏金議員だ統一教会会議員の叩くなら自民党議員だけでなく立憲含むすべての議員を叩いて、,ko
62,金の流れ 信者→教会→安倍派裏金,資金の流れ：信者 → 教会 → 安倍派の裏金,fr
61,正義の仮面を被り、無実の教会とキリスト教徒を迫害する村上密氏の活動の危険②｜カルト被害者救済活動はなぜ誤っているのか｜私ではなくキリストⅡ（東洋からの風の便りI） Home > ブログ > カルト被害者救済活動はなぜ誤っているのか > 正義の仮面を被り、無実の教会とキリスト教徒を迫害する村上密氏の活動の危険② 正義の仮面を被り、無実の教会とキリスト教徒を迫害する村上密氏の活動の危険② ｜村上密牧師による教会とクリスチャンへの迫害と杉本徳久が刑事告訴された事実②,正義の仮面を被り、罪のない教会やキリスト教徒を迫害する村上満の行為の危険性 ② | カルト被害者を助けることがなぜ間違いなのか？ | キリスト、私ではない II (東洋からのメッセージ I) ホーム > ブログ > カルト被害者を助けることがなぜ間違いなのか？ > 正義の仮面を被り、罪のない教会やキリスト教徒を迫害する村上満の行為の危険性 ② 正義の仮面を被り、罪のない教会やキリスト教徒を迫害する村上満の行為の危険性 ② | 村上満牧師による教会とキリスト教徒への迫害と杉本徳久の起訴に関する事実 ②,fr
57,>>16 「加わり得ない」というのは、社会の構造的な所では間違いでしょう。 キリスト教は政治団体としてもロビイストとしても慈善活動団体としても巨大勢力です。 唯、個人の精神構造を考える場合、キリスト教という世界観は 個人と絶対者との契約 であり、社会活動はその延長となります。 彼らは「使命」とか「天命」などと言う事がありますが、これも絶対者の命令という話で、儒教的な道徳的判断による解としての「天命」ではなく、文字通り「神からの命令が下った」とし、現象を主観的に判断する思い込みです。 こうした価値観は現代日本人にも波及していて、ドラマかアニメか忘れましたが、「神様の意地悪」なんてセリフがあったように思います。 つまり、宗教としては稚拙な出来であるキリスト教は、幼稚な感情論を誘発しやすいとも言えると考えます。 「原罪」とか「終末」とか強迫観念を植え付けて、唯一の救済という飴で、絶対者との契約という妄想に落とし混む宗教の真似事であり、 ここから派生した様々な「絶対存在」との個人契約は、既存の社会通念と解離し、反社会的カルトとなる訳です。,>>16 「彼らは参加できない」と言うのは、構造的に間違っています。キリスト教は政治組織、ロビー活動組織、慈善団体として巨大な力を持っています。しかし、個人の精神構造を考えると、キリスト教的世界観は個人と絶対的存在との契約であり、社会活動はその延長線上にあるものです。「使命」や「運命」といった言葉が出てきますが、これもまた、儒教的道徳に対する「運命」ではなく、文字通り「神によって戒めが与えられた」という絶対的存在の戒律に関するものであり、現象を主観的に評価する信仰です。こうした価値観は現代の日本社会にも広まっており、ドラマかアニメで「神は意地悪だ」といったセリフがあったような気がしますが、どこだったか正確には覚えていません。つまり、未発達な宗教であるキリスト教は、幼稚な感情的葛藤に容易に陥りやすいのです。それは宗教の模倣であり、「原罪」や「終末」といった強迫観念を植え付け、人々を救済を約束する絶対的な存在との契約という妄想へと誘い込む。こうした「絶対的な存在」との個人的な契約は、既存の社会規範から逸脱し、反社会的なカルトへと変貌する。,de
60,キリスト教が一番人を殺してるのにキリスト教で平和になるとか片腹痛いwwwイテテ,キリスト教は殺人事件のほとんどの原因なのに、平和をもたらすと主張するのか？馬鹿げている！痛い。,de
64,キリスト教の精神とまるで違う生き様をしながら 自分はクリスチャンのつもりなのが凄いよな マジ頭が狂っている マジどういう理解度で生きてるんだろな 逃げた弟子に対してイエスは福音の布教のお題を出した 弟子たちは全員が殉教したと噂されてる それを無職引きこもりはまるでキリスト教の精神とは違うよ,キリスト教の精神からかけ離れた生き方をしながら、自分をクリスチャンだと考える人がいるなんて信じられない。全く正気の沙汰ではない。一体何を理解しているのだろうか。イエスは福音を広める使命を弟子たちに託したが、弟子たちは逃げ出した。噂では、弟子たちは皆殉教したと言われている。この無職の隠遁者は、キリスト教の精神とは全く正反対の生き方をしている。,fr
62,金の流れ 信者→教会→安倍派裏金,資金の流れ：信者 → 教会 → 安倍派の賄賂資金,de
65,>>98 全然違うな 裏金議員だ統一教会議員だの叩くなら自民党議員だけでなく立憲含む全ての議員を叩け、と言ってる 裏金ガー統一ガーと叩くフリして実は自民党叩きだけしたい魂胆丸見えなんだよ、お前らパヨクは。,>>98 それは全くの誤りです。横領に関与した政治家や統一教会を批判するなら、自由民主党の政治家だけでなく、立憲民主党の政治家も含め、すべての政治家を批判すべきです。左派は横領や統一教会を批判するふりをしていますが、本当の目的は自由民主党だけを批判することです。,fr
63,>>273 そそw いいね！ 俺は〜〜モブだからわかんねえやw こうゆうのはアメリカ様が好むんだろパコパコママ♪ ちんこもでかけりゃまんこもでかいプラちんとガバマンという感度の低い欧米系。。 やりすぎだから増えちまう性犯罪者からの犯罪者。 結果、愛というキリスト教の教え多幸感という脳内麻薬からの執着おまんこ馬鹿。 全くしょーもねーペテン野郎がイエスだった高須クリノックへgo!! ブスとデブはいきなさい金かけてみてくれと毛穴クッサーのワキガチューンなかったことにするのアップデート。 https://imgur.com/a/CIXtdsO アメリカたまたま白人様。 俺様は日本人だったりアジア系だからわからんちん。 元々見た目がアジア系のイケメン。。w https://imgur.com/a/ElO0cYa 要するに美味しんだろ・・・こいつら。w,>>273 うん、笑 いいね！私はただのファンだから知らないけど、笑 アメリカ人はこういうのが好きなんだろうな、ママビッチ♪ デカチンとデカヴァギナ、プラスチックチンとゆるいヴァギナ、無神経な西洋人。性犯罪者の数は、それを悪用するから増えている。結局、ヴァギナに執着するバカどもは、キリスト教の愛の教えと陶酔の脳薬に騙される。この全く役に立たない詐欺師がイエスだった高須クリニックに行け！！醜くて太った人は行って試してみるべきだ、汗臭さをなくすためにアップグレードしてくれるだろう。 https://imgur.com/a/CIXtdsO アメリカはただ白人だ。私は日本人かアジア人だから知らないけど。元々はアジア人の特徴を持つイケメン。笑 https://imgur.com/a/ElO0cYa 要するに、こいつらは美味しそうだな。笑,fr
61,正義の仮面を被り、無実の教会とキリスト教徒を迫害する村上密氏の活動の危険②｜カルト被害者救済活動はなぜ誤っているのか｜私ではなくキリストⅡ（東洋からの風の便りI） Home > ブログ > カルト被害者救済活動はなぜ誤っているのか > 正義の仮面を被り、無実の教会とキリスト教徒を迫害する村上密氏の活動の危険② 正義の仮面を被り、無実の教会とキリスト教徒を迫害する村上密氏の活動の危険② ｜村上密牧師による教会とクリスチャンへの迫害と杉本徳久が刑事告訴された事実②,正義を振りかざし、罪のない教会やキリスト教徒を迫害する村上満の活動の危険性 ② | カルト被害者を助けることがなぜ間違っているのか？ | キリストではない私 II (東方からのメッセージ I) ホーム > ブログ > カルト被害者を助けることがなぜ間違っているのか？ > 正義を振りかざし、罪のない教会やキリスト教徒を迫害する村上満の活動の危険性 ② 正義を振りかざし、罪のない教会やキリスト教徒を迫害する村上満の活動の危険性 ② | 村上満牧師による教会とキリスト教徒への迫害と杉本徳久が刑事訴追された事実 ②,de
65,>>98 全然違うな 裏金議員だ統一教会議員だの叩くなら自民党議員だけでなく立憲含む全ての議員を叩け、と言ってる 裏金ガー統一ガーと叩くフリして実は自民党叩きだけしたい魂胆丸見えなんだよ、お前らパヨクは。,>>98 それは全くの間違いです。賄賂に関与した政治家や統一教会を批判するなら、自由民主党の政治家だけでなく、立憲民主党の政治家も含め、すべての政治家を批判すべきです。あなた方左派は、賄賂や統一教会を批判しているふりをしているだけで、本当の目的は自由民主党だけを攻撃することであることは明らかです。,de
64,キリスト教の精神とまるで違う生き様をしながら 自分はクリスチャンのつもりなのが凄いよな マジ頭が狂っている マジどういう理解度で生きてるんだろな 逃げた弟子に対してイエスは福音の布教のお題を出した 弟子たちは全員が殉教したと噂されてる それを無職引きこもりはまるでキリスト教の精神とは違うよ,キリスト教の精神に全く反する生き方をしていながら、自分をクリスチャンと名乗るなんて信じられない。正気じゃない！一体どんな理解力を持っているんだろう。イエスは逃げ出した弟子たちに福音を広める使命を与えた。弟子たちは皆殉教したと言われている。この無職の隠遁者は、キリスト教の精神を全く体現していない。,de
63,>>273 そそw いいね！ 俺は〜〜モブだからわかんねえやw こうゆうのはアメリカ様が好むんだろパコパコママ♪ ちんこもでかけりゃまんこもでかいプラちんとガバマンという感度の低い欧米系。。 やりすぎだから増えちまう性犯罪者からの犯罪者。 結果、愛というキリスト教の教え多幸感という脳内麻薬からの執着おまんこ馬鹿。 全くしょーもねーペテン野郎がイエスだった高須クリノックへgo!! ブスとデブはいきなさい金かけてみてくれと毛穴クッサーのワキガチューンなかったことにするのアップデート。 https://imgur.com/a/CIXtdsO アメリカたまたま白人様。 俺様は日本人だったりアジア系だからわからんちん。 元々見た目がアジア系のイケメン。。w https://imgur.com/a/ElO0cYa 要するに美味しんだろ・・・こいつら。w,>>273 うん、笑、いいね！私はただの暴徒だから知らないよ、笑。アメリカ人はこういうのが好きなんだろうな、だらしないママ♪ デカチンとデカマンコ、プラスチックチンコとゆるいマンコ、冷酷な西洋人。 。 性犯罪者の数が増えているのはやりすぎだからだ。結局、キリスト教の愛の教義とドラッグの陶酔感に誘惑された、マンコに夢中のバカどもだ。あの全く役に立たない詐欺師がイエスだった高須クリニックに行け！！醜くて太った人は試してみるべきだ、そうすれば脇の臭いが消えるように調整される。 https://imgur.com/a/CIXtdsO アメリカはただの白人だ。私は日本人かアジア人だから知らない。元々はアジア人の特徴を持つイケメンだった。 。笑 https://imgur.com/a/ElO0cYa 要するに、こいつらは美味しいに違いない。笑,de
