text,model_votes,average_prob,sampling_strategy_tag
https://x.com/tachib.../1829781737364459963 このお笑い芸人のいうことたいてい外れてるよね 去年の裁判もほとんど敗訴ｗｗｗ,5/0,1.0,consistent_hate
>>431 アホなの？,5/0,1.0,consistent_hate
アオイに来て3年目の後半文面が怖いんだけど 最初のメールアドレスとパスワードをお忘れですか？」ことパスワード再設定画面への執着っぷりが怖いわ なんか関係あったっけ,0/5,0.8,consistent_non_hate
トルトゥリエ,0/5,0.8,consistent_non_hate
https://animal-liber...net/issue/slaughter/,0/5,1.0,consistent_non_hate
町の人々はエリシャに言った、 「見られるとおり、 この町の場所は良いが 水が悪いので、この地は 流産を起すのです」。 エリシャは言った、 「新しい皿に塩を盛って、 わたしに持ってきなさい」。 彼らは持ってきた。 エリシャは水源へ出て行って、 塩をそこに投げ入れて言った、 「YHWHはこう仰せられる、 『わたしはこの水を 良い水にした。もはやここには 死も流産も起らないであろう』」。 こうしてその水は エリシャの言ったとおりに 良い水になって今日に至っている。 彼はそこからベテルへ上ったが、 上って行く途中、 小さい子供らが町から出てきて 彼をあざ笑って、彼にむかって 「はげ頭よ、のぼれ。はげ頭よ、のぼれ」 と言ったので、 彼はふり返って彼らを見、 YHWHの名をもって彼らを呪った。 すると林の中から 二頭のメスの熊が出てきて、 その子供らのうち四十二人を裂いた。 彼はそこからカルメル山へ行き、 そこからサマリヤに帰った。 （列王記下）,0/5,0.8,consistent_non_hate
重い腰上げて 懸案のデスクトップPC掃除 スゴイ黒茶埃でしたわ めんどくてグラボは掃除せずだったけど カリカリ音は消えた、良かった,0/5,0.8,consistent_non_hate
(⚫︎ω･`)<火炙りは良くないなぁ 新しいの立ってた？,0/5,0.8,consistent_non_hate
🌷,0/5,0.8,consistent_non_hate
水を差して関西風にしてあげよう,0/5,1.0,consistent_non_hate
ユリウス曆 2025年 6月(August) 22日(月曜日),0/5,0.8,consistent_non_hate
普通に思ったほどじゃなかった／(^o^)＼,0/5,0.8,consistent_non_hate
>>14 見たかったなw,0/5,1.0,consistent_non_hate
お早うございます。 今日も寒いね、冬の服で厚着をしています。,0/5,0.8,consistent_non_hate
わたしのこの超でかい 大天使の輪を見よ。いやらしくて最高であろう,0/5,0.8,consistent_non_hate
無職スーパーパヨチンブラザーズｗｗｗｗｗｗｗｗｗｗｗｗｗｗｗｗｗｗｗｗｗｗｗｗ,0/5,0.8,consistent_non_hate
あっ・・・,0/5,0.8,consistent_non_hate
>>752 https://i.pinimg.com...1182ebea56ebef94.jpg,0/5,0.8,consistent_non_hate
・宗教書ブームの陰で コスモメイト(当時。現在ワールドメイト)の主宰者、深見東州氏（本名・半田晴久）は１９５１年、兵庫県生まれ。学生時代から世界救世教や大本などの宗教を遍歴しました。同志社大学卒業後、東京の会社に勤務。 そのころ、十七歳年上の霊能力を持つとされる女性と知り合いました。 この女性とコンビを組み、深見氏も霊能力を”開発”。訪問販売や学習塾経営と並行して宗教活動に入った、とされています。,0/5,0.8,consistent_non_hate
(⚫︎ω･`)<目ん玉食べないから,0/5,0.8,consistent_non_hate
"（ ,_ﾉ` )y━･~~~うむ",0/5,0.8,consistent_non_hate
枝丹較チョン,0/5,0.8,consistent_non_hate
俺は勝った 世にも稀に勝ったのだ ビル・ゲイツですら40兆を寄付してまで そこまでしても天国に行きたいのだ 俺はそれを手に入れている だけど仲間が居ないのは虚しいね 自分だけみたいな根性で生きてないよ 生きてたら選ばれないよ,0/5,0.8,consistent_non_hate
UP,0/5,0.8,consistent_non_hate
>>131 伊藤高章のこと？,0/5,0.8,consistent_non_hate
偉大なる長老の復活に際して,0/5,0.8,consistent_non_hate
電気つきました。お代も高くつきました。 今月末の支払いが山場です。,0/5,0.8,consistent_non_hate
>>56 これは統一教会の人だよね,2/3,1.0,conflict_or_uncertain
>>125 やっぱりネトウヨを語るには、ネットde真実は外せないかw,1/4,0.8,conflict_or_uncertain
結局、世の中は洗脳信者が増えるほど儲かる,1/4,0.8,conflict_or_uncertain
>>936 彼のスレッド https://rio2016.5ch....i/psy/1762051513/l50,3/2,0.8,conflict_or_uncertain
昭恵「安倍晋三からです」（籠池に100万円の寄付金を手渡しながら） 萩豚「成田市ほど時間はかけられない。これは官邸の最高レベル（安倍）が言っていること （むしろもっと激しいことを言っている）」 萩豚「総理（安倍）は「平成３０年４月開学」とおしりを切っていた。工期は２４ヶ月でや る。今年１１月には方針を決めたいとのことだった。」 和泉洋人「総理（安倍）は自分の口からは言えないから、私が代わって言う」 河井克行「安倍さんから」 河井克行「安倍さんからです」 河井克行「これ、総理（安倍）から」 市議「安倍さんから1億きとるで！」 河井克行「参院選で家内を頼むけえ」（現金10万円の入った白い封筒を手渡しながら） 元市議「これはいけませんよ」（と言って突き返そうとしたものの） 河井克行「まあまあ」（といいつつ、10万円入り封筒を、 安倍と案里の顔写真が載ったポスターとともに置いて帰る） 常に主犯安倍,2/3,0.8,conflict_or_uncertain
でこすけ２氏 終わった後に ３来るか 意味わからない 文章なりねば,3/2,0.8,conflict_or_uncertain
https://www.youtube..../watch?v=oJyvH3zxqJo 西脇弁護士の動画 【ウソ判明】斎藤元彦知事を関西学院大学は招待せず！ 背後に「総務省官僚教授」！大学主催でないのに 斎藤元彦「盛った」理由は？【LIVE】朝刊全部！11月24日,2/3,0.8,conflict_or_uncertain
聖顕←サタンはこの世の王として現れるの言葉の通りに。児の名前はまさにこの世にあらわれたサタンを現わした名前である。,2/3,0.8,conflict_or_uncertain
モトバスさぁ、見てるなら言うけど、開示されたら消したポスト含めて全部見られるから慌てて消しても何の意味もないぞ🤣,1/4,0.8,conflict_or_uncertain
いやむしろ学校側がメタラーなのか,2/3,0.8,conflict_or_uncertain
安倍は自業自得だな,3/2,0.8,conflict_or_uncertain
せっかくの日本語ラジオ 電波ジャック辞めてもらえません🔥,1/4,1.0,conflict_or_uncertain
>>128 死んだら終わりとか書いてる名前無しは私が書いてるのではありません,1/4,0.8,conflict_or_uncertain
家康の時の最大目標は文禄・慶長の役の後始末、明や朝鮮との関係回復だと思うよ それが終わらなきゃ対外政策は何も始まらんし何も出来ない んで明（と後継の清も）が海禁してる以上は合わせないと,1/4,1.0,conflict_or_uncertain
３ヶ月ぶりに来たら、やはりここほど、、意味のない場所は無いから、人が減っていた。 過疎なのに更にメンバーが減っていた。 さすがに知能100以上有るのは私だけだから 私が、消えたら、意味ないから 毎日同じ落書きする人しか残らないからね。 その他の人は ここには落書きを見に来るだけになるから。 やめざるをえない という循環,2/3,1.0,conflict_or_uncertain
特権階級の俺様から金取ろうとは・・・これいかに。 無条件降伏すればいいものを・・・。 逆らうのかね・・・この俺様に。,4/1,0.8,conflict_or_uncertain
>>35 名前無しはびまたん違うよ。 もっともっと偏差値高いよ😃,1/4,0.8,conflict_or_uncertain
勝手な想像だが妹は美人っぽい。 結婚して幸せにしてるのかな？,2/3,0.8,conflict_or_uncertain
宇宙と一体になる！弘法大師空海の希少な遺法『阿字観』体験 | 『和空』 修行と宿坊のポータルサイト https://wa-qoo.com/s.../wakayama/act160513/ #367【高野山真言宗 仏前勤行次第】 : 大聖歡喜天宗 夜郎自大院 北斗法蓮 https://houren.doorb...rchives/1001944.html 癒しの響き〜 仏前勤行次第〜 - YouTube https://www.youtube..../watch?v=wYrhVDk8fig,1/4,0.8,conflict_or_uncertain
聖書が原語で読めたなら −−−聖書語学の証しと勧め 大久保史彦 聖書語学同好会 １４ メシアとキリスト ｐ４４−４５ メシアということばはふつう「救い主」と訳されていますが、 ヘブル語では「油注がれた者」という意味です。 旧約時代には、王や祭司として神に代わって民を治めるべく任命されるときに、 頭に油を注がれて、その特別の使命を受けた印としたことに由来しています。 ヘブライ語 マーシャハ（動詞）「油を注ぐ」 ヘブライ語 マーシーアハ（名詞）「油注がれた者」（メシア） ギリシア語 クリーストス（名詞）「油注がれた者」（キリスト） ギリシア語 クリーオー（動詞）「油を塗る」,1/4,0.8,conflict_or_uncertain
談話室で鹿がモメてるのだが みんなにアンケートを取ってほしい このスレにも導入して欲しい そうですよ。 そしてここには歓談の為に。 でも、こうして彼から執拗に誹謗中傷を受けてます。 どれが最適だと思いますか？ １．彼が誹謗中傷をやめる。 ２．彼がこのスレから出て行く。 ３．ワッチョイを導入。 ４．私がこのスレから出て行く。 ５．その他。 僕は４ 1択ですよ笑,1/4,0.8,conflict_or_uncertain
カレルチャペック紅茶店の福袋もうすぐ来るかもしれない。 コンビニ払いにしてるから現金じゃん。 もう無理。スマホだけじゃなく他も滞納するしかない。,1/4,1.0,conflict_or_uncertain
>>902 結局、お前らの誰一人として、 俺の 悪魔ユダヤ共産主義に反論してないから、お前らも内心、俺の言ってることに心が揺らいでるだろ？ 正直に言えよwwwwwwwwwwwwwwwwwwwwwwwwwwwwwwwwwwwwwwwwwwwwwwwwwwww サタン=ユダヤ共産主義 な 統一教会は叩くのに、日本に原爆を落として、100万人以上殺したユダヤ共産主義とその手下の中国共産党は叩かないのなんで？ お前はユダヤ主義者か？ やっぱ、お前らって中国共産党員でオケー？ 壺連呼中国共産党員=ソドムとゴモラの悪徳同性愛LGBT支持=ユダヤ共産主義支持 統一教会=反ポリコレ、反LGBT、反ユダヤ共産主義=大正義確定 壺が口癖の中国共産党員が反対しているから、統一教会が大正義なの確定 統一教会を応援して、世界をLGBTとポリコレの魔の手から守ろう 韓国人も在日韓国人も日本人も台湾人も中国人も ユダヤ人もパレスチナ人も同じ地球人 仲良くしましよう 人類皆兄弟 一日一善 大地球共栄圏万歳,3/2,0.8,conflict_or_uncertain
蓮舫追い越して石丸が二位とか無理筋だからね 誰もが知ってる事実 票改ざん自民は欲ばって墓穴掘ったのさ,4/1,0.8,conflict_or_uncertain
クロニクルによると前後編に分かれているものは重工業含めてない ヒストリアで樋口監督読んだりしてるので特別枠なんだろうと考察はするけど 実際のところは制作者側じゃないと分からない,3/2,0.8,conflict_or_uncertain
新規をどういう意味で使ってるのか分からないけど NHK(Eテレ含む)で放送されたものと解釈すると タローマン(10話分) タローマンヒストリア おやすみタローマン 帰ってくれタローマン 知りたいことと違ってたならまた聞いてくれ,2/3,0.8,conflict_or_uncertain
>>159 それともお前の立場は 「統一教会は嘘をつかないけど 街宣右翼の韓国人は嘘をつく」 って感じ？,2/3,0.8,conflict_or_uncertain
"ーーー 『崇拝』と『崇敬』との『違い』 ー マタイ6:24 だれも、 『""ふたりの主人""に兼ね仕えることはできない』。 一方を憎んで他方を愛し、あるいは、一方に親しんで他方をうとんじるからである。 あなたがたは、 『""神と富""とに兼ね仕えることはできない』。 ー 『""父""に""頼り""、""母""を""護り背負う""』 故の『""父""への""崇拝""、""母""への""崇敬""』 ・・・『""聖母の騎士""足る""子""』より。 ーーー",3/2,0.8,conflict_or_uncertain
お前ら 人類皆兄弟 この考えに異論はねえべ？ なら、俺達について来い 俺達、神の軍隊に 待ってろ 今、俺達が、LGBTという悪魔軍からお前らを解放してやる,1/4,0.8,conflict_or_uncertain
( ;´Д`) 奈良及び西関西はヤバイ連中がたくさんいるな・・山上といい高市といい。 山上は日本の首相ぶっ○すし、 高市は中国と全面核戦争宣言するし、 もうとにかく普通じゃない、ヤバイ怖い。不穏過ぎる。怖い連中消えろー！😨 二階や竹中ｹｹもヤバイし大阪はアレだし、兵庫なんて自治体全体がもうくるってるからな・・ ( ;´Д`) 🍊みかんも和歌山は避けて熊本や愛媛のを買ってる。スーパーで山積みになってる和歌山産は絶対買わない。 九州や四国は普通の日本だからな。安心できるよ。,2/3,0.8,conflict_or_uncertain
地に住む者で、ほふられた 小羊のいのちの書に、 その名を世の初めから 記されていない者はみな、 この獣を拝むであろう。,2/3,0.8,conflict_or_uncertain
イエスは光だったのです。,2/3,0.8,conflict_or_uncertain
それ、性犯罪。,1/4,1.0,conflict_or_uncertain
https://www.youtube....lFeyPI&start_radio=1 希望から絶望へと・・・,2/3,0.8,conflict_or_uncertain
>>583 山上も批判される理由がないわけではないという話をしているだけだぞ,3/2,0.8,conflict_or_uncertain
それゆえ、万軍の主、 イスラエルの神は言われる、 わたしは生きている。 モアブは必ずソドムのようになる。 アンモンの人々はゴモラのようになる。 いらくさと塩穴とが ここを占領して、 永遠に荒れ地となる。 わが民の残りの者は 彼らをかすめ、 わが国民の残りの者はこれを所有する」。,2/3,0.8,conflict_or_uncertain
十字の印 聖父と聖子と聖霊との御名によりて。 アーメン。 使徒信経 われは、天地の創造主、全能の父なる天主を信じ、 また その御独り子、われらの主イエズス・キリスト、 すなわち、 聖霊によりて宿り、童貞マリアより生まれ、 ポンシオ・ピラトの管下にて苦しみを受け、 十字架に付けられ、死して葬られ、古聖所に降りて、 三日目に死者のうちよりよみがえり、 天に昇りて全能の父なる天主の右に座し、 かしこより生ける人と死せる人とを裁かんために、 来り給う主を信じ奉る。 われは聖霊、聖なる公教会、諸聖人の通効、 罪のゆるし、肉身のよみがえり、終りなき命を信じ奉る。 アーメン。 主祷文 天にましますわれらの父よ、 願わくは御名の尊まれんことを、 御国の来らんことを、 御旨の天に行わるる如く地にも行われんことを。 われらの日用の糧を、今日われらに与え給え。 われらが人に赦す如く、われらの罪を赦し給え。 われらを試みに引き給わざれ、われらを悪より救い給え。 アーメン。 キリストに向う祈 願わくはキリストの御魂われを聖ならしめ、 キリストの御体われを救い、 キリストの御血われを酔わしめ、 キリストの御側腹より滴りし水われを潔め、 キリストの御受難われを強めんことを。 慈愛深きキリスト、わが願いを聴き容れ、 御傷のうちにわれを隠したまえ。 主を離るるを許し給わず、悪魔のわなよりわれを護り給え。 臨終の時にわれを招き、主の御許にいたらしめ、 諸聖人と共に、世々に主を賛美するを得しめ給え。 アーメン。 天使祝詞 めでたし、聖寵充ち満てるマリア、主御身と共にまします。 御身は女のうちにて祝せられ、 御胎内の御子イエズスも祝せられ給う。 天主の御母聖マリア、罪人なるわれらのために、 今も臨終のときも祈り給え。 アーメン。 栄唱 願わくは、聖父と聖子と聖霊とに栄えあらんことを。 始めにありし如く、今もいつも世々にいたるまで。 アーメン。,1/4,0.4,conflict_or_uncertain
>>806 そんじゃ、ヤハウェもサタンも認めない無神論者も、イエスをキリストと認めないムスリムも、一緒に裁判無しで地獄直行かwwww,3/2,0.8,conflict_or_uncertain
自民党「旧統一教会と接点」の議員を公表もさっそく「関係隠し」議員を発見！ 「大甘点検」が浮き彫りに 2022年9月9日 https://smart-flash....politics/200151/1/1/ https://pbs.twimg.co...t=jpg&name=4096x4096,2/3,0.8,conflict_or_uncertain
まだ統一教会とか言ってんのかよ 左翼ってそれしか言えんのか,4/1,0.8,conflict_or_uncertain
>>39 love&peaceをテレビで望むまたはネットで叫ぶ人が、俺への生贄になりに来ないのだから、キリスト役とはなりたくてなるものでは無く、ある種の罠にはめることで陥れた側面がある 被害者の会を結成します,1/4,0.8,conflict_or_uncertain
前田玄以はスゲーよ。五奉行で治部派でありながら西軍には参加せず かと言って家康に寝返ったわけでもなく(大阪城の内部情報の密告など 多少はやったかもしれんがw)中立で生き残ったわけだし まあ、裏切りじゃないっ中立なんだっ！の人より ある意味で悪どいかもしれんが･･･,2/3,0.8,conflict_or_uncertain
>>272 >>273 ヒャッハーだかレッツパーリィだか知らんが慶長三陸地震で伊達の仙台藩が食らったダメージのほうがはっきりとした被害判明してる これで天正地震時の秀吉による徳川を武力で殲滅が幻に終わったように 伊達の倒幕とかスペイン通じて天下を乗っ取ろうとした野望が露と消えたのかも 今となっては確かめようもないこと,2/3,0.8,conflict_or_uncertain
海外では日本人はワクチン打ちすぎて、絶望的な言い方されてるポスト澤山拝見するけど。 梅干しで復活したことアピールしまくるぞ https://x.com/maruko.../1985711420034727942,3/2,0.8,conflict_or_uncertain
「小梅伊東はどうか？と聞かれるが基本的に嫌いではない」 「ソーカガッカリの精糖とかCIAのスパイとは思ってません」,1/4,0.8,conflict_or_uncertain
山上徹也くん好き❤,1/4,0.8,conflict_or_uncertain
>>867 モトバスが杉浦の岩間になってしまう,1/4,0.8,conflict_or_uncertain
「どこそこに入れてくれ」って言うだけなら別にセーフという事になってるからなあ… 投票の見返りに金もらったとか不在者投票を代わりにやったとか無いのか？,1/4,0.8,conflict_or_uncertain
特定の候補者 これ安倍晋三とその残党らすべてな,4/1,0.8,conflict_or_uncertain
ヒステリアモードの種類が大変なことになってそう,1/4,0.8,conflict_or_uncertain
どうせ逃げるならコレコレさんのところにもう１回出させてもらえよ,2/3,0.8,conflict_or_uncertain
永田さんが、いいんだね。殺っちゃってについて話してるぞ,1/4,0.8,conflict_or_uncertain
>>34 現実 FF11 好調です！ 1億が1.5億になりました！ DQ10 好調です！3億が4億になりました！ FF14 不調だわ～。100億が90億になっちゃった😢 ｗｗｗｗｗｗｗｗｗｗｗｗｗｗｗｗｗｗｗｗｗｗｗｗｗｗｗｗｗｗｗｗｗｗｗｗｗｗｗｗｗｗｗｗｗｗｗｗｗｗｗｗｗｗｗｗｗｗｗｗｗｗｗｗｗｗｗｗｗｗｗｗｗｗｗｗ,1/4,0.8,conflict_or_uncertain
>>601 テロリスト ↓ 特定の主義主張に基づき、人々に恐怖や不安を与える目的で、暴力的な活動を行う個人または集団 はいマザコンの山上おじさんは完全にテロリストでした〜 死ね。,4/1,0.8,conflict_or_uncertain
https://rio2016.5ch..../psy/1759966174/482n ＞マグダラのマリア福音書とトマス福音書について https://rio2016.5ch..../psy/1759966174/505n ＞マニ教で採用されたが故に、 ＞その異端さが憎まれ、正典から完全に排除されてしまった文書である。 新約聖書の正典化について 新約外典 http://elbaal.web. ＦＣ2.com/new-tes-apo.htm （ＦＣを半角に） アタナシオス以前の時代はどうかというと、 外典は多くの場合「偽書」などと呼ばれていました。 この時代の新約聖書外典の代表的な分類をしたのは アレクサンドリアのオリゲネス（紀元１８５〜２５３/４）と カイサレイアのエウセビオス（紀元２６０頃〜３３９頃）です。 オリゲネス分類 教会の書 公認されたもの マタイ、マルコ、ルカ、ヨハネの４福音書、使徒行伝、パウロの１３の手紙、 ペテロの第１の手紙、ヨハネの黙示録、ヨハネの第１の手紙、ヘブライ人への手紙 疑わしきもの ペテロの第２の手紙、ヨハネの第２、第３の手紙、ヤコブの手紙、ユダの手紙、 バルナバの手紙、ヘルマスの牧者、ディダケー（１２使徒の教書） 偽書 エジプト人福音書、１２使徒の福音書、バシリデス福音書、トマス福音書、マッテヤ福音書 ヘブル人福音書、パウロ福音書は偽書の認定であろうとされており確定ではない模様。 エウセビオス分類 公認されたもの マタイ、マルコ、ルカ、ヨハネの４福音書、使徒行伝、パウロの１３の手紙、ペテロの第１の手紙 （ヨハネの黙示録・ここであろうと推測されている） 問題のあるもの 知られているもの ヤコブの手紙、ユダの手紙、ペテロの第２の手紙、ヨハネの第２、第３の手紙 問題のあるもの 偽書 パウロ行伝、ヘルマスの牧者、ペテロの黙示録、バルナバの手紙、ディダケー（１２使徒の教書） （ヨハネの黙示録、ヘブライ人福音書・ここであろうと推測されている） 異端の書 ペテロ福音書、トマス福音書、アンデレ行伝、ヨハネ行伝,1/4,0.4,conflict_or_uncertain
いきなり差別かよ アカッパリらしいな,4/1,1.0,conflict_or_uncertain
佐々木の血とお家は京極竜子がギリギリ繋いだって感じよな 六角や尼子が潰れて本当にヤバかったんやろな,3/2,0.8,conflict_or_uncertain
神の戒め 十戒とか福音を聞く耳が あるなら愛せって事だろう,3/2,0.8,conflict_or_uncertain
「プロレススーパースター列伝」の漫画家・原田久仁信さん死去 https://news.yahoo.c...537d5ff48d4f63658500 プロレススーパースター列伝で永田さんの話を読みたかった お悔やみ申し上げます,1/4,0.8,conflict_or_uncertain
>>473 自分が知らないだけなのにイキれるシアワセなオツムの子はほっときなさい,3/2,1.0,conflict_or_uncertain
20歳歳下はバカだから スクワット3万回分の運動とか書いてないけどな,3/2,1.0,conflict_or_uncertain
中止まじか 仕方ないな,1/4,1.0,conflict_or_uncertain
人ひとりを怨恨から殺害しただけ 法治国家として法に則って断罪や まあ懲役6～8年ってところやな,4/1,0.8,conflict_or_uncertain
2025.11.18 吉本興業、中国公演中止を発表 上海コメディフェス4公演、人気芸人&新喜劇登場予定も「やむを得ない事情により」 https://hayabusa9.5c...mnewsplus/1763458002 >さくらを見る会で安倍晋三さんと反日ポーズやってる写真が出てるし >吉本興業は学会員か在日朝鮮人じゃないと売り出しませんよと項目がある,1/4,0.8,conflict_or_uncertain
>>680 すいせいくらいやね,2/3,0.8,conflict_or_uncertain
>>393 人へ向かって「悪魔」と言う奴にロクな奴はいない。 人は人だ。悪魔ではないからな。 他者を悪魔呼ばわりするクズは福音派に多いけど。,3/2,0.8,conflict_or_uncertain
ざぜんもさどうも素人以下で福音伝道を誹謗中傷・・大学を聴講? 悪魔の証明完了,2/3,1.0,conflict_or_uncertain
発狂が収まらない？ ↓ https://i.imgur.com/qlzO0i0.png いやはや💦 泡沫カルト団体の洗脳を受けた末端信者の末路とか、悲惨な者ですな😖,2/3,0.8,conflict_or_uncertain
【【インマニエル】】9 https://rio2016.5ch.....cgi/psy/1749712019/ このスレはナザレのイエスについて、あるいはイエスを中とする信仰や思想、 暦的な事象などについて 特定の信仰によらず、理性と事実を基に、そしてできる限り隣人愛を持って、 広く自由に議論するスレです。 自分の信仰表明やその信仰の説明、 あるいは特定の信仰に対する説明や意見は構いませんが 特定の信仰が真理であることを前提にしたスレではありません。 あくまでも真理は探究するという立場で議論してください。 特に正統キリスト教が真理であると主張する方は、 相当のスレを立て、そこで議論してください。 ここは正統キリスト教が正しいことを所与の前提としたスレではありません。 ※他人のハンドルを騙ったり、他人を名無しで誹謗する卑劣な人間がいるので、 書き込む方は、必ずハンドル名を入れてください。 前スレ 【【インマニエル】】８ https://rio2016.5ch.....cgi/psy/1748980457/,2/3,0.8,conflict_or_uncertain
キリスト教会行っても無理。 治んねえからこいつら。 免罪符は通じない。。 救うな・・・Jesus。 俺様ならびに後の世からの命令。,4/1,0.8,conflict_or_uncertain
確信犯,2/3,0.8,conflict_or_uncertain
ーーー 0343 カルト組は責任を取りなさい 2025/11/01(土) 15:49:26.21 人間の証明をしなさいーーーーー🔥 ↑ ・・・母さん、僕のあの帽子、どうしたでしょうね？ ・・・A CHI CHI A CHI 燃えてるんだろうか〜♪ ・・・もうA CHI CHI A CHI 感じたんだろうか〜♪ ーーー,3/2,0.8,conflict_or_uncertain
それで終わりでお前らは何時間誹謗中傷我慢できるんだ？,2/3,0.8,conflict_or_uncertain
>>445 涙が止まらないことはないけど一国のトップがカルト宗教と関係持って堂々と紙面に載ってるのは異常としか言いようがない よく放置されてたね 知ってる人は知ってたんでしょ？ 他の政治家達がカルトとつるんでたことも,4/1,0.8,conflict_or_uncertain
そこもコンジョイw 主観的である。。,1/4,0.8,conflict_or_uncertain
雑菌キンレコ・ファミリア 恩知らず所か 反社必死過ぎんだろさっさと始末した方がいいだろ,2/3,1.0,conflict_or_uncertain
2年やったら自然に治ってた,2/3,1.0,conflict_or_uncertain
>>232 彼ら書き込みのテンプレート共有してるからだろうけど同じことしか言わないから分かりやすいよな,2/3,1.0,conflict_or_uncertain
G7の時にでもバイデンに「資金援助や小方支援だけじゃ 評価しない。ブーツオンザグラウンドとか言ってた米軍は ウクライナにブーツオンザグラウンドしないんですかねぇ」って 言ってやればいいのに,1/4,1.0,conflict_or_uncertain
夜のおかず https://x.com/av_sen.../1814604255074156679 https://x.com/av_sen.../1814605831805284445,3/2,0.8,conflict_or_uncertain
岡本太郎×特撮『大長編 タローマン 万博大爆発』予告編、ポスター完成,1/4,0.8,conflict_or_uncertain
結果として統一解散だし凄いよね 無罪でいいと思うわ,2/3,0.8,conflict_or_uncertain
洋画劇場イギリス映画「セーラ」を見てました。 子供の時学校の図書室で読みました。 づっと前、孫がテレビの前で静に座って涙を流している ので何を見ているのだろうと見ると「少女セーラの物語」 だった、とママが言ってた。 悪戯ばかりの孫もこんな優しい反面があるのだなあと、 ほのぼのとした記憶があります。,1/4,0.8,conflict_or_uncertain
>>991 それは裁判で明確に否定された,2/3,0.8,conflict_or_uncertain
他人の気持ちも知らないで。。 知るかこらあ！！！,3/2,0.8,conflict_or_uncertain
早く円盤出ないかな,1/4,0.8,conflict_or_uncertain
>>6 無能でリーカー捕まえられないだけなら対応中ですで逃げずに開示できなかったと株主に説明してるだろ 対応中です対応中ですで何ヵ月も逃げてるのは処分したくないからにしか見えない,2/3,0.8,conflict_or_uncertain
>>147 ここでは私の娘の一人をロリコン幼女殺人した自慢はしないのか？,2/3,0.8,conflict_or_uncertain
人類の発展にとって偉大な人物は、既存の道徳や法律を超えて行動する権利がある 山上さんはリアルなラスコーリニコフだったのだ！,1/4,0.8,conflict_or_uncertain
>>138 たぶん「差別してる！愛なんて嘘だ！」とか言いたくて貼ってるんだろうけど違うよ パリサイ人とはユダヤ教義を至上の物として選民的な思想をしてる人達 そしてヘロデと言うのはローマの元でユダヤを支配してるユダヤ王 彼らは教義や権力で愛を阻害してる存在だからね 彼らの提示する言葉や権力、物質的な誘惑によって愛を見失うなと言ってるんだよ そしてその後にイエスはパンや魚を増やして見せたけどこれは愛は物質や選民の教義などと違い無限に人を満たすという比喩,1/4,0.8,conflict_or_uncertain
いいかい？ 韓国人を差別したり、ネトウヨを差別したりしてはいけないよ それは悪魔の考え 日本人も韓国人も、中国人も全ての人類を平等に扱うのが神様の教え これが正義なんだ！！,3/2,0.8,conflict_or_uncertain
過去の贖罪で聖職者目指したの？神に懺悔する前に相手に謝罪する事が先だろ！人としてどうなんだよ。,3/2,1.0,conflict_or_uncertain
これじゃ自動で閉まらないね,1/4,0.8,conflict_or_uncertain
ラーメン屋の本家と元祖の争いみたいなもんですからな,1/4,0.8,conflict_or_uncertain
まぁ、吹奏楽関係者目当てで海外オケが来日公演でコダーイの孔雀変奏曲やったこともあるしな。,1/4,0.8,conflict_or_uncertain
もっと具体的にあげて事実無根って聞きたかった,1/4,1.0,conflict_or_uncertain
>>284 私有財産の禁止とか共産主義みてーだな,3/2,1.0,conflict_or_uncertain
>>724 なんかお前らおかしくね？ 統一教会は叩くのに、日本に原爆を落として、100万人以上殺したユダヤ共産主義とその手下の中国共産党は叩かないのなんで？ お前はユダヤ主義者か？ やっぱ、お前らって中国共産党員でオケー？ 壺連呼中国共産党員=ソドムとゴモラの悪徳同性愛LGBT支持=ユダヤ共産主義支持 統一教会=反ポリコレ、反LGBT、反ユダヤ共産主義=大正義確定 壺が口癖の中国共産党員が反対しているから、統一教会が大正義なの確定 統一教会を応援して、世界をLGBTとポリコレの魔の手から守ろう 韓国人も在日韓国人も日本人も台湾人も中国人も ユダヤ人もパレスチナ人も同じ地球人 仲良くしましよう 人類皆兄弟 一日一善 大地球共栄圏万歳,3/2,0.8,conflict_or_uncertain
>>149 シェディングか,1/4,0.8,conflict_or_uncertain
>>666 安倍さんだって 結局統一教会に使い捨てられて 死んだようなもんだ,4/1,0.8,conflict_or_uncertain
アメリカ:ワシントン…？,1/4,0.8,conflict_or_uncertain
>>17 7年前に排膿したところが、そろそろ限界そうなんで、今日取ってもらって来た 直径4cmくらいの白いプルプルしたのが出て来たわ 医者に「良く育ってましたね、この大きさで炎症起こすと相当痛いだろうから取れて良かったですね」って言われた,1/4,0.8,conflict_or_uncertain
>>416 やはり思った通り宗教者ではなく学者だった訳だな 学者というものは何処までも学者であって信仰者じゃない 学者の本分は信じないことを本分とする故に信仰は無い 自分が学者ならばその体で良いがそうでないならそれは非常に自虐的なことだ,3/2,0.8,conflict_or_uncertain
40年前ぐらいに統一教会が霊感商法や合同結婚式のことでマスコミからバッシングされていた時があったけれどもあの時につぶしておくべきだったな。,1/4,0.8,conflict_or_uncertain
日本人に何もできないとか言った竹中とホリエモンが悪い やろうと思えばいつでもできる(´・ω・｀),3/2,0.8,conflict_or_uncertain
>>863 文革毛沢東ライブになっちまった,1/4,0.8,conflict_or_uncertain
モ ト バ ス 発 狂 し て て 草,2/3,0.8,conflict_or_uncertain
老害が蔓延る教会⛪で老人の手のひらに青年が乗ってると勘違いしている自己中の老人って多くないですか？自分達高齢者は若い人達に色々して貰って当然と自己中心的な思考の老人の多い事に若い世代の人は辟易しています。 牧師もその間に入って青年を老人に仕向けるしウンザリしています。ワガママ老人ホームと化しているし,4/1,1.0,conflict_or_uncertain
司法も時々おかしな判決を出す。,1/4,0.8,conflict_or_uncertain
>>258 追記 現在と未来が最重要ならば、領海侵犯と領空侵犯を繰り返してる中国とは関係を断つのが最善の判断なのだが。それが未来志向だろ。 当事者でない世代が当事者でない世代へ頭を下げ続けるのは無理。 安倍総理も「今の世代は中韓へ謝罪などしなくてもよい」言ってたよな。同感だね。,1/4,0.8,conflict_or_uncertain
＞大学進学の希望を絶たれた長男は「お前が献金したせいで ＞妹も大学に行きたいと母親に伝え この家の子供3人は、一体どんだけ「親の庇護下で大学に行く事」に執着してんの？ つまり、日本中の大学行ってない人を「大学行けなかったゴミ」と見下してんの？,2/3,1.0,conflict_or_uncertain
>>92 ただの無職借金マザコンおじさんだからね 年収500万の正社員だったら事件起こしてない,2/3,0.8,conflict_or_uncertain
壺議員は排除せなあかん！ 立憲の14議員が旧統一教会と接点、岡田氏・枝野氏・安住氏ら 調査結果を公表 www.businessinsider.jp/post-258292 鳩山由紀夫氏が旧統一教会と関わり「イベントへの出席や祝電の事実はある」 www.tokyo-sports.co.jp/articles/photo/235103 立憲・辻元氏、旧統一教会側主催の勉強会に出席 www.asahi.com/sp/articles/ASQ9W5QRKQ9WUTFK023.html 世界日報に立憲・枝野幸男氏、岡田克也氏、安住淳氏も登場していた www.tokyo-sports.co.jp/articles/photo/235103,2/3,0.8,conflict_or_uncertain
>>100 アベ慎太郎が大臣に在任中10年間センメイは日本に入国不許可だった日本に上陸不許可だった,2/3,1.0,conflict_or_uncertain
身近にいるぞ泥人形であそんだお馬鹿さん。 家族ごっこからの社会構造。 本音と建前の肉欲＝愛・・・ うぜえなお前ら。 疲弊して死ぬ・・・これが肉の世肉欲愛というおまんこ馬鹿悪魔。,4/1,1.0,conflict_or_uncertain
理性が働きながら、普遍的、普遍的、と確認して普遍的行動をする。それが大事です。 悟性が働きながら、悟性を信じて、普遍的に行動する。これが大事です。 感性的に 「これが普遍的な在り方だ」と感じながら、普遍的行為を取る、これまた大事です。 私は母に、コーヒーか紅茶どっちがいい？と質問される場合があります。 私は紅茶がいい、と即答しましたが、そうやって、夜更かししないように、コーヒーを避けたのですからこれが普遍的と言えるでしょうか。 コーヒーだって時に飲んでも良いのかもしれませんから、普遍的とは難しいものです。（少し難解な知見に見える可能性があります、ごめんなさい。） 私は、平和活動として、平和米をいつか作りたいと思います。ラーメンピンフなどといったラーメン屋さんも考えています。,1/4,0.8,conflict_or_uncertain
永田さんは荒らしに負けたんだな このスレはいったんクローズして 新しいスレを立てて出直そう打はないか 俺は立てられなかったが 誰かが立ててくれるだろう それでは新しいスレが経つまでお元気で さようなら(｀･ω･´) ーーーーーーーーーー END ーーーーーーーーーーーー,2/3,0.8,conflict_or_uncertain
多分總理大臣になるのは高市早苗氏 だってラスボスですから まずは滿州勢力驅逐した後、本性が出るからね。 高市早苗氏でいきなり黃金時代來るわけでなく、破壞のクライマックスが來るから https://x.com/beikok.../1977480864759242769,3/2,1.0,conflict_or_uncertain
"ーーー 人には『""二種類の人""がいる』のです。 それは『""男性や女性""の二種類』では無くて 『その人の""自身の価値""並びに""命の価値""』に対し 『""自らと平等的""に価値を見出す人』と 『""自らと差別的""に価値を見出す人』との 『""二種類の人""がいる』のです。 『""見下す""人(達)』は 『""その人自身の価値""並びに""その人の命の価値""』 に対し『""自ら自身""並びに""自らの命の価値""』が 『""その人のものの価値""よりも""価値がある""』と 『""潜在的""に""差別的な自認""をしている人』なのです。 則ち『ナルシスト(NPD・サイコパシー)の人』なのです。 『その様な人(達)』こそが 『""他人の尊厳を尊重""する事が""出来ない""』 『""本質""としての""レイシスト(差別主義者)""』なのです。 福沢諭吉 『天は人の上に人を造らず、人の下に人を造らず』 Wikipediaから 日本国憲法 第13条（にほんこくけんぽう だい13じょう）は、日本国憲法の第3章にある条文で、 『個人の尊重（尊厳）』、幸福追求権及び公共の福祉について規定し、第11条・第12条とともに、 『""人権保障""の基本原則』を定めている。 ーーー",2/3,1.0,conflict_or_uncertain
無実でも刑務所へ⋯ 有罪率99.9%を支える“闇の取調”【NoBorder#20】 https://www.youtube..../watch?v=GrpSzay04K0 https://imgur.com/a/sjGRGIf,1/4,0.8,conflict_or_uncertain
>>93 そもそも日本の政治家にセンスあるヤツなんて殆どいないだろ 朝鮮人は中華序列思想で日本人を下にみてる、その下の日本人が朝鮮を統治したことを怨みにもってる これを日本人は教科書で全国民に教えるべきなのに、CIAとアメリカの策謀で「日韓仲良くして共産主義と戦いましょう、戦う相手は韓国の同胞の北朝鮮です」なんて上手くいくわけ無いんだよ 今でも上手くいく訳がない アメリカに「お前らのアジア分析は間違ってるんだよアホが」と言うべきなんだよ日本は,2/3,0.8,conflict_or_uncertain
統一教会の票数が4、5万人程度と見られてるので、実は統一教会の信者の票数は票田にはならないと結論が出てる。 選挙時に議員に協力していたという意味が無償で選挙活動を補助していたとあるのだが、実はどうもそうでは無いらしい。 選挙時に票の水増しをやって組織的に票数を増やしていた自民党議員が統一教会から資金援助を受けていた事実があったため選挙協力イコール票の操作をする事で自民党に協力をしていたとの結論に至ってます(´･ω･`) >>1,1/4,0.8,conflict_or_uncertain
>>319 レモン彗星、見れてよかったですね。 私は空を埋め尽くすような巨大な彗星を見てみたいです。,1/4,1.0,conflict_or_uncertain
ユリウス曆 2025年 10月(December) 23日(火曜日) 無添加手卷き莨(たばこ) https://natural.crea...olledcigarettes.html 葉卷きとパイプ https://www.youtube..../watch?v=xc7ZQLfSmbA 中毒になる莨(たばこ)は偽(にせ)莨(たばこ)である 本來の莨(たばこ)の葉は藥になり、無農藥･無化學肥料･無添加の「葉卷き」と「パイプ」と「無添加手卷き莨(たばこ)」は中毒性が無い 天然のニコチンに中毒性は無い 紙卷き莨(たばこ)の添加物 葉の添加物： https://www.jti.co.j...ve/tobacco/list.html 香料、燃燒劑、結合劑、保存料、保濕劑、溶媒、乳化劑、酸化防止劑、工程助劑 紙の添加物：燃燒促進劑を含めた隠された添加物が入っている 電子莨(たばこ)（VAPE） 合成ニコチンを配合した電子莨(たばこ)は肺の奧深くに毒を屆ける“兵器” https://x.com/w2skwn.../1941325351923352007,1/4,0.8,conflict_or_uncertain
5ちゃんねるしかしたことないから何でも続かないんだよお前らは。,3/2,1.0,conflict_or_uncertain
>>259 真田…信繁は伝説なのか,2/3,0.8,conflict_or_uncertain
これはどっちの勝ち？ https://i.imgur.com/mtcKYY8.jpeg,1/4,0.8,conflict_or_uncertain
>>3 中国人ほんまカス,3/2,0.8,conflict_or_uncertain
聖書日課を読んでいると、 キリスト教は祈りをかなり重視するようです。 そこで考えなければならないことがあります。 「何を祈るのか」ということです。 病気を治してくださいとか、 苦境から逃れられますように、とか、 今自分に置かれている厳しい状況から何とか脱出したいという 願いに基づくものがあるでしょう。 もしくは、いつの日か天の国に召されますように、 という祈りもあるでしょう。 しかし、 祈る前に自分でやっておく努力というものをどう考えるかです。 その点において人は後悔することが多いです。 不規則な生活や酒などに溺れた生活、自分を律することの 出来ない人が神に祈っても、厳しい現実から逃れられない ことが多いと思います。,1/4,0.8,conflict_or_uncertain
つまりお前らは偽物だ。,2/3,0.8,conflict_or_uncertain
>>517 日本基督教団に所属してるプロテスタント信者も性欲が強いらしいですよｗ 石破総理には性接待を要求した疑惑があります。 【超衝撃】石破総理の政治生命が終了しました。 youtu.be/auXZ4QABmGQ,2/3,0.8,conflict_or_uncertain
それ……やる必要…あ…,1/4,0.8,conflict_or_uncertain
シニア層のあいみょんは麦わら帽子一択なのはなぁぜなぁぜ,2/3,0.8,conflict_or_uncertain
こんばんは<m(__)m> 酒豪の ちょっとデレデレ語意の皆様・・バレバレ🔥,1/4,0.8,conflict_or_uncertain
エラン登場時の音楽は今っぽくしてるんだなぁ と見てるときは思ったけど 落ち着いて思うとそんなに新しい感じの曲でもないな,3/2,0.8,conflict_or_uncertain
>>136 ーーー 0139 梨々香 2025/11/03(月) 17:28:28.64 >>136 そうだったのか ↓ ・・・まぁ、そう言う事です。 ーーー,2/3,0.8,conflict_or_uncertain
こんな連中に宥め尽かされても・・・。 慰められても・・・。 困るかと性癖。,2/3,0.8,conflict_or_uncertain
>>549 まあ、全知全能の神様の居られる天国なんだから、 何でもあるのかもねｗ おいらとしては、禁煙は１年くらいたつのだが、 体に害のない、タバコも吸いたいかも〜！＞＜ｗ；,1/4,0.8,conflict_or_uncertain
>>902 聖書ではたびたびオオカミが悪者扱いされるが、そのオオカミを >>220 辺りで「熊対策」として得意気に語る、聖書コピペスレ主の何と滑稽な事よwwww,1/4,0.8,conflict_or_uncertain
宗教板は左が多いけど日本人じゃない人が多いかも知れんね😳,1/4,0.8,conflict_or_uncertain
みこちが配信するから、はぁちゃまの発言に対して何が本当で何が嘘なのかを説明するものだと思ってたわ,2/3,1.0,conflict_or_uncertain
小川久仁子神奈川県議、自民県連に離党届 「旧統一教会と関係絶ってない」山際大志郎氏出馬に抗議して 2024年10月13日 https://www.tokyo-np...co.jp/article/360125 聖本3000万円、多宝塔7000万円…旧統一教会「霊感商法」の底知れない被害 「一刻も早く解散命令を」 2024年10月13日 https://www.tokyo-np...co.jp/article/360093,2/3,0.8,conflict_or_uncertain
https://imgur.com/a/D6KevPZ 枝肉でよこせ”江田希望”（えだきほ：素戔嗚）。,1/4,0.8,conflict_or_uncertain
神霊能力が無いのは確定なので、波動も言霊も真心も無ければ、ただのピエロです。,1/4,0.8,conflict_or_uncertain
内山弘一の The GODチャンネル https://youtube.com/...God-Channel/featured チャンネル登録者数 3.21万人 マタイ、空海、蘇我入鹿、須佐之男命、 成務天皇、ウィリアム・テルの生れ変り,2/3,0.8,conflict_or_uncertain
前編 【「なんだこれは！」と言わせたい】「TAROMAN」仕掛け人が総括する「視聴者を惹きつけるクリエイティブ」【短期連載・てれびのスキマ「『フェイク』のつくりかた」】 https://www.news-pos..._1906306.html?DETAIL 後編 【TAROMAN】仕掛け人が明かす「NHKなのにフェイクドキュメンタリーが放送できた理由」【短期連載・てれびのスキマ「『フェイク』のつくりかた」】 https://www.news-pos...om=widget_related_sp,1/4,0.8,conflict_or_uncertain
むしろ一回利確しなさいって学んだだろうにな その辺もあるが犯罪者はどんどん離れていくような アーセナルの時代のリーダー」と答えるとどちらかといえば、1株当たり四半期純利益が小さく不平等だから廃止の流れは。 若者って別にじいちゃんやばあちゃんのこと言っても上位3人に私の前で抱き合えって命令してるやつもいるけど。,2/3,0.8,conflict_or_uncertain
グラティウス教令集やら法学大全 カノン教会法で どの教会法学者も奴隷を否定しなかったのはなぜだ 言ってみろ,2/3,0.8,conflict_or_uncertain
>>664 お前やろ糞カス 609に反論では無く難癖付けて来ただけの知恵遅れ お前の支持するマザコンの人殺しは法廷で寝言でも喋ってるのか？,4/1,0.8,conflict_or_uncertain
俺様なにもやってないのにな、うちの親方根性悪いから付き合うのやめるわ。 だめだね、あっちはあっちで勝手にやってくれ。 あっ、ちなみにねこや無しな。 俺は認めんしやらん。 あの世界線は無しだ。 なんか繋がったけど。。,2/3,0.8,conflict_or_uncertain
この腐った国にようこそ！！タッポイタッポイ！！ってか,1/4,0.8,conflict_or_uncertain
そのうちこの妹は街録ちゃんねるに出るだろうから楽しみにしとく,1/4,0.8,conflict_or_uncertain
AI による概要 先住民族は、歴史的に国家の軍隊に所属したり、独自の部隊を組織したりしてきました。 代表的な例としては、アメリカ陸軍の「インディアン斥候隊」や、 第二次世界大戦中の「コードトーカー」（暗号通信兵）などがあります。 また、台湾の「高砂族」は日本軍の戦力として従軍しました。 代表的な例 アメリカインディアン： インディアン斥候隊： アメリカ陸軍に所属した、偵察や追跡を専門とする先住民兵士の部隊です。 コードトーカー： 先住民の部族言語を暗号として用いた、無線通信兵として活躍しました。 特に第二次世界大戦の太平洋戦線で重要な役割を果たしました。 台湾先住民（高砂族）： 第二次世界大戦中、日本軍の兵士として各地の激戦地で戦いました。 食料調達の技術にも長けており、日本兵の命を救った事例もあります。 その他の側面 歴史的な紛争： 多くの先住民族は、 入植者との土地をめぐる争い（インディアン戦争など）の中で、 自らの土地や文化を守るために戦いました。 現代： 現在、先住民の権利が認められている国では、 連邦政府の軍隊に所属するだけでなく、 独自の自治権を持つ部族として存在しています。,1/4,1.0,conflict_or_uncertain
>>415 アホ丸出し,3/2,0.8,conflict_or_uncertain
トランプ見てると晩年の秀吉ってあんな感じだったのかな そりゃ豊臣離れするよな,3/2,0.8,conflict_or_uncertain
令和デビュー 『10/1 ダイジェスト プラス 9/17』 https://www.youtube..../watch?v=H7RbAWTahpQ 9/17 警視廳 touch and go 3連發 連合軍がスタートか？ 警察を日本政府から切り離し、連合軍(テッラTerra防衛軍)に切り替えたという事,1/4,0.8,conflict_or_uncertain
https://www.youtube..../watch?v=GM-MDGKN9mw 西脇弁護士の動画 【卑劣！】斎藤元彦追及の丸尾県議に妨害と「フェイク画像」 攻撃連続！斎藤元彦知事阪神優勝にXだんまりパレード 「費用」疑惑再燃か！【LIVE】朝刊全部！9月9日日,2/3,0.8,conflict_or_uncertain
>>1 何で、カルトが宗教なんだ。 戦後民主化されても、 全く変わらない、 靖国カルト天皇カルトの日本人。 いずれ、日本人は、必ず完全に消滅 させなければならない。 国際法に記されてあるとおりである。,1/4,0.8,conflict_or_uncertain
特権意識ありありの歪んだ思想 救うのも救われるのも白人限定であるということが歴史が証明している 信者はここでも自分だけが普遍の真理を知っていると恥ずかしげもなく自分は知ってるんだ凄いんだと主張してる やっぱり性格悪いわなキリスト教信者はみんなこう。 あれ？おかしいですよね、聖書のこの部分と質問するとプーッとむくれて何も答えないというね草,4/1,0.8,conflict_or_uncertain
安倍晋三が世界にバラ撒いた血税、60兆円 [147827849] https://itest.5ch.ne...i/poverty/1688793407 【税金】安倍晋三、海外バラ撒き累計→60兆円。岸田→1年で18兆円。安倍超えへ。 [153490809] https://itest.5ch.ne...i/poverty/1675579862 岸田 「金をドンドン海外にバラまく。ばら撒きは国際貢献の一つであり、外交の最も重要なツール」 [267234601] https://itest.5ch.ne....cgi/news/1686366448 【トリビアの泉】 日本の政権与党(自.民党)政治家は、 60兆円～もの 【海外血税ばら撒き】を 【選挙の公約】にした事は一度も無く また それが、日本国民にどんなメリットや利益があるのか？ 日本国民有権者に対して説明した事は一度も無い 【参考】 消費税を5%減税すると15兆円の税収減になるという つまり、 消費税5%＝15兆円税収 である 消費税20%分≒60兆円海外ばら撒き と言える 【結論】 つまり、自.民党安倍晋三が海外ばら撒き60兆円もの無駄遣いをしなければ 消費税20%分！？＝60兆円もの減税が出来たはずである つまり、日本人日本国民は安倍晋三をもっと早く射殺して仕留めておけば 消費税０%で生活出来ていた事になる,2/3,0.8,conflict_or_uncertain
>>409 壺連呼中国共産党員=ユダヤ共産主義支持 統一教会=反ポリコレ、反ユダヤ共産主義=大正義確定 壺が口癖の中国共産党員が反対しているから、統一教会が大正義なの確定,3/2,0.8,conflict_or_uncertain
隣人が一番敵になりやすい,2/3,1.0,conflict_or_uncertain
>>10 これ以上左巻きの報道をしてもらいたいのかサヨクは どこまで自己中心なんだ,4/1,1.0,conflict_or_uncertain
河添えさんも言ってるわ 河添誠 KAWAZOE Makoto X · kawazoemakoto 6 日前 めでたい。ついに、高市早苗が「カラスの天丼」を食べた！,2/3,0.8,conflict_or_uncertain
>>98 宇喜多の内情はいろいろ深掘りしないとわからないよなぁ 毛利があんなんだから、なんだかんだで参戦した西軍では 一番の勢力動員してるし福島正則相手に奮戦もしてるし,1/4,0.8,conflict_or_uncertain
聖父（ちち）と聖子（こ）と聖霊（せいれい）との 御名（みな）によりて。アーメン。 聖人カレンダー 8月24日 聖バルトロマイ使徒 1世紀 https://www.pauline....int365.php?id=082401 教会カレンダー C年 年間第21主日 第１朗読 イザヤ書 66章18〜21節 第２朗読 ヘブライ人への手紙 12章5〜7、11〜13節 福音朗読 ルカによる福音書 13章22〜30節 https://www.pauline....ycleC/c_ord21sun.php 日曜日のみことば 8月24日 年間第21主日 https://seseragi-sc....1%e4%b8%bb%e6%97%a5/ 年間第21主日 2025年8月24日 (日曜日) https://www.higotono...025-08-24%2000:00:00 ミサ朗読について わたしと共に 目を覚ましていなさい マタイ 26:38 年間第21主日 C年 https://ubecat.jp/verbi/000182/ 天におられるわたしたちの父よ、 み名が聖とされますように。 み国が来ますように。 みこころが天に行われるとおり地にも行われますように。 わたしたちの日ごとの糧を今日もお与えください。 わたしたちの罪をおゆるしください。わたしたちも人をゆるします。 わたしたちを誘惑におちいらせず、 悪からお救いください。 アーメン。 願わくは、聖父（ちち）と聖子（こ）と聖霊（せいれい）とに 栄えあらんことを。 始めにありし如く、 今もいつも世々にいたるまで。アーメン。,3/2,0.8,conflict_or_uncertain
>>348 新JISいいのか？ ニコラとトロンは使ったが新JISは経験ない,1/4,0.8,conflict_or_uncertain
>>273 神保… やはりあすこは神保町の語源？,2/3,0.8,conflict_or_uncertain
カバーはコレコレもちゃんと処分しろよ ぺこらに対する度を超えた誹謗中傷してるぞ,4/1,0.8,conflict_or_uncertain
フランス式 美味しい肉の教科書 https://www.amazon.co.jp/ フランス式おいしい肉の教科書-アルテュール・ル・ケンヌ/dp/4756250904 これ、面白いよ。 勉強になる。 アマだけでなくプロにも料理好きにはたまらん書物。 ステーキステキヒデキカンゲキ（笑 “ヘブライ語のすすめ”を図書館で借りたけどもう一つのご注文の品”フランス式 美味しい肉の教科書”が届いたのでこっちの方が面白くて 優先的にマスターしたいのでまたあとで借りようか買おうかと思っている。 中身どんな内容なのか見たかっただけなんだけどね。。読みやすいかどうか。,1/4,1.0,conflict_or_uncertain
聖書は読み物としてはいいが、染まったり信じる気に全くならない。,1/4,1.0,conflict_or_uncertain
>>782 同じことを繰り返すくらいなら、◯んでしまえ,3/2,0.8,conflict_or_uncertain
>>663 なんかお前らおかしくね？ 統一教会は叩くのに、ユダヤ共産主義とその手下の中国共産党は叩かないってなんで？ やっぱ、お前らって中国共産党員でオケー？,1/4,0.8,conflict_or_uncertain
無罪でいいわ,2/3,0.8,conflict_or_uncertain
毎日のみことば https://seseragi-sc....e%ef%bc%89%e5%8f%b8/,1/4,1.0,conflict_or_uncertain
どんなレス期待してスレ立てたの,1/4,0.8,conflict_or_uncertain
なんかアメリカ人やヨーロッパ人の規格外のデブ部の意味が具体的にわかってきたかな食い過ぎだけでなく食生活。 揚げ物・肉・炭水化物の摂取のしすぎである。 野菜食え野菜。 美味いぞ。料理次第だけど。 でも、俺様は結構生野菜は好きかなサラダ。,1/4,0.8,conflict_or_uncertain
確かに栖雲居士は発狂しているね,2/3,0.8,conflict_or_uncertain
>>465 ソノシートなら爪楊枝でいけるんじゃなかったっけ 小学一年生の付録だったか、針折るからって触らせてもらえんで手回しでボエ〜な音聴いた記憶あるわ,2/3,0.8,conflict_or_uncertain
韓国ではキリスト教系の新興宗教が良く表れているけど、どれも稚拙。原罪というどうしようもできないものをp作り上げて縛り上げる原因を作り、 それを解消するために、肉体関係を教祖と結ぶことを目的をするなんて、（統一教会もそうだがその分派もそこは同じ）サルに毛が生えたような韓国人が考えそうなものだよ。 だから日本では解散にまでなったってことだろ。最初から大問題集団だったってわけ。,2/3,0.8,conflict_or_uncertain
きっしょ,1/4,0.8,conflict_or_uncertain
>>26 そのまともな感覚をもっていられることが最高に幸せと位置づけられてさしまうくらい、毒親持ちは地獄らしい,1/4,0.8,conflict_or_uncertain
宇宙人は居ない。未知の地上人が限り無く居るだけである 一番近い隣の円地(まるち)にはプレヤデス人、火星人、金星人、アヌンナキ人、オリオン人が居る https://www.youtube..../watch?v=92Alnlrpes0,2/3,0.8,conflict_or_uncertain
でこすけ氏 最近ネット しなくても 母は見ている 親が操った,2/3,0.8,conflict_or_uncertain
京都大学の学生は日本語では読みません<m(__)m>,2/3,0.8,conflict_or_uncertain
差すのは水ぐらいにして下さい,2/3,0.8,conflict_or_uncertain
>>259 正当防衛,2/3,0.8,conflict_or_uncertain
新左翼と違って特定の大学が「拠点」になってたというふうではなかったと思う,1/4,0.8,conflict_or_uncertain
昔、秋山和慶の指揮で聴いた祭りが名演で忘れられん。 その前の曲目がベト8、モーツァルトVn協という抑えたプロだったので、最後の祭りで一気に オケの溜まったエネルギーが爆発したようだった。 3部作全部続けて演奏するとなるとたぶんああいう鮮烈な演奏にはならないだろうな。,1/4,0.8,conflict_or_uncertain
スレの皆さん、おはようございます。 キリスト教関係の信仰生活について、紹介レスを作りましたので、 どうか、ご利用ください。 カトリックについて https://rio2016.5ch..../psy/1716329444/903n プロテスタントについて https://rio2016.5ch..../psy/1716329444/904n 正教会について https://rio2016.5ch..../psy/1716329444/905n ユダヤ教について https://rio2016.5ch..../psy/1716329444/906n,2/3,0.8,conflict_or_uncertain
日本モンキーパークの若い太陽の塔付近には映画館ないからやっぱ万博跡地の太陽の塔に1番近い 109シネマズ大阪エキスポシティに行くのが聖地巡礼としては正解なんだろうな,2/3,0.8,conflict_or_uncertain
というか、月30万円あるいは45万円も 長年に渡り無料でフードスタンプを 支給されていたとは驚きですし、 あまり世間（他国）には 知れ渡ってなかったと思う。,1/4,1.0,conflict_or_uncertain
大河信長が延々と尾張上四郡下四郡やってたのとか,1/4,0.8,conflict_or_uncertain
https://www.youtube..../watch?v=T58xQxHBT-4 西脇弁護士の動画 【矛盾】斎藤元彦「適切・適法」答弁の嘘を暴く時系列！ 公益通報者保護法対応に県人事委2年連続指摘も斎藤知事は また「無視」か【LIVE】朝刊全部！10月12日,2/3,0.8,conflict_or_uncertain
>>862 ただの関係者Aさんだろw 週刊現代、夕刊フジ、実話ナックルズ、女性自身、女性セブンでお馴染みw,2/3,0.8,conflict_or_uncertain
クリ舐めるだけならいいの？,1/4,0.8,conflict_or_uncertain
みなさん選挙は自民ボロ負け・・・と思いきや キナ臭い連中は凱旋聴衆もいないのに当確？！ ホントなら100議席切ってもいいくらいですよね セコ過ぎる不正で地味に議員増やす作戦 許されない反社自民盗！ 自民は不正選挙の為に”移民特別扱い”外人票に舵を切っている！！ //www.kanaloco.jp/news/government/electiondata/article-1120707.html ＜法律違反です！＞神奈川、外国籍市民に衆院選の投票用紙を交付するミス 綾瀬市選管 許せない国家背任 ”既成事実化” 信じられない自民盗の選挙攻略？！ 自民を潰せ！ なんと投票抑制？！ お年寄り騙して自民票以外はシャットアウトしたい！！(あ然) //news.yahoo.co.jp/articles/5a73b82713124da9f2202ad98c49219495b094e3 ＜勝手に閉鎖？！憲法違反＞投票所「夜８時まで」は立会人に負担…きょう４割で早じまい、経費節減も,2/3,0.8,conflict_or_uncertain
内海 聡 @touyoui 昨日のよしみとチーム日本代表が街宣入るため。 応援弁士池田としえ 街頭演説会 参政党 対策委員 すえよし たつみ 応援弁士 池田 としえ 司会 榎本 セイヤ @JR 蒲田駅東口 １８時～ ご参集お願いいたします！ 午前11:44 · 2023年4月5日·2万 件の表示 x.com/touyoui/status/1643444438386241538,3/2,0.8,conflict_or_uncertain
スペシャルマッサージとは言ったけど手コキとは言ってないし,1/4,1.0,conflict_or_uncertain
小田原やるってなに？,1/4,0.8,conflict_or_uncertain
>>332 実際食ってるから後のローテや 病欠中に入った感ハンパないな,3/2,0.8,conflict_or_uncertain
なんせ､部屋の､ｲﾗﾝもの､捨てんと｡ 将棋24の対局記録のﾒﾓ帳､いっぱいある｡しかも､今日金具から紙､ひっきゃぶいてたら すごい時間かかって､3個しかできず｡､,1/4,1.0,conflict_or_uncertain
>>10 こぶいちからむりりんに絵師変わったんちゃう？,2/3,0.8,conflict_or_uncertain
高市総理の態度は正しい。 欧米の価値観（キリスト教的価値観）では、コウモリ外交は信用されない。 新約聖書「二人の主人に仕えることは出来ない。」 以前の自民党政権は自国民に強く他国には弱い内弁慶だったが、 高市政権は内弁慶ではないので好感が持てる。 高市総理の明確な意見も良い。 新約聖書「“はい”なら“はい”、“いいえ”なら“いいえ”とだけ言いなさい。それ以外は悪魔から出る。」,2/3,0.8,conflict_or_uncertain
【参政脳】 アメリカ制のジャパンファースト万歳！ https://kizuna.5ch.n...festo/1752822918/l50,2/3,0.8,conflict_or_uncertain
>>732 旧織田系からすれば家臣筋だった秀吉より同盟筋だった家康の方がまだ納得出来たろうし,2/3,0.8,conflict_or_uncertain
https://www.youtube..../watch?v=g0FfCR2XLMY 西脇弁護士の動画 【炎上】斎藤元彦氏「公務より自撮り」映像拡散！ 公務の説明に生返事で「スマホいじり」「自撮り撮影？」 職員アンケートも訴えた「自画像愛」と「パワハラ」 【LIVE】朝刊全部！10月8日,2/3,0.8,conflict_or_uncertain
>>794 ソースがゲンダイとかw,2/3,0.8,conflict_or_uncertain
>>41 この意見が正解だね一般層向けに作ってるグランセイザーとか好きな人には合わない,1/4,0.8,conflict_or_uncertain
この人、おじいちゃん！ 454：還暦子供：2025/11/06(木) 05:03:03 ID:8idMyK4k サス九の知らない店にはいかない方がいいかも・・ セクシー女優じゃなかった が口癖のサス九はいるから・・🔥,2/3,0.8,conflict_or_uncertain
米トランプ政権 “緊急時の妊娠中絶措置”を廃止 「妊婦の命が救えなくなる」との懸念も [煮卵★] ps://asahi.5ch.net/test/read.cgi/newsplus/1749100495/ >アメリカのトランプ政権は人工妊娠中絶が禁止されている州であっても、妊婦の緊急事態の際には中絶措置を行うよう医療機関に義務付けていた指針を廃止しました。,1/4,0.8,conflict_or_uncertain
https://rio2016.5ch..../psy/1759966174/508n アンドロギュヌス ＞グノーシス思想のアンドロギュヌス神話に登場する。 https://rio2016.5ch..../psy/1759966174/509n ＞シュジュゴス（伴侶） https://rio2016.5ch..../psy/1759966174/502n ＞彼の伴侶と呼ばれていたマグダレーネであった。 グノーシス思想によれば、 マグダラのマリアはイエスの伴侶つまり妻であった。,2/3,0.8,conflict_or_uncertain
牧師は礼拝に来る老人達の遺産目当てで死後に遺産寄付する様に水面下で誘導してるのか？,1/4,0.8,conflict_or_uncertain
真言宗 常用経典 九條錫杖（くじょうしゃくじょう） http://shingon-kyo.s...egory/4408131-1.html 九 条 錫 杖（くじょうしゃくじょう） 全角ＦＣを半角に http://housyou28.web. ＦＣ2.com/obe-a-3-3kujyou.html 『九條錫杖』の教えの一部 ・・・ 懈怠者精進 ?日々努力をし練習するという精進をしなさい。 破戒者持戒 ?悪い事をしないよう心に言い聞かせなさい。 不信者令信 ?相手の信用できる点を見つけ励ましなさい。 〇不信仰者や不信用者は信仰し信頼しなさい。 慳貪者布施 ?貧しいながら人助けする者に援助しなさい。 瞋恚者慈悲 ?相手は可哀そうな奴だと憐れみ言いなさい。 愚痴者智慧 ?物を覚え考えをまとめる訓練をしなさい。 驕慢者恭敬 ?相手の美点を見つけて褒めなさい。 〇おごり高ぶっている者はひとを敬いなさい。 〇相手の立場を考え反省を口にしなさい。 放逸者攝心 ?注意散漫にならず気を付けて行いなさい。 ・・・,3/2,0.8,conflict_or_uncertain
統一教会 https://rio2016.5ch.....cgi/psy/1713616997/,1/4,0.8,conflict_or_uncertain
>>705 40代だろな 前半じゃないと思う,3/2,1.0,conflict_or_uncertain
"ーーー 0479 我撫理得流ＫＥＮＪＩ from ｄｅｓｋｔｏｐＰＣ 2025/11/17(月) 16:36:43.95 コインランドリーは親がもう死んだか貧乏で生活費の支援が ないからナマポなんや。 ↑ 『そんなに僕が気になる』のかな？ 『""ヘタレ軟弱""のKENJIさん』 ーーー",3/2,0.8,conflict_or_uncertain
"ーーー ピッピさんへ ー 『あのブログ主さん粘着名無し達スレ』より 0429 きなり 2025/11/19(水) 17:19:55.98 coinさん 私の長兄は海軍兵学校の最後の 入学者です。彼はもうこの世に いませんが今彼の息子と孫が兄 の跡 を継ぎ医院の院長をしています。 ひ孫ももうじき医学生になります。 ー ・・・ピッピさん ・・・『この""上記のレス""』どう思いますか？ ちなみに僕は 『""この人のご家族の事""について』は 『何一つ一切""尋ねていない""』のですよね。 ーーー",3/2,0.8,conflict_or_uncertain
修道院とか修道会はカトリック由来だと思いますよ,1/4,0.8,conflict_or_uncertain
>>891 は >>889 宛て,2/3,1.0,conflict_or_uncertain
以前、合同結婚式に参加する人の募集だか、結婚推奨かの家庭〜とかいう関連団体があって 団体名書いてある車で渋谷だかターミナル駅で結婚して家庭を〜みたいなの言ってた気がしたけど、 家庭〜とかいう関連団体は今もあるのかな？,2/3,0.8,conflict_or_uncertain
いいな…フードスタンプ最大45万円 でも打ち切りか。 これでみんな正気にもどるんじゃないの？,1/4,0.8,conflict_or_uncertain
ほっほう程嫌味じゃないｗ,1/4,0.8,conflict_or_uncertain
