Source,Target,Weight,Type
Topic 0,安倍は統一教会とズブズブ,217,Topic-to-Target
Topic 1,catholics,196,Topic-to-Target
Topic 2,Priests/Clergy,115,Topic-to-Target
Topic 5,catholics,114,Topic-to-Target
Topic 3,bishops,98,Topic-to-Target
Topic 2,women,89,Topic-to-Target
Topic 8,catholics,82,Topic-to-Target
Topic 6,bishops,71,Topic-to-Target
Topic 1,trump,71,Topic-to-Target
Topic 18,catholics,62,Topic-to-Target
Topic 16,christians,56,Topic-to-Target
Topic 13,catholic schools,48,Topic-to-Target
Topic 17,fundamentalist christian,41,Topic-to-Target
Topic 0,日本会議,39,Topic-to-Target
Topic 2,Church (General),37,Topic-to-Target
Topic 0,自民党,36,Topic-to-Target
catholics,Do: think,35,Target-to-Tactic
Topic 19,pharisee,33,Topic-to-Target
Topic 19,Jesus,32,Topic-to-Target
Topic 14,Christianity,30,Topic-to-Target
Topic 1,Jesus,29,Topic-to-Target
catholics,Do: know,27,Target-to-Tactic
Topic 15,catholics,27,Topic-to-Target
Topic 13,catholic universities,27,Topic-to-Target
Topic 11,christians,24,Topic-to-Target
Topic 6,Church (General),23,Topic-to-Target
Topic 12,catholics,23,Topic-to-Target
Topic 19,god,23,Topic-to-Target
Topic 3,Church (General),23,Topic-to-Target
Topic 5,Church (General),23,Topic-to-Target
Topic 2,Jesus,23,Topic-to-Target
Topic 10,christians,21,Topic-to-Target
Topic 11,white american male,21,Topic-to-Target
Topic 7,god,20,Topic-to-Target
Topic 2,god,20,Topic-to-Target
Topic 1,bishops,20,Topic-to-Target
catholics,Do: have,20,Target-to-Tactic
Topic 3,gay people,19,Topic-to-Target
Topic 17,Christianity,19,Topic-to-Target
Topic 5,Jesus,19,Topic-to-Target
Jesus,Do: say,16,Target-to-Tactic
catholics,Do: say,15,Target-to-Tactic
Topic 6,Priests/Clergy,15,Topic-to-Target
catholics,Do: believe,15,Target-to-Tactic
Topic 8,Church (General),14,Topic-to-Target
catholics,Is: sure,14,Target-to-Tactic
Topic 7,man,14,Topic-to-Target
Topic 9,Jesus,14,Topic-to-Target
Topic 7,Jesus,13,Topic-to-Target
Church (General),Do: teach,13,Target-to-Tactic
Topic 12,Jesus,13,Topic-to-Target
Topic 1,evangelicals,12,Topic-to-Target
Topic 8,women,11,Topic-to-Target
catholics,Do: see,11,Target-to-Tactic
catholics,Do: do,11,Target-to-Tactic
Topic 17,that person,11,Topic-to-Target
catholics,Do: agree,11,Target-to-Tactic
Topic 12,Church (General),10,Topic-to-Target
Topic 5,god,10,Topic-to-Target
catholics,Do: like,10,Target-to-Tactic
Priests/Clergy,Do: think,10,Target-to-Tactic
catholics,Do: want,10,Target-to-Tactic
bishops,Do: think,10,Target-to-Tactic
Priests/Clergy,Do: believe,10,Target-to-Tactic
Topic 3,Jesus,9,Topic-to-Target
bishops,Do: know,9,Target-to-Tactic
bishops,Do: believe,9,Target-to-Tactic
catholics,Do: find,9,Target-to-Tactic
bishops,Do: have,9,Target-to-Tactic
Topic 4,妇人,9,Topic-to-Target
Jesus,Act_on: tell,9,Target-to-Tactic
Priests/Clergy,Do: have,9,Target-to-Tactic
Topic 18,ncr,9,Topic-to-Target
Topic 14,people,8,Topic-to-Target
Topic 5,Priests/Clergy,8,Topic-to-Target
Topic 4,Priests/Clergy,8,Topic-to-Target
Topic 3,Priests/Clergy,8,Topic-to-Target
christians,Do: think,8,Target-to-Tactic
Topic 6,cc,8,Topic-to-Target
Topic 7,Church (General),8,Topic-to-Target
catholics,Do: hear,8,Target-to-Tactic
Topic 18,Church (General),7,Topic-to-Target
Topic 16,homer,7,Topic-to-Target
catholics,Do: go,7,Target-to-Tactic
Topic 16,trudeau,7,Topic-to-Target
Topic 15,Church (General),7,Topic-to-Target
bishops,Do: say,7,Target-to-Tactic
安倍は統一教会とズブズブ,Do: なる,7,Target-to-Tactic
Priests/Clergy,Do: agree,7,Target-to-Tactic
Topic 8,woman,7,Topic-to-Target
women,Act_on: ordain,7,Target-to-Tactic
catholics,Do: read,7,Target-to-Tactic
catholics,Do: understand,7,Target-to-Tactic
Jesus,Do: teach,6,Target-to-Tactic
Topic 6,catholics,6,Topic-to-Target
Church (General),Do: have,6,Target-to-Tactic
安倍は統一教会とズブズブ,Do: 会う,6,Target-to-Tactic
bishops,Do: hope,6,Target-to-Tactic
安倍は統一教会とズブズブ,Do: する,6,Target-to-Tactic
Church (General),Act_on: leave,6,Target-to-Tactic
安倍は統一教会とズブズブ,Do: ある,6,Target-to-Tactic
安倍は統一教会とズブズブ,Do: 潰す,6,Target-to-Tactic
Topic 9,イエス,6,Topic-to-Target
catholics,Do: wonder,6,Target-to-Tactic
Topic 13,people,6,Topic-to-Target
catholics,Do: vote,6,Target-to-Tactic
Topic 15,authentic catholics,6,Topic-to-Target
Topic 13,religion,6,Topic-to-Target
women,Act_on: call,5,Target-to-Tactic
god,Do: want,5,Target-to-Tactic
pharisee,Do: believe,5,Target-to-Tactic
catholics,Do: take,5,Target-to-Tactic
Priests/Clergy,Do: hope,5,Target-to-Tactic
catholics,Do: get,5,Target-to-Tactic
bishops,Do: agree,5,Target-to-Tactic
bishops,Do: do,5,Target-to-Tactic
christians,Do: find,5,Target-to-Tactic
catholics,Do: tell,5,Target-to-Tactic
Church (General),Do: make,5,Target-to-Tactic
god,Act_on: love,5,Target-to-Tactic
安倍は統一教会とズブズブ,Do: 言う,5,Target-to-Tactic
Priests/Clergy,Act_on: ordain,5,Target-to-Tactic
christians,Do: have,5,Target-to-Tactic
Topic 0,Unification Church,5,Topic-to-Target
catholics,Do: feel,5,Target-to-Tactic
Unification Church,Do: _,4,Target-to-Tactic
安倍は統一教会とズブズブ,Act_on: 擁護,4,Target-to-Tactic
Topic 9,孔庆东,4,Topic-to-Target
Topic 11,Jesus,4,Topic-to-Target
Topic 10,Jesus,4,Topic-to-Target
Church (General),Do: come,4,Target-to-Tactic
women,Do: ordain,4,Target-to-Tactic
Topic 19,Church (General),4,Topic-to-Target
Jesus,Do: want,4,Target-to-Tactic
Jesus,Act_on: lead,4,Target-to-Tactic
Topic 19,tax collector,4,Topic-to-Target
god,Do: call,4,Target-to-Tactic
catholics,Do: mean,4,Target-to-Tactic
women,Do: have,4,Target-to-Tactic
fundamentalist christian,Do: think,4,Target-to-Tactic
trump,Act_on: elect,4,Target-to-Tactic
god,Do: have,4,Target-to-Tactic
Topic 12,Pope,4,Topic-to-Target
Church (General),Do: say,4,Target-to-Tactic
bishops,Do: ’m,4,Target-to-Tactic
bishops,Do: take,4,Target-to-Tactic
catholics,Do: hope,4,Target-to-Tactic
Priests/Clergy,Is: sure,4,Target-to-Tactic
catholics,Do: need,4,Target-to-Tactic
catholics,Do: remember,4,Target-to-Tactic
安倍は統一教会とズブズブ,Act_on: 殺す,4,Target-to-Tactic
Jesus,Do: do,4,Target-to-Tactic
catholics,Do: mention,4,Target-to-Tactic
catholic schools,Do: use,4,Target-to-Tactic
Church (General),Do: change,4,Target-to-Tactic
catholics,Do: worship,4,Target-to-Tactic
christians,Do: believe,4,Target-to-Tactic
bishops,Do: feel,3,Target-to-Tactic
catholics,Is: surprised,3,Target-to-Tactic
catholics,Do: pay,3,Target-to-Tactic
Topic 12,god,3,Topic-to-Target
Topic 10,wright,3,Topic-to-Target
Jesus,Act_on: follow,3,Target-to-Tactic
catholics,Do: spend,3,Target-to-Tactic
安倍は統一教会とズブズブ,Do: 知る,3,Target-to-Tactic
bishops,Do: want,3,Target-to-Tactic
catholics,Is: catholic,3,Target-to-Tactic
god,Do: love,3,Target-to-Tactic
catholics,Do: teach,3,Target-to-Tactic
安倍は統一教会とズブズブ,Do: 殺す,3,Target-to-Tactic
安倍は統一教会とズブズブ,Do: 入る,3,Target-to-Tactic
安倍は統一教会とズブズブ,Act_on: 信じる,3,Target-to-Tactic
日本会議,Act_on: する,3,Target-to-Tactic
安倍は統一教会とズブズブ,Do: 起こす,3,Target-to-Tactic
安倍は統一教会とズブズブ,Act_on: 潰す,3,Target-to-Tactic
Christianity,Do: pray,3,Target-to-Tactic
christians,Do: say,3,Target-to-Tactic
catholics,Do: hate,3,Target-to-Tactic
安倍は統一教会とズブズブ,Do: 容れる,3,Target-to-Tactic
安倍は統一教会とズブズブ,Do: ?,3,Target-to-Tactic
catholics,Do: write,3,Target-to-Tactic
god,Do: create,3,Target-to-Tactic
fundamentalist christian,Do: ask,3,Target-to-Tactic
trump,Do: win,3,Target-to-Tactic
catholics,Do: ask,3,Target-to-Tactic
christians,Do: wonder,3,Target-to-Tactic
catholics,Do: suspect,3,Target-to-Tactic
Jesus,Do: know,3,Target-to-Tactic
catholic schools,Do: have,3,Target-to-Tactic
bishops,Do: like,3,Target-to-Tactic
white american male,Act_on: do,3,Target-to-Tactic
bishops,Do: tell,3,Target-to-Tactic
women,Act_on: choose,3,Target-to-Tactic
christians,Do: hope,3,Target-to-Tactic
catholics,Act_on: include,3,Target-to-Tactic
bishops,Do: meet,3,Target-to-Tactic
Church (General),Do: do,3,Target-to-Tactic
Jesus,Act_on: teach,3,Target-to-Tactic
Topic 17,god,3,Topic-to-Target
catholics,Do: love,3,Target-to-Tactic
bishops,Do: suspect,3,Target-to-Tactic
christians,Is: sure,3,Target-to-Tactic
Priests/Clergy,Do: need,3,Target-to-Tactic
Topic 14,Church (General),3,Topic-to-Target
Topic 9,god,3,Topic-to-Target
Priests/Clergy,Do: go,3,Target-to-Tactic
Jesus,Do: have,3,Target-to-Tactic
bishops,Do: find,3,Target-to-Tactic
women,Act_on: include,3,Target-to-Tactic
bishops,Do: learn,3,Target-to-Tactic
trump,Do: say,3,Target-to-Tactic
pharisee,Do: think,3,Target-to-Tactic
catholics,Is: -,3,Target-to-Tactic
Christianity,Do: think,3,Target-to-Tactic
catholics,Do: suggest,3,Target-to-Tactic
Christianity,Act_on: do,3,Target-to-Tactic
catholics,Do: miss,2,Target-to-Tactic
catholics,Is: troll,2,Target-to-Tactic
bishops,Do: misinterpret,2,Target-to-Tactic
fundamentalist christian,Do: guess,2,Target-to-Tactic
Church (General),Do: need,2,Target-to-Tactic
bishops,Is: sorry,2,Target-to-Tactic
Topic 4,bluto,2,Topic-to-Target
christians,Do: raise,2,Target-to-Tactic
god,Act_on: reject,2,Target-to-Tactic
catholics,Is: embarrassed,2,Target-to-Tactic
christians,Do: follow,2,Target-to-Tactic
man,Do: have,2,Target-to-Tactic
catholics,Do: describe,2,Target-to-Tactic
Topic 17,zsvw0cavalyy,2,Topic-to-Target
Priests/Clergy,Act_on: call,2,Target-to-Tactic
Priests/Clergy,Do: hear,2,Target-to-Tactic
Topic 16,christian,2,Topic-to-Target
自民党,Do: レス,2,Target-to-Tactic
catholics,Do: give,2,Target-to-Tactic
catholics,Do: support,2,Target-to-Tactic
catholics,Do: study,2,Target-to-Tactic
catholics,Do: pray,2,Target-to-Tactic
catholics,Do: consider,2,Target-to-Tactic
bishops,Is: afraid,2,Target-to-Tactic
Church (General),Do: reach,2,Target-to-Tactic
Priests/Clergy,Is: interested,2,Target-to-Tactic
安倍は統一教会とズブズブ,Act_on: 批判,2,Target-to-Tactic
Priests/Clergy,Do: like,2,Target-to-Tactic
bishops,Do: let,2,Target-to-Tactic
安倍は統一教会とズブズブ,Do: 許せる,2,Target-to-Tactic
Church (General),Act_on: shut,2,Target-to-Tactic
catholic schools,Do: remember,2,Target-to-Tactic
catholics,Do: work,2,Target-to-Tactic
catholics,Act_on: lie,2,Target-to-Tactic
christians,Do: state,2,Target-to-Tactic
Priests/Clergy,Do: tell,2,Target-to-Tactic
catholics,Do: guess,2,Target-to-Tactic
bishops,Do: put,2,Target-to-Tactic
catholics,Do: make,2,Target-to-Tactic
Topic 18,msw,2,Topic-to-Target
catholics,Do: talk,2,Target-to-Tactic
god,Is: merciful,2,Target-to-Tactic
catholic universities,Do: say,2,Target-to-Tactic
Christianity,Is: christian,2,Target-to-Tactic
Christianity,Do: have,2,Target-to-Tactic
god,Act_on: thank,2,Target-to-Tactic
Jesus,Do: live,2,Target-to-Tactic
god,Do: promise,2,Target-to-Tactic
Jesus,Do: go,2,Target-to-Tactic
bishops,Do: see,2,Target-to-Tactic
catholics,Do: follow,2,Target-to-Tactic
catholics,Do: assure,2,Target-to-Tactic
bishops,Do: wonder,2,Target-to-Tactic
Jesus,Do: give,2,Target-to-Tactic
women,Is: willing,2,Target-to-Tactic
Church (General),Do: want,2,Target-to-Tactic
Priests/Clergy,Do: say,2,Target-to-Tactic
Jesus,Act_on: help,2,Target-to-Tactic
women,Do: go,2,Target-to-Tactic
women,Do: treat,2,Target-to-Tactic
god,Do: bless,2,Target-to-Tactic
Jesus,Do: show,2,Target-to-Tactic
catholics,Do: forgive,2,Target-to-Tactic
catholics,Do: point,2,Target-to-Tactic
Topic 7,moses,2,Topic-to-Target
catholics,Is: happy,2,Target-to-Tactic
Church (General),Act_on: protect,2,Target-to-Tactic
Priests/Clergy,Act_on: protect,2,Target-to-Tactic
Jesus,Act_on: ask,2,Target-to-Tactic
catholic schools,Do: find,2,Target-to-Tactic
catholic schools,Do: start,2,Target-to-Tactic
bishops,Do: speak,2,Target-to-Tactic
god,Do: make,2,Target-to-Tactic
catholics,Is: pro,2,Target-to-Tactic
Priests/Clergy,Do: call,2,Target-to-Tactic
women,Do: exercise,2,Target-to-Tactic
god,Do: choose,2,Target-to-Tactic
catholics,Do: watch,2,Target-to-Tactic
Church (General),Do: become,2,Target-to-Tactic
Jesus,Do: forgive,2,Target-to-Tactic
women,Do: serve,2,Target-to-Tactic
Jesus,Act_on: convince,2,Target-to-Tactic
man,Do: create,2,Target-to-Tactic
catholics,Do: look,2,Target-to-Tactic
Church (General),Act_on: run,2,Target-to-Tactic
bishops,Do: suggest,2,Target-to-Tactic
Church (General),Do: know,2,Target-to-Tactic
catholics,Is: sorry,2,Target-to-Tactic
authentic catholics,Do: die,2,Target-to-Tactic
Jesus,Do: choose,2,Target-to-Tactic
Priests/Clergy,Do: live,2,Target-to-Tactic
pharisee,Do: go,2,Target-to-Tactic
god,Do: limit,2,Target-to-Tactic
Church (General),Do: continue,2,Target-to-Tactic
Jesus,Act_on: ignore,2,Target-to-Tactic
catholic universities,Is: inappropriate,2,Target-to-Tactic
pharisee,Do: do,2,Target-to-Tactic
women,Is: priests,2,Target-to-Tactic
women,Do: move,2,Target-to-Tactic
man,Act_on: have,2,Target-to-Tactic
Church (General),Do: offer,2,Target-to-Tactic
Church (General),Do: reject,2,Target-to-Tactic
Church (General),Do: permit,2,Target-to-Tactic
trump,Is: christian,2,Target-to-Tactic
Priests/Clergy,Do: see,2,Target-to-Tactic
Church (General),Act_on: lead,2,Target-to-Tactic
catholic schools,Do: care,2,Target-to-Tactic
Jesus,Do: institute,2,Target-to-Tactic
Christianity,Is: okay,2,Target-to-Tactic
fundamentalist christian,Do: know,2,Target-to-Tactic
catholics,Do: prefer,2,Target-to-Tactic
fundamentalist christian,Do: understand,2,Target-to-Tactic
gay people,Do: have,2,Target-to-Tactic
trump,Is: plant,2,Target-to-Tactic
women,Act_on: have,2,Target-to-Tactic
Church (General),Do: ordain,2,Target-to-Tactic
Priests/Clergy,Act_on: send,2,Target-to-Tactic
Priests/Clergy,Act_on: create,2,Target-to-Tactic
women,Do: give,2,Target-to-Tactic
god,Do: send,2,Target-to-Tactic
catholics,Do: criticize,2,Target-to-Tactic
Priests/Clergy,Act_on: shelter,2,Target-to-Tactic
bishops,Do: guess,2,Target-to-Tactic
catholics,Do: stick,2,Target-to-Tactic
Priests/Clergy,Do: want,2,Target-to-Tactic
god,Act_on: need,2,Target-to-Tactic
Priests/Clergy,Do: know,2,Target-to-Tactic
Priests/Clergy,Do: find,2,Target-to-Tactic
christians,Do: apologize,2,Target-to-Tactic
Jesus,Is: god,2,Target-to-Tactic
catholics,Is: interested,2,Target-to-Tactic
christians,Do: prefer,2,Target-to-Tactic
christians,Do: like,2,Target-to-Tactic
god,Do: use,2,Target-to-Tactic
Topic 4,Jesus,2,Topic-to-Target
catholics,Do: keep,2,Target-to-Tactic
bishops,Do: forgive,2,Target-to-Tactic
christians,Do: doubt,2,Target-to-Tactic
homer,Act_on: change,2,Target-to-Tactic
Christianity,Do: teach,2,Target-to-Tactic
bishops,Do: assure,2,Target-to-Tactic
gay people,Do: leave,2,Target-to-Tactic
trump,Is: empathatic,2,Target-to-Tactic
Jesus,Do: save,2,Target-to-Tactic
catholics,Do: fear,2,Target-to-Tactic
catholics,Is: supporter,2,Target-to-Tactic
gay people,Act_on: welcome,2,Target-to-Tactic
bishops,Do: disagree,2,Target-to-Tactic
evangelicals,Do: have,2,Target-to-Tactic
fundamentalist christian,Do: say,2,Target-to-Tactic
christians,Act_on: practise,2,Target-to-Tactic
Christianity,Do: care,2,Target-to-Tactic
catholics,Do: wait,2,Target-to-Tactic
catholic schools,Do: do,2,Target-to-Tactic
christians,Do: remember,2,Target-to-Tactic
Jesus,Act_on: prevent,2,Target-to-Tactic
安倍は統一教会とズブズブ,Do: 要求,2,Target-to-Tactic
安倍は統一教会とズブズブ,Do: いく,2,Target-to-Tactic
安倍は統一教会とズブズブ,Do: 使う,2,Target-to-Tactic
bishops,Do: wish,2,Target-to-Tactic
trump,Do: speak,2,Target-to-Tactic
catholic schools,Do: hope,2,Target-to-Tactic
安倍は統一教会とズブズブ,Do: 言い訳,2,Target-to-Tactic
安倍は統一教会とズブズブ,Do: 騙す,2,Target-to-Tactic
安倍は統一教会とズブズブ,Act_on: 取る,2,Target-to-Tactic
安倍は統一教会とズブズブ,Do: 信じる,2,Target-to-Tactic
日本会議,Do: する,2,Target-to-Tactic
安倍は統一教会とズブズブ,Do: 思う,2,Target-to-Tactic
自民党,Act_on: 支持,2,Target-to-Tactic
pharisee,Do: have,2,Target-to-Tactic
bishops,Act_on: teach,2,Target-to-Tactic
安倍は統一教会とズブズブ,Do: やる,2,Target-to-Tactic
安倍は統一教会とズブズブ,Do: 信ずる,2,Target-to-Tactic
安倍は統一教会とズブズブ,Do: 捏ちる,2,Target-to-Tactic
安倍は統一教会とズブズブ,Do: 統治,2,Target-to-Tactic
日本会議,Do: 苦しめる,2,Target-to-Tactic
安倍は統一教会とズブズブ,Do: 壊滅,2,Target-to-Tactic
自民党,Act_on: 追う,2,Target-to-Tactic
安倍は統一教会とズブズブ,Do: 主張,2,Target-to-Tactic
イエス,Do: 主張,2,Target-to-Tactic
日本会議,Act_on: 破壊,2,Target-to-Tactic
安倍は統一教会とズブズブ,Do: 叩く,2,Target-to-Tactic
安倍は統一教会とズブズブ,Act_on: 守る,2,Target-to-Tactic
自民党,Do: ?,2,Target-to-Tactic
安倍は統一教会とズブズブ,Do: 関わる,2,Target-to-Tactic
日本会議,Act_on: 飛ばす,2,Target-to-Tactic
安倍は統一教会とズブズブ,Act_on: 見る,2,Target-to-Tactic
安倍は統一教会とズブズブ,Do: 差別,2,Target-to-Tactic
安倍は統一教会とズブズブ,Do: 飾る,2,Target-to-Tactic
安倍は統一教会とズブズブ,Do: 奪う,2,Target-to-Tactic
安倍は統一教会とズブズブ,Do: 指導,2,Target-to-Tactic
安倍は統一教会とズブズブ,Do: 批判,2,Target-to-Tactic
安倍は統一教会とズブズブ,Do: 死滅,2,Target-to-Tactic
自民党,Do: 言う,2,Target-to-Tactic
pharisee,Is: sorry,1,Target-to-Tactic
god,Is: love,1,Target-to-Tactic
pharisee,Do: need,1,Target-to-Tactic
pharisee,Do: guess,1,Target-to-Tactic
catholics,Is: cana,1,Target-to-Tactic
white american male,Act_on: accuse,1,Target-to-Tactic
christians,Do: play,1,Target-to-Tactic
christians,Do: write,1,Target-to-Tactic
catholic universities,Do: represent,1,Target-to-Tactic
catholic schools,Do: object,1,Target-to-Tactic
catholic universities,Do: stay,1,Target-to-Tactic
fundamentalist christian,Is: certain,1,Target-to-Tactic
fundamentalist christian,Do: give,1,Target-to-Tactic
Christianity,Do: reject,1,Target-to-Tactic
Christianity,Act_on: reposte,1,Target-to-Tactic
fundamentalist christian,Do: reposte,1,Target-to-Tactic
Church (General),Act_on: characterise,1,Target-to-Tactic
catholics,Do: arrive,1,Target-to-Tactic
trump,Do: make,1,Target-to-Tactic
god,Is: who,1,Target-to-Tactic
catholics,Do: venture,1,Target-to-Tactic
Jesus,Act_on: thank,1,Target-to-Tactic
women,Do: make,1,Target-to-Tactic
Pope,Act_on: tell,1,Target-to-Tactic
catholics,Is: award,1,Target-to-Tactic
catholics,Do: acknowledge,1,Target-to-Tactic
catholic schools,Do: try,1,Target-to-Tactic
ncr,Do: become,1,Target-to-Tactic
catholics,Do: meet,1,Target-to-Tactic
catholics,Do: care,1,Target-to-Tactic
Priests/Clergy,Do: mean,1,Target-to-Tactic
Priests/Clergy,Do: guess,1,Target-to-Tactic
bishops,Do: condemn,1,Target-to-Tactic
that person,Act_on: do,1,Target-to-Tactic
fundamentalist christian,Do: look,1,Target-to-Tactic
that person,Is: attitude,1,Target-to-Tactic
catholic universities,Do: apply,1,Target-to-Tactic
religion,Act_on: practice,1,Target-to-Tactic
Jesus,Do: care,1,Target-to-Tactic
women,Do: consider,1,Target-to-Tactic
bishops,Do: need,1,Target-to-Tactic
bishops,Do: interpret,1,Target-to-Tactic
bishops,Do: admit,1,Target-to-Tactic
trump,Do: lead,1,Target-to-Tactic
trudeau,Do: apologize,1,Target-to-Tactic
Christianity,Do: lump,1,Target-to-Tactic
bishops,Do: love,1,Target-to-Tactic
bishops,Do: deny,1,Target-to-Tactic
Jesus,Act_on: label,1,Target-to-Tactic
man,Act_on: bite,1,Target-to-Tactic
moses,Do: make,1,Target-to-Tactic
moses,Do: lift,1,Target-to-Tactic
bishops,Is: acts,1,Target-to-Tactic
bishops,Is: aware,1,Target-to-Tactic
evangelicals,Act_on: dupe,1,Target-to-Tactic
bishops,Do: name,1,Target-to-Tactic
pharisee,Do: entrust,1,Target-to-Tactic
pharisee,Do: miss,1,Target-to-Tactic
trump,Act_on: blame,1,Target-to-Tactic
Jesus,Act_on: keep,1,Target-to-Tactic
Jesus,Act_on: bless,1,Target-to-Tactic
Priests/Clergy,Do: let,1,Target-to-Tactic
Priests/Clergy,Do: get,1,Target-to-Tactic
Church (General),Do: create,1,Target-to-Tactic
catholic universities,Act_on: fund,1,Target-to-Tactic
gay people,Act_on: know,1,Target-to-Tactic
bishops,Is: old,1,Target-to-Tactic
catholics,Is: evangelical,1,Target-to-Tactic
bishops,Do: read,1,Target-to-Tactic
Priests/Clergy,Do: suspect,1,Target-to-Tactic
Priests/Clergy,Do: sadden,1,Target-to-Tactic
Priests/Clergy,Do: commit,1,Target-to-Tactic
women,Do: deny,1,Target-to-Tactic
women,Do: show,1,Target-to-Tactic
Church (General),Is: honest,1,Target-to-Tactic
authentic catholics,Do: marry,1,Target-to-Tactic
Church (General),Do: live,1,Target-to-Tactic
Church (General),Do: believe,1,Target-to-Tactic
Church (General),Is: pure,1,Target-to-Tactic
Church (General),Is: what,1,Target-to-Tactic
Church (General),Is: political,1,Target-to-Tactic
Church (General),Do: fit,1,Target-to-Tactic
bishops,Do: change,1,Target-to-Tactic
bishops,Do: move,1,Target-to-Tactic
bishops,Is: surprised,1,Target-to-Tactic
bishops,Do: urge,1,Target-to-Tactic
Jesus,Do: sire,1,Target-to-Tactic
god,Do: ensure,1,Target-to-Tactic
Jesus,Do: marry,1,Target-to-Tactic
Christianity,Do: feel,1,Target-to-Tactic
Church (General),Act_on: shutdown,1,Target-to-Tactic
trump,Is: heartbeat,1,Target-to-Tactic
Jesus,Act_on: set,1,Target-to-Tactic
Church (General),Do: force,1,Target-to-Tactic
gay people,Do: disorder,1,Target-to-Tactic
catholics,Act_on: practice,1,Target-to-Tactic
authentic catholics,Do: sing,1,Target-to-Tactic
catholics,Do: hop,1,Target-to-Tactic
catholics,Is: grateful,1,Target-to-Tactic
Jesus,Is: man,1,Target-to-Tactic
bishops,Do: recognize,1,Target-to-Tactic
bishops,Do: measure,1,Target-to-Tactic
Church (General),Act_on: face,1,Target-to-Tactic
Priests/Clergy,Is: likely,1,Target-to-Tactic
god,Act_on: face,1,Target-to-Tactic
Priests/Clergy,Do: appreciate,1,Target-to-Tactic
catholics,Act_on: forbid,1,Target-to-Tactic
Pope,Do: forbid,1,Target-to-Tactic
white american male,Do: appear,1,Target-to-Tactic
trump,Is: catholic,1,Target-to-Tactic
trump,Act_on: correct,1,Target-to-Tactic
muslims,Do: do,1,Target-to-Tactic
Topic 11,muslims,1,Topic-to-Target
catholics,Is: aware,1,Target-to-Tactic
trump,Do: claim,1,Target-to-Tactic
Jesus,Is: church,1,Target-to-Tactic
Jesus,Is: what,1,Target-to-Tactic
Priests/Clergy,Act_on: have,1,Target-to-Tactic
Jesus,Act_on: send,1,Target-to-Tactic
bishops,Do: witness,1,Target-to-Tactic
bishops,Is: traditionalist,1,Target-to-Tactic
bishops,Is: straight,1,Target-to-Tactic
catholic universities,Is: taught,1,Target-to-Tactic
catholic universities,Is: administration,1,Target-to-Tactic
catholic schools,Do: fail,1,Target-to-Tactic
catholic schools,Do: pass,1,Target-to-Tactic
catholic schools,Is: amazed,1,Target-to-Tactic
catholic schools,Do: work,1,Target-to-Tactic
catholic schools,Do: go,1,Target-to-Tactic
catholic schools,Is: lucky,1,Target-to-Tactic
Jesus,Do: remove,1,Target-to-Tactic
trump,Do: move,1,Target-to-Tactic
Jesus,Do: sort,1,Target-to-Tactic
gay people,Do: throw,1,Target-to-Tactic
Jesus,Do: fill,1,Target-to-Tactic
god,Act_on: ask,1,Target-to-Tactic
Jesus,Act_on: give,1,Target-to-Tactic
god,Do: give,1,Target-to-Tactic
god,Act_on: perfect,1,Target-to-Tactic
Jesus,Is: who,1,Target-to-Tactic
catholics,Do: honor,1,Target-to-Tactic
man,Is: corrupt,1,Target-to-Tactic
catholics,Is: one,1,Target-to-Tactic
Church (General),Do: treat,1,Target-to-Tactic
Priests/Clergy,Do: recall,1,Target-to-Tactic
evangelicals,Do: vote,1,Target-to-Tactic
catholics,Do: listen,1,Target-to-Tactic
trump,Do: choose,1,Target-to-Tactic
trump,Do: cross,1,Target-to-Tactic
catholics,Is: comfortable,1,Target-to-Tactic
Church (General),Act_on: do,1,Target-to-Tactic
Church (General),Do: grow,1,Target-to-Tactic
that person,Act_on: know,1,Target-to-Tactic
fundamentalist christian,Act_on: dear,1,Target-to-Tactic
christians,Do: witness,1,Target-to-Tactic
christians,Do: do,1,Target-to-Tactic
christians,Do: preach,1,Target-to-Tactic
catholic schools,Do: think,1,Target-to-Tactic
catholics,Do: reject,1,Target-to-Tactic
bishops,Do: forgave,1,Target-to-Tactic
catholics,Do: recommend,1,Target-to-Tactic
Church (General),Do: consider,1,Target-to-Tactic
catholics,Do: admire,1,Target-to-Tactic
catholics,Act_on: put,1,Target-to-Tactic
Christianity,Is: god,1,Target-to-Tactic
fundamentalist christian,Do: have,1,Target-to-Tactic
catholic universities,Do: keep,1,Target-to-Tactic
Priests/Clergy,Is: gay,1,Target-to-Tactic
bishops,Is: all,1,Target-to-Tactic
gay people,Do: experience,1,Target-to-Tactic
Priests/Clergy,Do: come,1,Target-to-Tactic
Church (General),Is: clergy,1,Target-to-Tactic
Jesus,Act_on: respect,1,Target-to-Tactic
catholics,Do: recall,1,Target-to-Tactic
Jesus,Do: pronounce,1,Target-to-Tactic
christians,Do: support,1,Target-to-Tactic
god,Act_on: lend,1,Target-to-Tactic
Priests/Clergy,Do: participate,1,Target-to-Tactic
Jesus,Do: become,1,Target-to-Tactic
god,Do: bind,1,Target-to-Tactic
Church (General),Do: practice,1,Target-to-Tactic
women,Do: prove,1,Target-to-Tactic
evangelicals,Is: first,1,Target-to-Tactic
trump,Is: sinner,1,Target-to-Tactic
Jesus,Act_on: remind,1,Target-to-Tactic
Jesus,Act_on: create,1,Target-to-Tactic
Jesus,Do: feel,1,Target-to-Tactic
Church (General),Do: prove,1,Target-to-Tactic
bishops,Do: doubt,1,Target-to-Tactic
Priests/Clergy,Act_on: favor,1,Target-to-Tactic
catholic universities,Do: fair,1,Target-to-Tactic
Christianity,Is: way,1,Target-to-Tactic
people,Do: kneel,1,Target-to-Tactic
catholics,Do: question,1,Target-to-Tactic
Church (General),Act_on: rule,1,Target-to-Tactic
Priests/Clergy,Do: celebrate,1,Target-to-Tactic
Church (General),Do: take,1,Target-to-Tactic
catholics,Do: harp,1,Target-to-Tactic
catholics,Do: waste,1,Target-to-Tactic
catholics,Do: speak,1,Target-to-Tactic
homer,Act_on: scar,1,Target-to-Tactic
christians,Do: disturb,1,Target-to-Tactic
christian,Do: evolve,1,Target-to-Tactic
christians,Do: lose,1,Target-to-Tactic
Jesus,Act_on: welcome,1,Target-to-Tactic
god,Do: rest,1,Target-to-Tactic
Church (General),Act_on: serve,1,Target-to-Tactic
trump,Act_on: bring,1,Target-to-Tactic
catholics,Do: demonstrate,1,Target-to-Tactic
religion,Act_on: use,1,Target-to-Tactic
people,Do: need,1,Target-to-Tactic
catholic schools,Is: place,1,Target-to-Tactic
people,Act_on: include,1,Target-to-Tactic
catholic schools,Do: recall,1,Target-to-Tactic
catholic,Is: old,1,Target-to-Tactic
Topic 8,catholic,1,Topic-to-Target
Church (General),Do: stop,1,Target-to-Tactic
god,Do: show,1,Target-to-Tactic
god,Is: interested,1,Target-to-Tactic
man,Act_on: friggin,1,Target-to-Tactic
Church (General),Is: one,1,Target-to-Tactic
god,Do: ask,1,Target-to-Tactic
Jesus,Act_on: require,1,Target-to-Tactic
catholics,Is: unsure,1,Target-to-Tactic
catholics,Do: focus,1,Target-to-Tactic
woman,Act_on: throw,1,Target-to-Tactic
christians,Do: teach,1,Target-to-Tactic
white american male,Do: drill,1,Target-to-Tactic
Jesus,Do: stand,1,Target-to-Tactic
Priests/Clergy,Do: remember,1,Target-to-Tactic
white american male,Is: christians,1,Target-to-Tactic
christians,Do: concern,1,Target-to-Tactic
Priests/Clergy,Do: read,1,Target-to-Tactic
catholics,Do: lobby,1,Target-to-Tactic
catholics,Do: laugh,1,Target-to-Tactic
evangelicals,Do: feel,1,Target-to-Tactic
catholics,Do: suppose,1,Target-to-Tactic
catholics,Do: choke,1,Target-to-Tactic
evangelicals,Do: satiate,1,Target-to-Tactic
evangelicals,Do: hound,1,Target-to-Tactic
evangelicals,Do: seem,1,Target-to-Tactic
god,Do: provide,1,Target-to-Tactic
bishops,Do: question,1,Target-to-Tactic
catholics,Is: nice,1,Target-to-Tactic
catholics,Is: glad,1,Target-to-Tactic
christians,Do: assault,1,Target-to-Tactic
Priests/Clergy,Do: face,1,Target-to-Tactic
catholics,Do: exclude,1,Target-to-Tactic
god,Do: preserve,1,Target-to-Tactic
fundamentalist christian,Do: like,1,Target-to-Tactic
fundamentalist christian,Do: defend,1,Target-to-Tactic
Christianity,Act_on: remove,1,Target-to-Tactic
bishops,Do: proclaim,1,Target-to-Tactic
catholics,Do: identify,1,Target-to-Tactic
women,Act_on: see,1,Target-to-Tactic
catholic universities,Do: need,1,Target-to-Tactic
catholic universities,Do: get,1,Target-to-Tactic
religion,Do: do,1,Target-to-Tactic
Jesus,Do: stress,1,Target-to-Tactic
Jesus,Do: promise,1,Target-to-Tactic
Christianity,Act_on: interpret,1,Target-to-Tactic
Christianity,Do: seem,1,Target-to-Tactic
catholics,Do: attest,1,Target-to-Tactic
catholics,Do: allow,1,Target-to-Tactic
people,Act_on: regard,1,Target-to-Tactic
Christianity,Do: understand,1,Target-to-Tactic
catholics,Do: stop,1,Target-to-Tactic
Christianity,Is: friend,1,Target-to-Tactic
Church (General),Do: view,1,Target-to-Tactic
bishops,Do: support,1,Target-to-Tactic
Priests/Clergy,Act_on: salute,1,Target-to-Tactic
Priests/Clergy,Do: salute,1,Target-to-Tactic
catholics,Do: obsess,1,Target-to-Tactic
Church (General),Do: go,1,Target-to-Tactic
catholic schools,Do: fund,1,Target-to-Tactic
Jesus,Act_on: take,1,Target-to-Tactic
catholics,Is: realist,1,Target-to-Tactic
catholics,Do: try,1,Target-to-Tactic
religion,Do: go,1,Target-to-Tactic
catholic schools,Do: agree,1,Target-to-Tactic
catholics,Is: free,1,Target-to-Tactic
trump,Act_on: denounce,1,Target-to-Tactic
pharisee,Do: look,1,Target-to-Tactic
Jesus,Do: enjoy,1,Target-to-Tactic
gay people,Do: choose,1,Target-to-Tactic
women,Is: victims,1,Target-to-Tactic
Priests/Clergy,Do: shutter,1,Target-to-Tactic
Church (General),Do: leave,1,Target-to-Tactic
catholics,Do: provide,1,Target-to-Tactic
fundamentalist christian,Do: re,1,Target-to-Tactic
christians,Do: speak,1,Target-to-Tactic
popular opinion,Do: stray,1,Target-to-Tactic
Topic 15,popular opinion,1,Topic-to-Target
trump,Is: person,1,Target-to-Tactic
women,Is: fatherhood,1,Target-to-Tactic
catholics,Do: drift,1,Target-to-Tactic
catholics,Do: quote,1,Target-to-Tactic
Jesus,Do: champion,1,Target-to-Tactic
cc,Do: point,1,Target-to-Tactic
cc,Do: follow,1,Target-to-Tactic
cc,Act_on: have,1,Target-to-Tactic
cc,Do: rap,1,Target-to-Tactic
bluto,Act_on: chug,1,Target-to-Tactic
bluto,Do: take,1,Target-to-Tactic
trump,Do: manage,1,Target-to-Tactic
pharisee,Do: hope,1,Target-to-Tactic
Jesus,Is: critical,1,Target-to-Tactic
Church (General),Do: crawl,1,Target-to-Tactic
women,Do: die,1,Target-to-Tactic
Church (General),Act_on: use,1,Target-to-Tactic
Church (General),Is: wrong,1,Target-to-Tactic
that person,Do: bring,1,Target-to-Tactic
that person,Is: you,1,Target-to-Tactic
fundamentalist christian,Do: sense,1,Target-to-Tactic
fundamentalist christian,Act_on: stalk,1,Target-to-Tactic
fundamentalist christian,Do: suppose,1,Target-to-Tactic
that person,Act_on: attack,1,Target-to-Tactic
fundamentalist christian,Do: watch,1,Target-to-Tactic
catholics,Is: fine,1,Target-to-Tactic
woman,Is: more,1,Target-to-Tactic
bishops,Do: assert,1,Target-to-Tactic
Priests/Clergy,Act_on: provide,1,Target-to-Tactic
cc,Do: provide,1,Target-to-Tactic
god,Is: relationship,1,Target-to-Tactic
god,Is: fan,1,Target-to-Tactic
pharisee,Do: trust,1,Target-to-Tactic
pharisee,Do: love,1,Target-to-Tactic
god,Act_on: fear,1,Target-to-Tactic
Jesus,Do: ordain,1,Target-to-Tactic
Church (General),Do: keep,1,Target-to-Tactic
christians,Do: immigrate,1,Target-to-Tactic
women,Do: avail,1,Target-to-Tactic
catholics,Do: end,1,Target-to-Tactic
Church (General),Act_on: attend,1,Target-to-Tactic
catholics,Do: attend,1,Target-to-Tactic
Priests/Clergy,Do: cringe,1,Target-to-Tactic
catholics,Do: let,1,Target-to-Tactic
catholics,Is: life,1,Target-to-Tactic
catholics,Do: pass,1,Target-to-Tactic
Church (General),Is: happy,1,Target-to-Tactic
women,Act_on: say,1,Target-to-Tactic
women,Do: occupy,1,Target-to-Tactic
catholics,Do: ’m,1,Target-to-Tactic
catholics,Do: ignore,1,Target-to-Tactic
Jesus,Act_on: rid,1,Target-to-Tactic
bishops,Do: accuse,1,Target-to-Tactic
bishops,Do: limit,1,Target-to-Tactic
god,Do: join,1,Target-to-Tactic
god,Is: source,1,Target-to-Tactic
catholics,Do: await,1,Target-to-Tactic
catholics,Do: contaminate,1,Target-to-Tactic
catholics,Do: happen,1,Target-to-Tactic
catholic universities,Act_on: pass,1,Target-to-Tactic
christians,Is: serious,1,Target-to-Tactic
catholics,Is: older,1,Target-to-Tactic
catholics,Is: shocked,1,Target-to-Tactic
bishops,Do: list,1,Target-to-Tactic
cc,Is: infected,1,Target-to-Tactic
cc,Act_on: discredit,1,Target-to-Tactic
catholics,Do: swear,1,Target-to-Tactic
Priests/Clergy,Act_on: free,1,Target-to-Tactic
Priests/Clergy,Do: hole,1,Target-to-Tactic
bishops,Do: tempt,1,Target-to-Tactic
gay people,Do: know,1,Target-to-Tactic
trump,Act_on: see,1,Target-to-Tactic
catholics,Act_on: call,1,Target-to-Tactic
catholics,Do: call,1,Target-to-Tactic
catholics,Act_on: condescend,1,Target-to-Tactic
Priests/Clergy,Is: administrator,1,Target-to-Tactic
women,Do: do,1,Target-to-Tactic
trump,Is: extension,1,Target-to-Tactic
trump,Do: find,1,Target-to-Tactic
trump,Do: follow,1,Target-to-Tactic
Jesus,Do: get,1,Target-to-Tactic
wright,Act_on: have,1,Target-to-Tactic
wright,Do: think,1,Target-to-Tactic
wright,Do: refer,1,Target-to-Tactic
bishops,Do: quote,1,Target-to-Tactic
bishops,Do: notice,1,Target-to-Tactic
Pope,Do: do,1,Target-to-Tactic
catholics,Do: bid,1,Target-to-Tactic
people,Act_on: force,1,Target-to-Tactic
man,Do: desire,1,Target-to-Tactic
catholics,Is: bitter,1,Target-to-Tactic
Jesus,Act_on: kill,1,Target-to-Tactic
Jesus,Do: speak,1,Target-to-Tactic
catholics,Is: republican,1,Target-to-Tactic
catholics,Do: notice,1,Target-to-Tactic
Priests/Clergy,Do: exploit,1,Target-to-Tactic
christians,Do: stand,1,Target-to-Tactic
catholics,Do: abide,1,Target-to-Tactic
women,Do: gain,1,Target-to-Tactic
christians,Do: fear,1,Target-to-Tactic
christian,Act_on: reject,1,Target-to-Tactic
catholics,Act_on: describe,1,Target-to-Tactic
catholics,Is: tire,1,Target-to-Tactic
catholics,Do: assume,1,Target-to-Tactic
catholics,Act_on: insult,1,Target-to-Tactic
white american male,Do: fit,1,Target-to-Tactic
white american male,Is: clear,1,Target-to-Tactic
christians,Act_on: target,1,Target-to-Tactic
catholics,Do: confuse,1,Target-to-Tactic
catholics,Is: hostile,1,Target-to-Tactic
bishops,Act_on: castigate,1,Target-to-Tactic
bishops,Act_on: soak,1,Target-to-Tactic
Christianity,Do: believe,1,Target-to-Tactic
trump,Act_on: throw,1,Target-to-Tactic
trump,Do: insult,1,Target-to-Tactic
Church (General),Act_on: support,1,Target-to-Tactic
Priests/Clergy,Do: support,1,Target-to-Tactic
christians,Do: understand,1,Target-to-Tactic
man,Do: travel,1,Target-to-Tactic
christians,Do: condemn,1,Target-to-Tactic
white american male,Is: unfortunate,1,Target-to-Tactic
bishops,Do: wait,1,Target-to-Tactic
msw,Is: correct,1,Target-to-Tactic
catholics,Do: shake,1,Target-to-Tactic
catholics,Do: invite,1,Target-to-Tactic
woman,Do: die,1,Target-to-Tactic
woman,Do: suffer,1,Target-to-Tactic
Priests/Clergy,Do: reject,1,Target-to-Tactic
trump,Do: have,1,Target-to-Tactic
Jesus,Do: warn,1,Target-to-Tactic
women,Act_on: come,1,Target-to-Tactic
Priests/Clergy,Is: anglicans,1,Target-to-Tactic
women,Do: handle,1,Target-to-Tactic
women,Do: become,1,Target-to-Tactic
Priests/Clergy,Act_on: consider,1,Target-to-Tactic
christians,Do: agree,1,Target-to-Tactic
bishops,Is: wrong,1,Target-to-Tactic
Jesus,Do: believe,1,Target-to-Tactic
christians,Do: subscribe,1,Target-to-Tactic
bishops,Do: try,1,Target-to-Tactic
Jesus,Act_on: define,1,Target-to-Tactic
Priests/Clergy,Do: make,1,Target-to-Tactic
Priests/Clergy,Do: listen,1,Target-to-Tactic
Priests/Clergy,Do: state,1,Target-to-Tactic
Jesus,Is: willing,1,Target-to-Tactic
god,Do: expect,1,Target-to-Tactic
women,Do: see,1,Target-to-Tactic
Church (General),Do: end,1,Target-to-Tactic
bishops,Do: click,1,Target-to-Tactic
Church (General),Is: false,1,Target-to-Tactic
trump,Do: invent,1,Target-to-Tactic
Christianity,Act_on: blab,1,Target-to-Tactic
Priests/Clergy,Do: recite,1,Target-to-Tactic
women,Do: begin,1,Target-to-Tactic
Jesus,Is: human----not,1,Target-to-Tactic
bishops,Do: discover,1,Target-to-Tactic
bishops,Do: reach,1,Target-to-Tactic
bishops,Do: listen,1,Target-to-Tactic
trump,Do: read,1,Target-to-Tactic
trump,Do: give,1,Target-to-Tactic
christians,Do: consider,1,Target-to-Tactic
christians,Do: visit,1,Target-to-Tactic
catholics,Act_on: kick,1,Target-to-Tactic
Christianity,Is: 2019,1,Target-to-Tactic
people,Do: treat,1,Target-to-Tactic
christians,Do: know,1,Target-to-Tactic
Church (General),Do: commit,1,Target-to-Tactic
孔庆东,Act_on: 传回,1,Target-to-Tactic
homer,Act_on: spare,1,Target-to-Tactic
christians,Do: put,1,Target-to-Tactic
christians,Do: call,1,Target-to-Tactic
Church (General),Do: dig,1,Target-to-Tactic
white american male,Act_on: burn,1,Target-to-Tactic
孔庆东,Do: 回复,1,Target-to-Tactic
women,Do: conform,1,Target-to-Tactic
妇人,Do: 知道,1,Target-to-Tactic
catholics,Do: vow,1,Target-to-Tactic
bishops,Do: make,1,Target-to-Tactic
Church (General),Act_on: forgive,1,Target-to-Tactic
christians,Do: mean,1,Target-to-Tactic
christians,Do: stab,1,Target-to-Tactic
Church (General),Do: celebrate,1,Target-to-Tactic
Church (General),Do: shoot,1,Target-to-Tactic
trump,Do: precede,1,Target-to-Tactic
妇人,Act_on: 造出,1,Target-to-Tactic
安倍は統一教会とズブズブ,Act_on: ナメる,1,Target-to-Tactic
Church (General),Act_on: burn,1,Target-to-Tactic
gay people,Do: deserve,1,Target-to-Tactic
gay people,Do: listen,1,Target-to-Tactic
zsvw0cavalyy,Act_on: 返信,1,Target-to-Tactic
bishops,Do: despair,1,Target-to-Tactic
bishops,Do: shock,1,Target-to-Tactic
bishops,Is: sure,1,Target-to-Tactic
people,Do: believe,1,Target-to-Tactic
fundamentalist christian,Do: do,1,Target-to-Tactic
that person,Do: drop,1,Target-to-Tactic
安倍は統一教会とズブズブ,Do: 売る,1,Target-to-Tactic
catholics,Is: person,1,Target-to-Tactic
catholics,Is: willing,1,Target-to-Tactic
trump,Act_on: hate,1,Target-to-Tactic
Church (General),Do: protect,1,Target-to-Tactic
Church (General),Do: lay,1,Target-to-Tactic
women,Do: listen,1,Target-to-Tactic
trump,Is: man,1,Target-to-Tactic
ncr,Do: prefer,1,Target-to-Tactic
ncr,Do: tell,1,Target-to-Tactic
Church (General),Do: preserve,1,Target-to-Tactic
Church (General),Act_on: recognize,1,Target-to-Tactic
Church (General),Do: recognize,1,Target-to-Tactic
christians,Do: come,1,Target-to-Tactic
women,Act_on: give,1,Target-to-Tactic
women,Act_on: get,1,Target-to-Tactic
Priests/Clergy,Do: ask,1,Target-to-Tactic
自民党,Do: 崇める,1,Target-to-Tactic
tax collector,Do: ask,1,Target-to-Tactic
Church (General),Act_on: 发,1,Target-to-Tactic
pharisee,Do: explain,1,Target-to-Tactic
pharisee,Is: happy,1,Target-to-Tactic
法官,Do: 问,1,Target-to-Tactic
women,Do: hold,1,Target-to-Tactic
妇人,Do: 回答,1,Target-to-Tactic
women,Do: feel,1,Target-to-Tactic
women,Do: know,1,Target-to-Tactic
Church (General),Is: fair,1,Target-to-Tactic
Topic 9,封建迷信,1,Topic-to-Target
god,Is: male,1,Target-to-Tactic
women,Act_on: ban,1,Target-to-Tactic
Priests/Clergy,Do: fear,1,Target-to-Tactic
catholics,Do: answer,1,Target-to-Tactic
trump,Is: antichrist,1,Target-to-Tactic
bishops,Do: dance,1,Target-to-Tactic
自民党,Do: なる,1,Target-to-Tactic
Jesus,Act_on: reference,1,Target-to-Tactic
christians,Do: appreciate,1,Target-to-Tactic
god,Act_on: worship,1,Target-to-Tactic
trump,Is: horrible,1,Target-to-Tactic
catholics,Is: round,1,Target-to-Tactic
Church (General),Do: learn,1,Target-to-Tactic
catholics,Do: come,1,Target-to-Tactic
catholics,Do: disagree,1,Target-to-Tactic
日本会議,Act_on: ひく,1,Target-to-Tactic
catholics,Do: raise,1,Target-to-Tactic
christians,Do: guarantee,1,Target-to-Tactic
安倍は統一教会とズブズブ,Do: つるむ,1,Target-to-Tactic
christians,Is: white,1,Target-to-Tactic
christians,Do: see,1,Target-to-Tactic
安倍は統一教会とズブズブ,Act_on: 囲む,1,Target-to-Tactic
trudeau,Is: feminist,1,Target-to-Tactic
trudeau,Is: -,1,Target-to-Tactic
trudeau,Is: post,1,Target-to-Tactic
woman,Do: want,1,Target-to-Tactic
woman,Act_on: know,1,Target-to-Tactic
woman,Do: do,1,Target-to-Tactic
catholics,Is: disgusted,1,Target-to-Tactic
Church (General),Do: seem,1,Target-to-Tactic
pharisee,Do: see,1,Target-to-Tactic
Jesus,Do: set,1,Target-to-Tactic
Church (General),Do: face,1,Target-to-Tactic
bishops,Do: add,1,Target-to-Tactic
catholics,Is: nastier,1,Target-to-Tactic
trump,Is: child,1,Target-to-Tactic
trudeau,Act_on: thank,1,Target-to-Tactic
harper,Act_on: support,1,Target-to-Tactic
Topic 16,harper,1,Topic-to-Target
Christianity,Do: participate,1,Target-to-Tactic
people,Do: stand,1,Target-to-Tactic
Christianity,Is: time,1,Target-to-Tactic
日本会議,Do: 洗脳,1,Target-to-Tactic
god,Do: view,1,Target-to-Tactic
catholics,Is: apologist,1,Target-to-Tactic
Jesus,Do: crucify,1,Target-to-Tactic
安倍は統一教会とズブズブ,Do: 決定,1,Target-to-Tactic
christians,Do: suspect,1,Target-to-Tactic
bishops,Do: pray,1,Target-to-Tactic
catholics,Do: march,1,Target-to-Tactic
Church (General),Do: hold,1,Target-to-Tactic
Church (General),Act_on: vilify,1,Target-to-Tactic
catholic schools,Do: see,1,Target-to-Tactic
religion,Act_on: keep,1,Target-to-Tactic
religion,Act_on: get,1,Target-to-Tactic
trump,Is: bigot,1,Target-to-Tactic
trump,Act_on: endorse,1,Target-to-Tactic
安倍は統一教会とズブズブ,Do: 寄せる,1,Target-to-Tactic
catholics,Do: start,1,Target-to-Tactic
catholics,Do: quit,1,Target-to-Tactic
cc,Act_on: sidestep,1,Target-to-Tactic
Church (General),Do: fight,1,Target-to-Tactic
Priests/Clergy,Act_on: forgive,1,Target-to-Tactic
安倍は統一教会とズブズブ,Do: 指定,1,Target-to-Tactic
安倍は統一教会とズブズブ,Act_on: する,1,Target-to-Tactic
catholics,Do: practice,1,Target-to-Tactic
日本会議,Do: 言う,1,Target-to-Tactic
homer,Act_on: force,1,Target-to-Tactic
homer,Do: appeal,1,Target-to-Tactic
Church (General),Do: help,1,Target-to-Tactic
catholics,Do: enjoy,1,Target-to-Tactic
christians,Do: tell,1,Target-to-Tactic
christians,Do: get,1,Target-to-Tactic
ncr,Do: use,1,Target-to-Tactic
Priests/Clergy,Act_on: put,1,Target-to-Tactic
pharisee,Is: sure,1,Target-to-Tactic
catholic schools,Is: height,1,Target-to-Tactic
catholic schools,Do: run,1,Target-to-Tactic
catholic universities,Do: design,1,Target-to-Tactic
bishops,Do: die,1,Target-to-Tactic
christians,Do: refer,1,Target-to-Tactic
安倍は統一教会とズブズブ,Do: 加担,1,Target-to-Tactic
Christianity,Is: anonymous,1,Target-to-Tactic
gay people,Is: interested,1,Target-to-Tactic
安倍は統一教会とズブズブ,Do: 送る,1,Target-to-Tactic
gay people,Do: say,1,Target-to-Tactic
安倍は統一教会とズブズブ,Do: 捨てる,1,Target-to-Tactic
catholic schools,Act_on: shut,1,Target-to-Tactic
Church (General),Act_on: hate,1,Target-to-Tactic
trump,Do: do,1,Target-to-Tactic
Priests/Clergy,Do: provide,1,Target-to-Tactic
catholics,Do: disobey,1,Target-to-Tactic
authentic catholics,Do: demand,1,Target-to-Tactic
catholics,Do: deny,1,Target-to-Tactic
Church (General),Is: sorry,1,Target-to-Tactic
trudeau,Act_on: critisize,1,Target-to-Tactic
catholic schools,Do: doubt,1,Target-to-Tactic
catholic schools,Do: suspect,1,Target-to-Tactic
people,Act_on: have,1,Target-to-Tactic
gay people,Act_on: regard,1,Target-to-Tactic
bishops,Do: understand,1,Target-to-Tactic
catholics,Do: imagine,1,Target-to-Tactic
catholics,Is: furious,1,Target-to-Tactic
catholics,Is: scared,1,Target-to-Tactic
trump,Act_on: normalize,1,Target-to-Tactic
Topic 4,法官,1,Topic-to-Target
Priests/Clergy,Do: guide,1,Target-to-Tactic
Jesus,Act_on: bring,1,Target-to-Tactic
Priests/Clergy,Is: men,1,Target-to-Tactic
women,Act_on: allow,1,Target-to-Tactic
pharisee,Do: say,1,Target-to-Tactic
catholics,Is: tired,1,Target-to-Tactic
Jesus,Do: fix,1,Target-to-Tactic
Church (General),Act_on: skew,1,Target-to-Tactic
white american male,Is: guy,1,Target-to-Tactic
catholic universities,Is: responsibility,1,Target-to-Tactic
bishops,Do: fault,1,Target-to-Tactic
Church (General),Do: find,1,Target-to-Tactic
Jesus,Is: speaker,1,Target-to-Tactic
Church (General),Do: adapt,1,Target-to-Tactic
white american male,Is: interesting,1,Target-to-Tactic
christians,Do: shoot,1,Target-to-Tactic
Jesus,Do: incarnate,1,Target-to-Tactic
god,Act_on: define,1,Target-to-Tactic
women,Act_on: support,1,Target-to-Tactic
women,Is: missionaries,1,Target-to-Tactic
Jesus,Act_on: abandon,1,Target-to-Tactic
Church (General),Do: solve,1,Target-to-Tactic
people,Act_on: prevent,1,Target-to-Tactic
Church (General),Do: stand,1,Target-to-Tactic
Church (General),Is: patriarchal,1,Target-to-Tactic
women,Do: come,1,Target-to-Tactic
god,Act_on: believe,1,Target-to-Tactic
man,Act_on: read,1,Target-to-Tactic
pharisee,Do: answer,1,Target-to-Tactic
Priests/Clergy,Is: willing,1,Target-to-Tactic
Church (General),Act_on: carry,1,Target-to-Tactic
women,Do: carry,1,Target-to-Tactic
women,Do: leave,1,Target-to-Tactic
women,Act_on: shut,1,Target-to-Tactic
Church (General),Do: wait,1,Target-to-Tactic
god,Act_on: bend,1,Target-to-Tactic
Church (General),Do: dictate,1,Target-to-Tactic
women,Is: different,1,Target-to-Tactic
catholic,Act_on: view,1,Target-to-Tactic
Topic 15,catholic,1,Topic-to-Target
catholics,Do: remain,1,Target-to-Tactic
christians,Is: shameful,1,Target-to-Tactic
Priests/Clergy,Do: act,1,Target-to-Tactic
god,Is: constant,1,Target-to-Tactic
Priests/Clergy,Act_on: pay,1,Target-to-Tactic
Priests/Clergy,Act_on: interview,1,Target-to-Tactic
gay people,Is: gay,1,Target-to-Tactic
tax collector,Do: put,1,Target-to-Tactic
Priests/Clergy,Is: grounded,1,Target-to-Tactic
bishops,Do: argue,1,Target-to-Tactic
trump,Act_on: support,1,Target-to-Tactic
Priests/Clergy,Do: advocate,1,Target-to-Tactic
trump,Act_on: give,1,Target-to-Tactic
trump,Is: jesus,1,Target-to-Tactic
fundamentalist christian,Do: post,1,Target-to-Tactic
that person,Is: choice,1,Target-to-Tactic
fundamentalist christian,Do: claim,1,Target-to-Tactic
fundamentalist christian,Do: disagree,1,Target-to-Tactic
Christianity,Act_on: point,1,Target-to-Tactic
fundamentalist christian,Is: sorry,1,Target-to-Tactic
that person,Do: offend,1,Target-to-Tactic
fundamentalist christian,Act_on: hurt,1,Target-to-Tactic
Church (General),Do: begin,1,Target-to-Tactic
that person,Act_on: get,1,Target-to-Tactic
fundamentalist christian,Is: two,1,Target-to-Tactic
fundamentalist christian,Act_on: call,1,Target-to-Tactic
fundamentalist christian,Do: state,1,Target-to-Tactic
women,Act_on: shoot,1,Target-to-Tactic
women,Is: subject,1,Target-to-Tactic
man,Is: subject,1,Target-to-Tactic
catholics,Do: receive,1,Target-to-Tactic
Priests/Clergy,Is: clueless,1,Target-to-Tactic
catholic universities,Is: all,1,Target-to-Tactic
people,Do: want,1,Target-to-Tactic
catholic schools,Act_on: attend,1,Target-to-Tactic
catholics,Do: refer,1,Target-to-Tactic
trump,Do: humiliate,1,Target-to-Tactic
bishops,Is: clueless,1,Target-to-Tactic
bishops,Act_on: use,1,Target-to-Tactic
bishops,Do: continue,1,Target-to-Tactic
Priests/Clergy,Is: homilists,1,Target-to-Tactic
Church (General),Is: agency,1,Target-to-Tactic
catholics,Do: forget,1,Target-to-Tactic
catholics,Do: exercise,1,Target-to-Tactic
Priests/Clergy,Do: accept,1,Target-to-Tactic
Priests/Clergy,Act_on: harm,1,Target-to-Tactic
Topic 18,Priests/Clergy,1,Topic-to-Target
catholics,Do: worry,1,Target-to-Tactic
catholics,Is: protestants,1,Target-to-Tactic
catholics,Is: what,1,Target-to-Tactic
white american male,Is: reply,1,Target-to-Tactic
bishops,Do: preach,1,Target-to-Tactic
bishops,Do: presume,1,Target-to-Tactic
white american male,Is: war,1,Target-to-Tactic
Church (General),Do: allow,1,Target-to-Tactic
christians,Do: go,1,Target-to-Tactic
white american male,Act_on: describe,1,Target-to-Tactic
christians,Do: guess,1,Target-to-Tactic
evangelicals,Act_on: reveal,1,Target-to-Tactic
man,Is: greater,1,Target-to-Tactic
women,Do: beat,1,Target-to-Tactic
Church (General),Act_on: intend,1,Target-to-Tactic
Jesus,Do: intend,1,Target-to-Tactic
christians,Do: express,1,Target-to-Tactic
christians,Is: veteran,1,Target-to-Tactic
christians,Is: conservative,1,Target-to-Tactic
tax collector,Do: go,1,Target-to-Tactic
Jesus,Is: liar,1,Target-to-Tactic
pharisee,Do: thank,1,Target-to-Tactic
tax collector,Is: humble,1,Target-to-Tactic
pharisee,Act_on: rebuke,1,Target-to-Tactic
Jesus,Do: rebuke,1,Target-to-Tactic
catholic schools,Do: want,1,Target-to-Tactic
Priests/Clergy,Do: talk,1,Target-to-Tactic
Priests/Clergy,Is: god,1,Target-to-Tactic
catholics,Do: figure,1,Target-to-Tactic
Priests/Clergy,Is: consumer,1,Target-to-Tactic
women,Act_on: point,1,Target-to-Tactic
Priests/Clergy,Is: unaware,1,Target-to-Tactic
Church (General),Do: show,1,Target-to-Tactic
women,Do: need,1,Target-to-Tactic
catholics,Do: dare,1,Target-to-Tactic
Jesus,Act_on: crucify,1,Target-to-Tactic
catholics,Do: challenge,1,Target-to-Tactic
Church (General),Do: ammnede,1,Target-to-Tactic
Church (General),Do: declare,1,Target-to-Tactic
catholic universities,Is: whatever,1,Target-to-Tactic
Christianity,Do: address,1,Target-to-Tactic
Church (General),Do: get,1,Target-to-Tactic
Christianity,Do: say,1,Target-to-Tactic
christians,Do: forget,1,Target-to-Tactic
christians,Is: sorry,1,Target-to-Tactic
Christianity,Is: absurd,1,Target-to-Tactic
Jesus,Do: rise,1,Target-to-Tactic
Unification Church,Do: have,1,Target-to-Tactic
Priests/Clergy,Do: boyz,1,Target-to-Tactic
god,Do: judge,1,Target-to-Tactic
god,Do: hat,1,Target-to-Tactic
Jesus,Is: savior,1,Target-to-Tactic
Church (General),Is: strapped,1,Target-to-Tactic
Jesus,Act_on: get,1,Target-to-Tactic
Church (General),Do: choke,1,Target-to-Tactic
women,Do: create,1,Target-to-Tactic
women,Act_on: seduce,1,Target-to-Tactic
women,Do: seduce,1,Target-to-Tactic
women,Is: inferior,1,Target-to-Tactic
women,Do: shackle,1,Target-to-Tactic
catholics,Do: learn,1,Target-to-Tactic
catholics,Do: post,1,Target-to-Tactic
trump,Act_on: back,1,Target-to-Tactic
Church (General),Do: discriminate,1,Target-to-Tactic
white american male,Do: take,1,Target-to-Tactic
Jesus,Do: command,1,Target-to-Tactic
white american male,Do: make,1,Target-to-Tactic
catholics,Do: check,1,Target-to-Tactic
Jesus,Do: shun,1,Target-to-Tactic
Jesus,Do: break,1,Target-to-Tactic
bishops,Do: endorse,1,Target-to-Tactic
bishops,Do: call,1,Target-to-Tactic
bishops,Do: visit,1,Target-to-Tactic
trudeau,Do: set,1,Target-to-Tactic
bishops,Do: blame,1,Target-to-Tactic
Priests/Clergy,Act_on: elevate,1,Target-to-Tactic
christians,Do: feel,1,Target-to-Tactic
white american male,Is: correct,1,Target-to-Tactic
catholics,Do: appear,1,Target-to-Tactic
Jesus,Do: use,1,Target-to-Tactic
Christianity,Is: lutheran,1,Target-to-Tactic
christians,Do: miss,1,Target-to-Tactic
Topic 14,christians,1,Topic-to-Target
Christianity,Do: hear,1,Target-to-Tactic
Christianity,Is: better,1,Target-to-Tactic
catholics,Act_on: accompany,1,Target-to-Tactic
catholics,Is: impressed,1,Target-to-Tactic
women,Do: grant,1,Target-to-Tactic
women,Act_on: lead,1,Target-to-Tactic
catholics,Do: state,1,Target-to-Tactic
catholics,Is: devoted,1,Target-to-Tactic
catholics,Do: object,1,Target-to-Tactic
Jesus,Do: watch,1,Target-to-Tactic
Jesus,Act_on: exploit,1,Target-to-Tactic
Jesus,Do: steer,1,Target-to-Tactic
god,Do: allow,1,Target-to-Tactic
Jesus,Do: deal,1,Target-to-Tactic
Priests/Clergy,Is: example,1,Target-to-Tactic
Jesus,Do: touch,1,Target-to-Tactic
catholics,Do: address,1,Target-to-Tactic
bishops,Do: stand,1,Target-to-Tactic
bishops,Do: admire,1,Target-to-Tactic
bishops,Do: teach,1,Target-to-Tactic
catholics,Do: gag,1,Target-to-Tactic
catholic universities,Act_on: try,1,Target-to-Tactic
catholic universities,Do: follow,1,Target-to-Tactic
white american male,Act_on: block,1,Target-to-Tactic
white american male,Act_on: believe,1,Target-to-Tactic
Priests/Clergy,Do: care,1,Target-to-Tactic
ncr,Do: know,1,Target-to-Tactic
Christianity,Do: come,1,Target-to-Tactic
god,Act_on: deny,1,Target-to-Tactic
trump,Act_on: bless,1,Target-to-Tactic
catholics,Is: convinced,1,Target-to-Tactic
fundamentalist christian,Do: hope,1,Target-to-Tactic
fundamentalist christian,Do: continue,1,Target-to-Tactic
that person,Do: consider,1,Target-to-Tactic
fundamentalist christian,Do: make,1,Target-to-Tactic
Christianity,Is: best,1,Target-to-Tactic
god,Is: father,1,Target-to-Tactic
Priests/Clergy,Do: abandon,1,Target-to-Tactic
catholics,Is: american,1,Target-to-Tactic
Jesus,Do: attack,1,Target-to-Tactic
Priests/Clergy,Act_on: need,1,Target-to-Tactic
Priests/Clergy,Do: trust,1,Target-to-Tactic
catholics,Do: prelate,1,Target-to-Tactic
trump,Do: strangle,1,Target-to-Tactic
people,Do: give,1,Target-to-Tactic
fundamentalist christian,Do: take,1,Target-to-Tactic
catholics,Is: angry,1,Target-to-Tactic
catholics,Do: plant,1,Target-to-Tactic
catholics,Is: unitarian,1,Target-to-Tactic
catholics,Do: leave,1,Target-to-Tactic
trump,Do: represent,1,Target-to-Tactic
trump,Is: abomination,1,Target-to-Tactic
Christianity,Is: therapy,1,Target-to-Tactic
Church (General),Do: deny,1,Target-to-Tactic
bishops,Is: priest,1,Target-to-Tactic
Priests/Clergy,Do: promise,1,Target-to-Tactic
catholic schools,Is: sure,1,Target-to-Tactic
women,Is: valuable,1,Target-to-Tactic
catholic universities,Is: university,1,Target-to-Tactic
Jesus,Act_on: divide,1,Target-to-Tactic
catholics,Do: forbid,1,Target-to-Tactic
Church (General),Do: sag,1,Target-to-Tactic
Jesus,Do: come,1,Target-to-Tactic
women,Act_on: make,1,Target-to-Tactic
Jesus,Do: select,1,Target-to-Tactic
catholic schools,Is: school,1,Target-to-Tactic
catholic schools,Act_on: have,1,Target-to-Tactic
catholic schools,Is: christian,1,Target-to-Tactic
catholic universities,Act_on: do,1,Target-to-Tactic
Christianity,Is: catholic,1,Target-to-Tactic
god,Do: do,1,Target-to-Tactic
Jesus,Do: think,1,Target-to-Tactic
trump,Do: show,1,Target-to-Tactic
trump,Is: antithesis,1,Target-to-Tactic
catholic universities,Is: complimentary,1,Target-to-Tactic
catholic universities,Is: good,1,Target-to-Tactic
god,Do: keep,1,Target-to-Tactic
trump,Do: bow,1,Target-to-Tactic
catholics,Do: expect,1,Target-to-Tactic
Jesus,Do: blast,1,Target-to-Tactic
Jesus,Act_on: threaten,1,Target-to-Tactic
自民党,Act_on: 思う,1,Target-to-Tactic
Christianity,Act_on: foist,1,Target-to-Tactic
安倍は統一教会とズブズブ,Do: 借りる,1,Target-to-Tactic
ncr,Do: lead,1,Target-to-Tactic
日本会議,Do: 後援,1,Target-to-Tactic
ncr,Is: publication,1,Target-to-Tactic
安倍は統一教会とズブズブ,Do: 拉致,1,Target-to-Tactic
日本会議,Do: 壊す,1,Target-to-Tactic
Church (General),Act_on: have,1,Target-to-Tactic
catholics,Do: respect,1,Target-to-Tactic
christians,Act_on: wield,1,Target-to-Tactic
christians,Do: live,1,Target-to-Tactic
Jesus,Act_on: love,1,Target-to-Tactic
Church (General),Do: follow,1,Target-to-Tactic
Jesus,Is: skeptical,1,Target-to-Tactic
catholic schools,Act_on: clean,1,Target-to-Tactic
evangelicals,Act_on: have,1,Target-to-Tactic
安倍は統一教会とズブズブ,Act_on: 絶賛,1,Target-to-Tactic
Church (General),Do: join,1,Target-to-Tactic
Pope,Act_on: have,1,Target-to-Tactic
evangelicals,Do: show,1,Target-to-Tactic
安倍は統一教会とズブズブ,Act_on: 載せる,1,Target-to-Tactic
安倍は統一教会とズブズブ,Do: 認める,1,Target-to-Tactic
ncr,Do: 下ろす,1,Target-to-Tactic
安倍は統一教会とズブズブ,Act_on: 捕まえる,1,Target-to-Tactic
安倍は統一教会とズブズブ,Do: 活動,1,Target-to-Tactic
安倍は統一教会とズブズブ,Do: 解散,1,Target-to-Tactic
自民党,Act_on: 入れる,1,Target-to-Tactic
安倍は統一教会とズブズブ,Do: 報道,1,Target-to-Tactic
安倍は統一教会とズブズブ,Do: 糾弾,1,Target-to-Tactic
安倍は統一教会とズブズブ,Do: 見る,1,Target-to-Tactic
安倍は統一教会とズブズブ,Act_on: 暗殺,1,Target-to-Tactic
安倍は統一教会とズブズブ,Do: 担う,1,Target-to-Tactic
日本会議,Do: 切る,1,Target-to-Tactic
自民党,Do: つながる,1,Target-to-Tactic
women,Do: demand,1,Target-to-Tactic
women,Act_on: lie,1,Target-to-Tactic
安倍は統一教会とズブズブ,Act_on: 銃殺,1,Target-to-Tactic
安倍は統一教会とズブズブ,Do: 載る,1,Target-to-Tactic
安倍は統一教会とズブズブ,Do: 拒否,1,Target-to-Tactic
自民党,Act_on: 作る,1,Target-to-Tactic
自民党,Do: ある,1,Target-to-Tactic
women,Do: accord,1,Target-to-Tactic
women,Do: receive,1,Target-to-Tactic
日本会議,Act_on: 取る,1,Target-to-Tactic
日本会議,Do: 騙す,1,Target-to-Tactic
安倍は統一教会とズブズブ,Do: 通報,1,Target-to-Tactic
安倍は統一教会とズブズブ,Do: 過ぎる,1,Target-to-Tactic
安倍は統一教会とズブズブ,Act_on: 肯定,1,Target-to-Tactic
自民党,Do: 劣化,1,Target-to-Tactic
妇人,Act_on: 变成,1,Target-to-Tactic
孔庆东,Act_on: 开,1,Target-to-Tactic
gay people,Do: 维持,1,Target-to-Tactic
妇人,Do: 露,1,Target-to-Tactic
women,Do: choose,1,Target-to-Tactic
Priests/Clergy,Do: accuse,1,Target-to-Tactic
women,Is: products,1,Target-to-Tactic
bishops,Do: defend,1,Target-to-Tactic
catholic universities,Do: work,1,Target-to-Tactic
catholic schools,Is: old,1,Target-to-Tactic
catholic schools,Do: argue,1,Target-to-Tactic
Church (General),Act_on: understand,1,Target-to-Tactic
安倍は統一教会とズブズブ,Act_on: 利用,1,Target-to-Tactic
日本会議,Act_on: 支配,1,Target-to-Tactic
自民党,Act_on: 引く,1,Target-to-Tactic
妇人,Act_on: 見る,1,Target-to-Tactic
安倍は統一教会とズブズブ,Do: 展開,1,Target-to-Tactic
安倍は統一教会とズブズブ,Do: 逮捕,1,Target-to-Tactic
自民党,Do: 武装,1,Target-to-Tactic
安倍は統一教会とズブズブ,Do: 流す,1,Target-to-Tactic
日本会議,Do: 気取り,1,Target-to-Tactic
安倍は統一教会とズブズブ,Act_on: 壊滅,1,Target-to-Tactic
Jesus,Act_on: show,1,Target-to-Tactic
自民党,Do: 潰れる,1,Target-to-Tactic
trump,Do: come,1,Target-to-Tactic
自民党,Act_on: はじめ,1,Target-to-Tactic
homer,Act_on: astound,1,Target-to-Tactic
women,Act_on: 言う,1,Target-to-Tactic
people,Do: deal,1,Target-to-Tactic
Christianity,Do: know,1,Target-to-Tactic
日本会議,Do: ある,1,Target-to-Tactic
trump,Do: express,1,Target-to-Tactic
安倍は統一教会とズブズブ,Act_on: 狙う,1,Target-to-Tactic
安倍は統一教会とズブズブ,Do: 投票,1,Target-to-Tactic
安倍は統一教会とズブズブ,Do: 受ける,1,Target-to-Tactic
安倍は統一教会とズブズブ,Do: 支払う,1,Target-to-Tactic
日本会議,Do: 急増,1,Target-to-Tactic
日本会議,Do: 結婚,1,Target-to-Tactic
catholics,Is: who,1,Target-to-Tactic
安倍は統一教会とズブズブ,Act_on: 作る,1,Target-to-Tactic
catholics,Is: abortion,1,Target-to-Tactic
pharisee,Is: christian,1,Target-to-Tactic
自民党,Act_on: 利用,1,Target-to-Tactic
安倍は統一教会とズブズブ,Do: 組む,1,Target-to-Tactic
安倍は統一教会とズブズブ,Do: 教える,1,Target-to-Tactic
日本会議,Do: 出る,1,Target-to-Tactic
安倍は統一教会とズブズブ,Do: 疑う,1,Target-to-Tactic
安倍は統一教会とズブズブ,Do: 獲得,1,Target-to-Tactic
安倍は統一教会とズブズブ,Do: コピペ,1,Target-to-Tactic
Jesus,Do: hang,1,Target-to-Tactic
自民党,Act_on: 騙す,1,Target-to-Tactic
安倍は統一教会とズブズブ,Do: 推す,1,Target-to-Tactic
安倍は統一教会とズブズブ,Act_on: 敵視,1,Target-to-Tactic
安倍は統一教会とズブズブ,Act_on: 追う,1,Target-to-Tactic
安倍は統一教会とズブズブ,Do: 来る,1,Target-to-Tactic
Jesus,Do: 取る,1,Target-to-Tactic
安倍は統一教会とズブズブ,Do: ボロ負け,1,Target-to-Tactic
trump,Is: like,1,Target-to-Tactic
people,Do: rebel,1,Target-to-Tactic
日本会議,Act_on: 腐る,1,Target-to-Tactic
安倍は統一教会とズブズブ,Do: 潰れる,1,Target-to-Tactic
自民党,Do: 弾圧,1,Target-to-Tactic
catholic schools,Do: destroy,1,Target-to-Tactic
安倍は統一教会とズブズブ,Act_on: 殺害,1,Target-to-Tactic
安倍は統一教会とズブズブ,Act_on: 語る,1,Target-to-Tactic
安倍は統一教会とズブズブ,Do: 認定,1,Target-to-Tactic
日本会議,Do: 作る,1,Target-to-Tactic
catholic universities,Is: mosque,1,Target-to-Tactic
ncr,Act_on: read,1,Target-to-Tactic
trump,Do: look,1,Target-to-Tactic
安倍は統一教会とズブズブ,Act_on: 規制,1,Target-to-Tactic
自民党,Do: 騙す,1,Target-to-Tactic
安倍は統一教会とズブズブ,Do: つける,1,Target-to-Tactic
自民党,Do: 協力,1,Target-to-Tactic
安倍は統一教会とズブズブ,Act_on: シャベチュ,1,Target-to-Tactic
日本会議,Do: なる,1,Target-to-Tactic
安倍は統一教会とズブズブ,Act_on: 調べる,1,Target-to-Tactic
安倍は統一教会とズブズブ,Do: 撃つ,1,Target-to-Tactic
trump,Act_on: influence,1,Target-to-Tactic
安倍は統一教会とズブズブ,Do: 検証,1,Target-to-Tactic
イエス,Do: 実在,1,Target-to-Tactic
日本会議,Do: 破壊,1,Target-to-Tactic
日本会議,Act_on: 差別,1,Target-to-Tactic
安倍は統一教会とズブズブ,Do: 存続,1,Target-to-Tactic
妇人,Act_on: 带,1,Target-to-Tactic
孔庆东,Do: 架钉,1,Target-to-Tactic
安倍は統一教会とズブズブ,Act_on: 保護,1,Target-to-Tactic
god,Act_on: call,1,Target-to-Tactic
Priests/Clergy,Do: object,1,Target-to-Tactic
Church (General),Do: 多,1,Target-to-Tactic
安倍は統一教会とズブズブ,Do: 結託,1,Target-to-Tactic
catholics,Do: comment,1,Target-to-Tactic
安倍は統一教会とズブズブ,Do: さらう,1,Target-to-Tactic
安倍は統一教会とズブズブ,Do: 存在,1,Target-to-Tactic
安倍は統一教会とズブズブ,Do: 行う,1,Target-to-Tactic
安倍は統一教会とズブズブ,Do: 支援,1,Target-to-Tactic
安倍は統一教会とズブズブ,Act_on: 攻撃,1,Target-to-Tactic
安倍は統一教会とズブズブ,Act_on: 使う,1,Target-to-Tactic
自民党,Do: 使う,1,Target-to-Tactic
安倍は統一教会とズブズブ,Act_on: 信ずる,1,Target-to-Tactic
安倍は統一教会とズブズブ,Do: 連呼,1,Target-to-Tactic
catholics,Act_on: make,1,Target-to-Tactic
自民党,Do: 吸う,1,Target-to-Tactic
イエス,Do: つるむ,1,Target-to-Tactic
イエス,Do: 存在,1,Target-to-Tactic
安倍は統一教会とズブズブ,Do: 呼ぶ,1,Target-to-Tactic
安倍は統一教会とズブズブ,Do: 恐れる,1,Target-to-Tactic
日本会議,Do: 気づく,1,Target-to-Tactic
日本会議,Do: 脅かす,1,Target-to-Tactic
安倍は統一教会とズブズブ,Do: いる,1,Target-to-Tactic
自民党,Act_on: 自称,1,Target-to-Tactic
安倍は統一教会とズブズブ,Do: 辞任,1,Target-to-Tactic
安倍は統一教会とズブズブ,Do: つく,1,Target-to-Tactic
日本会議,Act_on: 侵略,1,Target-to-Tactic
安倍は統一教会とズブズブ,Act_on: 崇拝,1,Target-to-Tactic
安倍は統一教会とズブズブ,Do: かかわる,1,Target-to-Tactic
イエス,Do: 生まれる,1,Target-to-Tactic
安倍は統一教会とズブズブ,Do: 苦しめる,1,Target-to-Tactic
Church (General),Do: ?,1,Target-to-Tactic
自民党,Do: 癒着,1,Target-to-Tactic
安倍は統一教会とズブズブ,Act_on: 退治,1,Target-to-Tactic
安倍は統一教会とズブズブ,Do: 分かる,1,Target-to-Tactic
安倍は統一教会とズブズブ,Act_on: 生む,1,Target-to-Tactic
安倍は統一教会とズブズブ,Do: 見え隠れ,1,Target-to-Tactic
authentic catholics,Do: leave,1,Target-to-Tactic
安倍は統一教会とズブズブ,Act_on: 考える,1,Target-to-Tactic
trump,Do: 斥,1,Target-to-Tactic
日本会議,Do: 働く,1,Target-to-Tactic
安倍は統一教会とズブズブ,Act_on: 叩く,1,Target-to-Tactic
安倍は統一教会とズブズブ,Do: 庇護,1,Target-to-Tactic
安倍は統一教会とズブズブ,Act_on: ぶつ,1,Target-to-Tactic
安倍は統一教会とズブズブ,Do: 破滅,1,Target-to-Tactic
日本会議,Do: 協力,1,Target-to-Tactic
日本会議,Act_on: 象徴,1,Target-to-Tactic
日本会議,Act_on: 売る,1,Target-to-Tactic
自民党,Do: 組む,1,Target-to-Tactic
自民党,Do: 望む,1,Target-to-Tactic
安倍は統一教会とズブズブ,Act_on: 引く,1,Target-to-Tactic
安倍は統一教会とズブズブ,Do: 銃撃,1,Target-to-Tactic
安倍は統一教会とズブズブ,Do: 癒着,1,Target-to-Tactic
自民党,Act_on: 操る,1,Target-to-Tactic
zsvw0cavalyy,Do: ow,1,Target-to-Tactic
妇人,Do: 嫁,1,Target-to-Tactic
日本会議,Do: 衰亡,1,Target-to-Tactic
安倍は統一教会とズブズブ,Do: 対立,1,Target-to-Tactic
安倍は統一教会とズブズブ,Act_on: なめる,1,Target-to-Tactic
安倍は統一教会とズブズブ,Act_on: 根絶,1,Target-to-Tactic
自民党,Do: 関係,1,Target-to-Tactic
封建迷信,Act_on: 封建,1,Target-to-Tactic
Jesus,Do: commission,1,Target-to-Tactic
自民党,Do: 考える,1,Target-to-Tactic
日本会議,Act_on: 言う,1,Target-to-Tactic
pharisee,Do: spit,1,Target-to-Tactic
安倍は統一教会とズブズブ,Do: 解体,1,Target-to-Tactic
msw,Act_on: 作る,1,Target-to-Tactic
安倍は統一教会とズブズブ,Do: みる,1,Target-to-Tactic
安倍は統一教会とズブズブ,Do: 匹,1,Target-to-Tactic
妇人,Do: 做,1,Target-to-Tactic
