title,floor,author,time,main_content,lzl_replies,link
俄罗斯在乌克兰的表现这位仁兄说得很有道理,1,俄军火锅底料,未知,"大国神权时代在非总体战时代已经落幕了
点击展开，查看完整图片

点击展开，查看完整图片

点击展开，查看完整图片

点击展开，查看完整图片

点击展开，查看完整图片

点击展开，查看完整图片

点击展开，查看完整图片

点击展开，查看完整图片",,https://tieba.baidu.com/p/9600236360?pid=151872849269&cid=0#151872849269
俄罗斯在乌克兰的表现这位仁兄说得很有道理,2,回火的木棍514,未知,又在扯些有的没的，二毛子还不总体，人力死的死逃的逃打空一半了，大毛还在部分动员，人根本不需要总体战就压着二毛打了还大国神权时代结束了？大毛打得这么菜，不需要总体动员都把二毛子磨死了，现在二毛没死纯就是背后有欧洲输血，换皮兵尸体运了一波又一波出来还搁这儿装看不见呢。,,https://tieba.baidu.com/p/9600236360?pid=151872849269&cid=0#151872849269
俄罗斯在乌克兰的表现这位仁兄说得很有道理,3,6585580fgh,未知,不就是“国家级”内卷么，你确实可以说在蘑菇面前，总体战没卵用，你敢放弃动员能力吗？你放弃对面里面过来搞地缘摩擦，然后你就崩了，要么两个巨头互相拿上了膛的枪等着那一声想起，要么握手言和转身把身后的狗腿子宰了吃狗肉,,https://tieba.baidu.com/p/9600236360?pid=151872849269&cid=0#151872849269
俄罗斯在乌克兰的表现这位仁兄说得很有道理,4,椰果奶茶abc,未知,有没有可能，是二毛总体战，大毛是不出全力？当年布尔战争不就是这样，有什么大惊小怪的。,,https://tieba.baidu.com/p/9600236360?pid=151872849269&cid=0#151872849269
俄罗斯在乌克兰的表现这位仁兄说得很有道理,5,贴吧用户_GC6CKaK,未知,我觉得俄军打得还行，莫要信几个键盘侠乎咧咧。你到乌东及库尔斯克去走走就知道了，那不是山区，但可比湘西，可比十万大山的广西，加上乌克兰有近三十年的地下工程，又十年的法西斯备战，战争之难可想而知。等俄军跨过大河，乌军也只有逃得份了,,https://tieba.baidu.com/p/9600236360?pid=151872849269&cid=0#151872849269
俄罗斯在乌克兰的表现这位仁兄说得很有道理,6,使徒新生归来,未知,哪怎么评价朝鲜、越战后的阿妹?,,https://tieba.baidu.com/p/9600236360?pid=151872849269&cid=0#151872849269
俄罗斯在乌克兰的表现这位仁兄说得很有道理,7,Dave0807,未知,把自己都绕晕了，司机看了都得吐上三两血…～,,https://tieba.baidu.com/p/9600236360?pid=151872849269&cid=0#151872849269
俄罗斯在乌克兰的表现这位仁兄说得很有道理,8,FF团最高祭司,未知,"写这个东西的人，军事思维基本还停留在二十年前。
他没有看到今天无人机，高精度远火，导弹上的巨大进步，以及现代城市巷战的难度，这就好比拿破仑时代的军事家，碰上了一战的堑壕，铁丝网和重机枪，你用老思路硬冲真的会死很惨。。。
就像坦克和闪电战摧毁了一战堑壕一样，未来如果想对付上述武器，也必须有新一代武器发明去克制这些。",,https://tieba.baidu.com/p/9600236360?pid=151872849269&cid=0#151872849269
俄罗斯在乌克兰的表现这位仁兄说得很有道理,9,理中客乐子人1,未知,其实就是装备没有迭代，地球上的国家装备没有出现代差。所以谁进攻都难。,,https://tieba.baidu.com/p/9600236360?pid=151872849269&cid=0#151872849269
俄罗斯在乌克兰的表现这位仁兄说得很有道理,10,理中客乐子人1,未知,泽圣有一句话说的对，乌在为欧洲抵挡菜鹅。,,https://tieba.baidu.com/p/9600236360?pid=151872849269&cid=0#151872849269
俄罗斯在乌克兰的表现这位仁兄说得很有道理,11,按时490,未知,"我总结两个点，一，原本就不是俄乌，而是北约和俄，乌只是提供了阿凡达一样的人形而已。所以不存在俄没打败乌的情况。
二，俄不想和北约彻底翻脸，因为彻底翻脸动和没有赢家，所以双方都只是在缓步提升战争层次，搞笑的是乌军，作为阿凡达被消耗殆尽。",,https://tieba.baidu.com/p/9600236360?pid=151872849269&cid=0#151872849269
俄罗斯在乌克兰的表现这位仁兄说得很有道理,12,editdosawp,未知,没毛病，以后就是中美两个超级大国竞争的局面了，俄法英等传统大国对于小国的影响力肯定是要降低的，如果打代理人战争，传统大国'占优但很难一波结束了,,https://tieba.baidu.com/p/9600236360?pid=151872849269&cid=0#151872849269
俄罗斯在乌克兰的表现这位仁兄说得很有道理,13,贴吧用户_0bRDD7X,未知,有多大的体量并不意味着就能进行多大的动员，因为要下多大的决心就要为整体乃至个体去争取多大的利益，像鬼子要三光nazi要去犹那样，普大帝保得住人籍吗？,,https://tieba.baidu.com/p/9600236360?pid=151872849269&cid=0#151872849269
俄罗斯在乌克兰的表现这位仁兄说得很有道理,14,半天起不到名字,未知,有没有可能乌克兰是在地球也排在前列的强国，在加上北约在后面输血，不算核武，陆军已经是世界上能排前几的了,,https://tieba.baidu.com/p/9600236360?pid=151872849269&cid=0#151872849269
乌贼的四大有趣假设，不服来辩,1,按时490,未知,"我发现这帮蛙思路太逗了，他们先给自己一个心里暗示，大陆不会打，然后围绕这个不会打，做出来一系列能劝服自己的假设，哪怕这些假设都很滑稽。
第一大假设，他们假设大陆和俄是一个战斗力。哪怕现在军事科技已经有了明显的代差，他们比你都更清楚这种代差，但他们就得骗自己战斗力一样。
第二大假设，简直逆天的假设，他们竟然假设自己和有欧美支援的乌是一个战斗力。我了个亲天，二毛子的彪悍丝毫不下于大毛，二战能拿着铁锨拍德国人的，而且欧美给的武器虽然不是最先进的，但绝对不差，草莓兵敢这么自比，当年反抗鬼子的原住民，可不是现在的草莓兵。
第三大假设，他们竟然以为俄没有占据乌全境，所以说大陆无法打下湾湾，实际上俄现在大概打下来11万平方公里，不大，也就是3个湾湾那么大。按照俄的低效攻击，1个月不用就打完。
第四大假设，他们竟然假设大陆因为经济发展就不敢去发动战争，什么经济损失大，一个国家的核心利益你用钱去衡量？？这是什么逻辑？还有这么自我安慰的？？如果伤害经济利益就可以不打仗，全世界9成的战斗都打不起来，这点基本常识都不懂？？美对古巴、越南动手是为了经济利益么？打个越战把美赔的裤衩子都没了。",,https://tieba.baidu.com/p/9597894465?pid=151862440973&cid=0#151862440973
乌贼的四大有趣假设，不服来辩,2,填空选择,未知,如果要实战，建议第一场实战就拿绿蛙开刀,,https://tieba.baidu.com/p/9597894465?pid=151862440973&cid=0#151862440973
乌贼的四大有趣假设，不服来辩,3,oldzhu,未知,是啊！都是湾湾的蛙蛙还在为乌克兰悲鸣！,,https://tieba.baidu.com/p/9597894465?pid=151862440973&cid=0#151862440973
乌贼的四大有趣假设，不服来辩,4,心灵D我的,未知,能和平解决就和平解决，打仗只是最后手段，看了俄乌冲突死亡的士兵，战争太残酷了,,https://tieba.baidu.com/p/9597894465?pid=151862440973&cid=0#151862440973
乌贼的四大有趣假设，不服来辩,5,,未知,最最关键的是他们觉得北约能像支援乌克兰一样支援他们，三等人还想着跟乌克兰一样，甚至他们都不考虑孤岛封锁有多简单,,https://tieba.baidu.com/p/9597894465?pid=151862440973&cid=0#151862440973
乌贼的四大有趣假设，不服来辩,6,milkguy,未知,虽然文章说乌贼，但是总感觉这就是绿蛙蛙蛙们就是这种典型的自欺欺人的心理,,https://tieba.baidu.com/p/9597894465?pid=151862440973&cid=0#151862440973
乌贼的四大有趣假设，不服来辩,7,维新祥二世,未知,有一说一，我赞同第四个假设,,https://tieba.baidu.com/p/9597894465?pid=151862440973&cid=0#151862440973
乌贼的四大有趣假设，不服来辩,8,tsyfate,未知,你如果想嘲讽它们就把他改成它，效果会好的多,,https://tieba.baidu.com/p/9597894465?pid=151862440973&cid=0#151862440973
乌贼的四大有趣假设，不服来辩,9,快手陈,未知,欧美每年支援乌克兰的军事物资都比俄罗斯的军费还多了，更不说还有很多民用项目的援助，光靠乌克兰还打不成现在这样。虽然乌克兰也不行，但那是看和谁比，弯弯不配和乌克兰比。,,https://tieba.baidu.com/p/9597894465?pid=151862440973&cid=0#151862440973
乌贼的四大有趣假设，不服来辩,10,燕南酒徒,未知,还有一点最逗，很多湾湾以为给他们美爹交保护费了，打起来老美会上岛构筑防御工事。殊不知如果美军上岛，那炸湾湾最狠的一定是美军。尤其一些大企业，我们会想完整保留，老美可绝对不想让我们得手。一旦守不住，必然先炸了再跑。,,https://tieba.baidu.com/p/9597894465?pid=151862440973&cid=0#151862440973
乌贼的四大有趣假设，不服来辩,11,大警维加,未知,感觉制作的很符合草莓的特性,,https://tieba.baidu.com/p/9597894465?pid=151862440973&cid=0#151862440973
只有用了才知道烂,1,nkvd_1939,未知,"笑点解析：学新闻学学的，不敢提到毛子认为这车的战斗效能不如btr，因为大毒蛇太烂了，评价为不如2a72，不过对装甲和人机功效毛子还是很赞同，bmp人机功效实在不行。
点击展开，查看完整图片",,https://tieba.baidu.com/p/9265664280?pid=151218287569&cid=0#151218287569
只有用了才知道烂,2,卡拉什尼科夫,未知,经典人机工效：指内部装潢宽敞明亮,,https://tieba.baidu.com/p/9265664280?pid=151218287569&cid=0#151218287569
只有用了才知道烂,3,赫伯特·冯·卡拉扬,未知,给bmp加多几个握把就有人机了,,https://tieba.baidu.com/p/9265664280?pid=151218287569&cid=0#151218287569
只有用了才知道烂,4,,未知,人机功效，代价是现在一辆车装不下一个班，一个排得四辆车装三个班，RTO，FO和MEDIC还没位置,,https://tieba.baidu.com/p/9265664280?pid=151218287569&cid=0#151218287569
只有用了才知道烂,5,zfmznf,未知,拉人这块确实比bmp3那种抽象设计强的多,,https://tieba.baidu.com/p/9265664280?pid=151218287569&cid=0#151218287569
只有用了才知道烂,6,7-ty,未知,苏俄步战哪个乘员舱…纯纯压缩毛巾,,https://tieba.baidu.com/p/9265664280?pid=151218287569&cid=0#151218287569
只有用了才知道烂,7,猎人114号,未知,这人隔三差五想办法发帖舔布雷德利也不知道是为了什么,,https://tieba.baidu.com/p/9265664280?pid=151218287569&cid=0#151218287569
只有用了才知道烂,8,pl5e2,未知,点击展开，查看完整图片,,https://tieba.baidu.com/p/9265664280?pid=151218287569&cid=0#151218287569
只有用了才知道烂,9,是反重力,未知,也不知道它们断章取义是为了啥，自欺欺人有意思吗？,,https://tieba.baidu.com/p/9265664280?pid=151218287569&cid=0#151218287569
只有用了才知道烂,10,夜将至q,未知,其实不用打码大家都能猜出是谁发了,,https://tieba.baidu.com/p/9265664280?pid=151218287569&cid=0#151218287569
只有用了才知道烂,11,魂魄325,未知,bmp1/2比不过还差不多。bmp3成员舒适度可要比布莱德利好，同等重量下防护也是bmp3好，拉的人还多,,https://tieba.baidu.com/p/9265664280?pid=151218287569&cid=0#151218287569
只有用了才知道烂,12,维内托,未知,隔一段时间就会有吹布雷德利的，不知道图啥,,https://tieba.baidu.com/p/9265664280?pid=151218287569&cid=0#151218287569
只有用了才知道烂,13,杰克里德,未知,这么好用不见美军接着用呢,,https://tieba.baidu.com/p/9265664280?pid=151218287569&cid=0#151218287569
只有用了才知道烂,14,amano_hina,未知,士兵喜欢坐着舒服点很正常，毕竟被击穿之后就没有机会重新发表意见了,,https://tieba.baidu.com/p/9265664280?pid=151218287569&cid=0#151218287569
只有用了才知道烂,15,M4A3E8NICE,未知,来了来了，火力输出布雷德利当然不如BMP3的那套100+30，我也一直在夸这点哦，我喷的是BMP3糟糕车内布局以及阴间下上车方式，还有配不齐的套甲导致装甲不足的情况。我军的04A结合优秀武器配置，车内布局好空间大那才是真好的,,https://tieba.baidu.com/p/9265664280?pid=151218287569&cid=0#151218287569
只有用了才知道烂,16,%@²,未知,如果说成员舒适程度的话，就连越战的M113A1都不见得比现役的BMP3要差，问题是打仗如果要成员舒适度干嘛不给轿车套炮塔,,https://tieba.baidu.com/p/9265664280?pid=151218287569&cid=0#151218287569
只有用了才知道烂,17,Beluga,未知,3,,https://tieba.baidu.com/p/9265664280?pid=151218287569&cid=0#151218287569
只有用了才知道烂,18,Monday,未知,m113也宽敞舒适，你看有人对他提意见吗,,https://tieba.baidu.com/p/9265664280?pid=151218287569&cid=0#151218287569
只有用了才知道烂,19,打听也不回,未知,当毛子批评爆2空间小.jpg,,https://tieba.baidu.com/p/9265664280?pid=151218287569&cid=0#151218287569
只有用了才知道烂,20,kqken,未知,"车内空间对人机功效一回事，实际意义更大的是对步兵班组火力能力的提升
现在乘bmp乃至btr突击的俄军突击队，携带的最重型武器也就pkm+RPG，反坦克小组只能专门找车拉，而鳖的04，05车内空间可是看齐北约的，一车步兵班不仅人均带不占编桶子还能带.50+大管子pf89
美军步兵班理论能带更多玩意，但是真的治安战打傻了，把质量全加到gun上了，最重的支援武器也就古斯塔夫+338通机，M2机枪打死不轻量化，榴弹发射器毒刺小队打死不下放，直瞄火炮打死不给步兵，真的就是everyone is rifleman",,https://tieba.baidu.com/p/9265664280?pid=151218287569&cid=0#151218287569
只有用了才知道烂,21,弱智爱破防,未知,布莱德利，用过的人都说屎这坨大粪真的绝了,,https://tieba.baidu.com/p/9265664280?pid=151218287569&cid=0#151218287569
只有用了才知道烂,22,维多利亚·富兰克林,未知,在你游布雷德利确实是答辩，没有步兵可以运，25mm大毒蛇纯纯是乐呵乐呵的机炮，导弹发射架被强制伸缩，不然能一直开机也并非那么不堪，可以提升用的附加改件也没有,,https://tieba.baidu.com/p/9265664280?pid=151218287569&cid=0#151218287569
只有用了才知道烂,23,芬妮皮卡丘,未知,这难绷的脸色真是夸赞吗？,,https://tieba.baidu.com/p/9265664280?pid=151218287569&cid=0#151218287569
只有用了才知道烂,24,空调不制冷,未知,大车坐着是舒服，但战场上我肯定更像让自己乘坐的车有更多掩体可以用。,,https://tieba.baidu.com/p/9265664280?pid=151218287569&cid=0#151218287569
只有用了才知道烂,25,小狼五号,未知,"毛子觉得人机功效好是因为毛子机械化步兵是2+6，后边乘员舱就五个人，包括二毛子也是，2+7，后边乘员舱就六个人，那肯定是布莱德利这个比较高的比BMP3舒服。
但是布莱德利搁美军手里的时候后边乘员舱可是要塞九个人的，平均空间可比BMP3小多了。
讲道理最舒服的还得是04和04A，PLA也是2+7，班长兼任车长，然后这俩车又高又大，平均空间大得很，还能坐直了往后一靠，曾经有幸体验过，如果不是那个座有点硬，而且中间要放武器不能随便伸腿，感觉乘坐体验比公交车老弱病残座都要好。",,https://tieba.baidu.com/p/9265664280?pid=151218287569&cid=0#151218287569
只有用了才知道烂,26,KCNA北半岛通讯,未知,,,https://tieba.baidu.com/p/9265664280?pid=151218287569&cid=0#151218287569
发帖记录我在疯狂邻居的童年回忆,1,米其林五星级大厨,未知,本人是2毛子 一开始是从qq空间开始玩的 当时随机给的名字叫二毛子鑫,,https://tieba.baidu.com/p/9176802769?pid=150940043529&cid=0#150940043529
发帖记录我在疯狂邻居的童年回忆,2,米其林五星级大厨,未知,想到什么就写点什么吧 毕竟已经过去十年了,,https://tieba.baidu.com/p/9176802769?pid=150940043529&cid=0#150940043529
发帖记录我在疯狂邻居的童年回忆,3,米其林五星级大厨,未知,一开始在qq空间玩的时候 啥也不明白 不知道怎么提升战力 天天上线的乐趣就在于包装礼品盒在墓地骗刚入游的萌新拿包装成黄钻 其实里面是劣质打火机,,https://tieba.baidu.com/p/9176802769?pid=150940043529&cid=0#150940043529
发帖记录我在疯狂邻居的童年回忆,4,米其林五星级大厨,未知,还有就是砸挂机的人的车 干报废了还能得到一些零件 可以升级,,https://tieba.baidu.com/p/9176802769?pid=150940043529&cid=0#150940043529
发帖记录我在疯狂邻居的童年回忆,5,米其林五星级大厨,未知,在qq空间遇到了一个大哥带着我玩 他叫刚少 也是我记忆里第一位跟我一起玩的大哥 后来qq空间不知道怎么 应该是停服了 刚哥跟我说 别在qq玩了 去官网吧 那里人多 这里要凉了 我也就稀里糊涂的去管网玩了 后来在官网继续跟刚哥玩 我在官网叫2毛子,,https://tieba.baidu.com/p/9176802769?pid=150940043529&cid=0#150940043529
发帖记录我在疯狂邻居的童年回忆,6,米其林五星级大厨,未知,后来让我印象比较深刻的是 因为当时战斗力太低 还不会提升战力 傻乎乎的以为只要等级足够高就可以提升战力 当时冰箱大叔在我面前就像一座无法逾越的大山我也不知道点亮图鉴升级图腾什么的 就傻乎乎的给武器升级 上等级,,https://tieba.baidu.com/p/9176802769?pid=150940043529&cid=0#150940043529
发帖记录我在疯狂邻居的童年回忆,7,米其林五星级大厨,未知,后来天有不测风云 当时我遇到了一个叫什么新的人 我忘记了 当时他答应帮我练号刷级 我就把账号密码给他了 就这样我的第一个号就被毁了 包里的东西全被转走了 武器套装也全被分解了 后来我再开新号去找他已经找不到了 当时我崩溃了很久,,https://tieba.baidu.com/p/9176802769?pid=150940043529&cid=0#150940043529
发帖记录我在疯狂邻居的童年回忆,8,米其林五星级大厨,未知,"再后来我又养了新号 这回我就会玩了 大概花了一年多的时间重新练号练了回去 比之前的号战力更高了
还记得当时有什么活动都会掐点参加 每天晚上的大富翁 还有中午的钓鱼比赛之类的 有一点体力就全都刷材料升战力了",,https://tieba.baidu.com/p/9176802769?pid=150940043529&cid=0#150940043529
发帖记录我在疯狂邻居的童年回忆,9,米其林五星级大厨,未知,后来我知道了怎么开图鉴升战力 也知道怎么在交易场里面赚钻石换图鉴 当时一有大富翁我都会参加 到重点的夺宝钻头可以挖到好东西 当时印象最深的就是我在钻头里挖出来了怕骑直升机 这是我第一次挖出来这么好的载具 当时激动了好久,,https://tieba.baidu.com/p/9176802769?pid=150940043529&cid=0#150940043529
发帖记录我在疯狂邻居的童年回忆,10,米其林五星级大厨,未知,后来会玩了 就去挑战战力馆 冲排名 当时排名第一的是帅哥哥 印象里他很高冷 基本见不到他 还记得有一次他来我的院子里看了一眼 什么话都没说 我还以为遇到大佬了给我激动坏了,,https://tieba.baidu.com/p/9176802769?pid=150940043529&cid=0#150940043529
发帖记录我在疯狂邻居的童年回忆,11,米其林五星级大厨,未知,在这里主要提一个人吧 我遇到的人很多 跟我一起玩的朋友 刚哥 但是印象最深的就是一个叫一只雪的姐姐 当时我还是小p孩 她已经工作了 我忘记了我们是怎么认识的了 应该是一开始我给她惹生气了 在我院子挖了一堆法老出来 后来我去跟她道歉 我俩唠的很好 后来她来我的院子里种了好多神秘蛋 我还细心照顾来着 我也去她家种了好多的装扮跟植物什么的,,https://tieba.baidu.com/p/9176802769?pid=150940043529&cid=0#150940043529
发帖记录我在疯狂邻居的童年回忆,12,米其林五星级大厨,未知,我们聊天了解到 她当时是宠物医生 上班的时候没事就玩疯狂邻居 我当时还骗她说我也有一只小狗 得病了要她帮我看看 后来我们因为误会 她再也没原谅我 但是也没有彻底把我删除,,https://tieba.baidu.com/p/9176802769?pid=150940043529&cid=0#150940043529
发帖记录我在疯狂邻居的童年回忆,13,米其林五星级大厨,未知,具体误会是什么呢 当时我在她家种了很多蛋和植物 当时因为我怕有人来偷我的菜什么的（真佩服当时自己的脑回路）于是我就在我的植物旁边种了好几个陷阱 后来雪姐踩到了我放的陷阱 觉得我死性不改 还在整蛊她 于是把我种的东西全铲了 对我发起了世界悬赏 尽管我一再道歉可是雪姐真的生气了 发私信也没有回我 专门来我家留言板上悬赏我 在院子里挖了好多的法老 弄了好多的臭鸡蛋,,https://tieba.baidu.com/p/9176802769?pid=150940043529&cid=0#150940043529
发帖记录我在疯狂邻居的童年回忆,14,米其林五星级大厨,未知,现在想起来 都怪我当时不懂事让雪姐生气了 不知道现在她过的好不好 我多想让她知道当时只是一个误会 可惜现在再也没法解释了,,https://tieba.baidu.com/p/9176802769?pid=150940043529&cid=0#150940043529
发帖记录我在疯狂邻居的童年回忆,15,米其林五星级大厨,未知,后来我又遇到了许多有意思的人 吵吵小杰跟他的对象 当时我就认识吵吵小杰 我俩当时关系还正经不错呢 他拿我当小弟 但是也为后来的大乌龙事件埋下了伏笔,,https://tieba.baidu.com/p/9176802769?pid=150940043529&cid=0#150940043529
发帖记录我在疯狂邻居的童年回忆,16,米其林五星级大厨,未知,具体是什么事件呢 当时我有一个小号叫闹闹小杰 小杰哥也知道 但是当时他对象不知道 他对象把我当成了小杰哥的小号了 给我发私信说了一些很那个的话 当时给我干的脸通红 小杰哥当时下线了也不知道这回事 我也没有说出我的真实身份怕她知道了害羞 于是我就将计就计跟她一直唠了一个多小时,,https://tieba.baidu.com/p/9176802769?pid=150940043529&cid=0#150940043529
发帖记录我在疯狂邻居的童年回忆,17,米其林五星级大厨,未知,后来半夜11点多我实在是绷不住了 因为当时还是小孩呢还不懂这些 所以我就在世界公屏上求助这种情况该怎么办 后来有个大哥回复我说她俩这一对都不是什么好鸟 让我离远点 这件事也就没有后续了 现在想想当时真的挺有意思的,,https://tieba.baidu.com/p/9176802769?pid=150940043529&cid=0#150940043529
发帖记录我在疯狂邻居的童年回忆,18,米其林五星级大厨,未知,就先说到这 楼主我先酝酿酝酿 等看的人多一些再讲讲我被盗号之后的复仇之路,,https://tieba.baidu.com/p/9176802769?pid=150940043529&cid=0#150940043529
发帖记录我在疯狂邻居的童年回忆,19,米其林五星级大厨,未知,邓紫棋当时还玩来着呢哈哈哈哈哈,,https://tieba.baidu.com/p/9176802769?pid=150940043529&cid=0#150940043529
发帖记录我在疯狂邻居的童年回忆,20,要吃香香饭,未知,这个吧居然还有人捏?,,https://tieba.baidu.com/p/9176802769?pid=150940043529&cid=0#150940043529
发帖记录我在疯狂邻居的童年回忆,21,米其林五星级大厨,未知,OK 接着更,,https://tieba.baidu.com/p/9176802769?pid=150940043529&cid=0#150940043529
发帖记录我在疯狂邻居的童年回忆,22,米其林五星级大厨,未知,经历了一系列的事情之后 楼主就想复仇 所以天天拼命的玩 拉战力 我记得最后的时候我应该是60多级 也没到70级大关 战斗力也仅仅是中等偏上的战力,,https://tieba.baidu.com/p/9176802769?pid=150940043529&cid=0#150940043529
发帖记录我在疯狂邻居的童年回忆,23,米其林五星级大厨,未知,就在楼主天天等待的过程里 有一天晚上盗我号的什么新他就上线了 我记得当时他应该是退游了好久 刚一上线就闹的公屏沸沸扬扬的 很多人都找他 当时我看见他我心中的怒火便压抑不住了 直接在公屏上喊话让他马上gun过来 他一听这话先是一愣 便笑着说怎么我一上线这么多人找我呢,,https://tieba.baidu.com/p/9176802769?pid=150940043529&cid=0#150940043529
发帖记录我在疯狂邻居的童年回忆,24,米其林五星级大厨,未知,他来我家之后我立马就冲上去直接干他 无奈的是即使我苦练了这么久 我也依然不是他的对手 直接两三下就把我干成了白骨 随后他嘲讽我到哪里来的小虾米 在这丢人现眼 之后便在我家挖了好几个法老出来 还占领了我的图腾 甚至在我家里挂机睡觉 我拿他一点办法都没有,,https://tieba.baidu.com/p/9176802769?pid=150940043529&cid=0#150940043529
发帖记录我在疯狂邻居的童年回忆,25,米其林五星级大厨,未知,最后还是一个我不认识的陌生人帮我把法老清了 具体是为什么 是因为打死法老可以给一些稀有奖励 当时要是能打得过都巴不得打 就这样复仇计划最终以失败告终 这个什么新的这个人 我相信吧里还记得他的人肯定很多 据说很多人都认识他 当时就连我的大哥们也没参与我这件事,,https://tieba.baidu.com/p/9176802769?pid=150940043529&cid=0#150940043529
发帖记录我在疯狂邻居的童年回忆,26,米其林五星级大厨,未知,再后来 我应该是从雪姐那里学到了如何卡黑铁十字 在当时黑铁十字里面的菜什么的都没办法进去偷 但是后来我学会了这种方法就一整就上大佬家里去卡黑铁偷菜去 当然也是少不了一顿报复,,https://tieba.baidu.com/p/9176802769?pid=150940043529&cid=0#150940043529
发帖记录我在疯狂邻居的童年回忆,27,米其林五星级大厨,未知,所以我在线的时候家里一整就有怪物 疯狂值居高不下也是常态 还记得我进监狱里的最高纪录是10多个小时 当时没办法就在里面挂机 挖矿减刑.,,https://tieba.baidu.com/p/9176802769?pid=150940043529&cid=0#150940043529
发帖记录我在疯狂邻居的童年回忆,28,米其林五星级大厨,未知,当时还有一大堆的大哥 一整就来我家跟我说 毛子给我变一下 我也没办法拒绝 隔三差五就被大哥们变成破球 p孩之类的怪物,,https://tieba.baidu.com/p/9176802769?pid=150940043529&cid=0#150940043529
发帖记录我在疯狂邻居的童年回忆,29,米其林五星级大厨,未知,但是当时对我好的大哥也有很多 我记得不是刚哥就是后来认识的兵哥哥 对我都很好 有一次把我叫到家里 给了我好多的银锭 跟我说他现在强化材料都是金锭了 银锭没有用了 所以他就把所有的银锭都包给了我好像得有80多个 当时给我乐开花了,,https://tieba.baidu.com/p/9176802769?pid=150940043529&cid=0#150940043529
发帖记录我在疯狂邻居的童年回忆,30,世一妖姬,未知,怀念,,https://tieba.baidu.com/p/9176802769?pid=150940043529&cid=0#150940043529
突然发现，两个科迪莉亚居然不一样，这都要做手脚，太狗了吧？,1,仙寇布,未知,到底是3狗0搞的鬼还是二毛子？,,https://tieba.baidu.com/p/8990338923?pid=150162365554&cid=0#150162365554
突然发现，两个科迪莉亚居然不一样，这都要做手脚，太狗了吧？,2,仙寇布,未知,一个是55代币换的，一个是完成任务送的,,https://tieba.baidu.com/p/8990338923?pid=150162365554&cid=0#150162365554
突然发现，两个科迪莉亚居然不一样，这都要做手脚，太狗了吧？,3,🐔只因你太美,未知,哪个任务给没技能的？,,https://tieba.baidu.com/p/8990338923?pid=150162365554&cid=0#150162365554
突然发现，两个科迪莉亚居然不一样，这都要做手脚，太狗了吧？,4,仙寇布,未知,,,https://tieba.baidu.com/p/8990338923?pid=150162365554&cid=0#150162365554
突然发现，两个科迪莉亚居然不一样，这都要做手脚，太狗了吧？,5,CCCP卡图科夫,未知,三苟零：叫你们就想白嫖乘员打造克隆人军团？这就安排上李鬼,,https://tieba.baidu.com/p/8990338923?pid=150162365554&cid=0#150162365554
突然发现，两个科迪莉亚居然不一样，这都要做手脚，太狗了吧？,6,fanfan8212,未知,猫咪帅啊,,https://tieba.baidu.com/p/8990338923?pid=150162365554&cid=0#150162365554
突然发现，两个科迪莉亚居然不一样，这都要做手脚，太狗了吧？,7,haodongtou,未知,是技能不一样啊～我还以为长的不一样，我还跟那找不同呢，哈哈哈草,,https://tieba.baidu.com/p/8990338923?pid=150162365554&cid=0#150162365554
突然发现，两个科迪莉亚居然不一样，这都要做手脚，太狗了吧？,8,硬汉阿辉,未知,缺个技能问题不大，只要有零历练兄弟连就行,,https://tieba.baidu.com/p/8990338923?pid=150162365554&cid=0#150162365554
突然发现，两个科迪莉亚居然不一样，这都要做手脚，太狗了吧？,9,mszhf1,未知,有点狗，真不理解，何必呢，扣扣嗖嗖的，又不是多么有价值的东西,,https://tieba.baidu.com/p/8990338923?pid=150162365554&cid=0#150162365554
突然发现，两个科迪莉亚居然不一样，这都要做手脚，太狗了吧？,10,落花残阳映灵眸,未知,是零历练就成，不是都练了丹，吃点书吧。390就这样，抠抠搜搜，都是些云策划，和暗黑4前三赛季一个样,,https://tieba.baidu.com/p/8990338923?pid=150162365554&cid=0#150162365554
突然发现，两个科迪莉亚居然不一样，这都要做手脚，太狗了吧？,11,vz.55,未知,我都还在怀疑已经有了怎么领，你给我结果了,,https://tieba.baidu.com/p/8990338923?pid=150162365554&cid=0#150162365554
突然发现，两个科迪莉亚居然不一样，这都要做手脚，太狗了吧？,12,vz.55,未知,另外，这车长的语音是坦克世界里最舒服的，因为我听得懂，它说的中文。,,https://tieba.baidu.com/p/8990338923?pid=150162365554&cid=0#150162365554
突然发现，两个科迪莉亚居然不一样，这都要做手脚，太狗了吧？,13,ForeverOLDBOY,未知,看看这个是不是只能当车长，之前万圣节给的那是一套成员，能在车里各部位干活，说话都不一样的,,https://tieba.baidu.com/p/8990338923?pid=150162365554&cid=0#150162365554
突然发现，两个科迪莉亚居然不一样，这都要做手脚，太狗了吧？,14,贴吧用户_QPUPeee,未知,多一个技能没有本质区别，所以说红衣大主教都养一群什么垃圾,,https://tieba.baidu.com/p/8990338923?pid=150162365554&cid=0#150162365554
突然发现，两个科迪莉亚居然不一样，这都要做手脚，太狗了吧？,15,指尖上地闪耀,未知,你的炮手咧，被你吃了？,,https://tieba.baidu.com/p/8990338923?pid=150162365554&cid=0#150162365554
突然发现，两个科迪莉亚居然不一样，这都要做手脚，太狗了吧？,16,低调狐狸,未知,都零历练就可以 要什么自行车,,https://tieba.baidu.com/p/8990338923?pid=150162365554&cid=0#150162365554
突然发现，两个科迪莉亚居然不一样，这都要做手脚，太狗了吧？,17,思考的权利,未知,这个任务兑换奖励除了女成员还有什么，是一个2D皮肤吗？,,https://tieba.baidu.com/p/8990338923?pid=150162365554&cid=0#150162365554
突然发现，两个科迪莉亚居然不一样，这都要做手脚，太狗了吧？,18,仙寇布,未知,,,https://tieba.baidu.com/p/8990338923?pid=150162365554&cid=0#150162365554
突然发现，两个科迪莉亚居然不一样，这都要做手脚，太狗了吧？,19,最爱厌战,未知,锁车长么,,https://tieba.baidu.com/p/8990338923?pid=150162365554&cid=0#150162365554
突然发现，两个科迪莉亚居然不一样，这都要做手脚，太狗了吧？,20,吾之颜尔不即,未知,明明是送福利的好事，还要被骂 这策划是真的苟,,https://tieba.baidu.com/p/8990338923?pid=150162365554&cid=0#150162365554
突然发现，两个科迪莉亚居然不一样，这都要做手脚，太狗了吧？,21,泥头式,未知,0历练就行 现在不缺书,,https://tieba.baidu.com/p/8990338923?pid=150162365554&cid=0#150162365554
突然发现，两个科迪莉亚居然不一样，这都要做手脚，太狗了吧？,22,907A55,未知,那个猫咪怎么来的啊？我想搞个当车长,,https://tieba.baidu.com/p/8990338923?pid=150162365554&cid=0#150162365554
突然发现，两个科迪莉亚居然不一样，这都要做手脚，太狗了吧？,23,勤奋的E75,未知,请问一下有换西比尔的吗，这个科迪利亚颜值不太行啊,,https://tieba.baidu.com/p/8990338923?pid=150162365554&cid=0#150162365554
突然发现，两个科迪莉亚居然不一样，这都要做手脚，太狗了吧？,24,撸王撸破天,未知,为啥给两个车长，没有驾驶员，3个乘员两个重复的,,https://tieba.baidu.com/p/8990338923?pid=150162365554&cid=0#150162365554
突然发现，两个科迪莉亚居然不一样，这都要做手脚，太狗了吧？,25,frink007007,未知,零历练就不错了，这是WG给的，要是3🐶0怎么可能,,https://tieba.baidu.com/p/8990338923?pid=150162365554&cid=0#150162365554
突然发现，两个科迪莉亚居然不一样，这都要做手脚，太狗了吧？,26,真菲尼克斯,未知,不错了。。。外服4个男人。。。,,https://tieba.baidu.com/p/8990338923?pid=150162365554&cid=0#150162365554
突然发现，两个科迪莉亚居然不一样，这都要做手脚，太狗了吧？,27,丷大白丷,未知,这个扣b的技能有啥用,,https://tieba.baidu.com/p/8990338923?pid=150162365554&cid=0#150162365554
突然发现，两个科迪莉亚居然不一样，这都要做手脚，太狗了吧？,28,zh3l2y,未知,仓库买的那个没技能。我今天把那个红毛女巫买了，也是没技能的,,https://tieba.baidu.com/p/8990338923?pid=150162365554&cid=0#150162365554
突然发现，两个科迪莉亚居然不一样，这都要做手脚，太狗了吧？,29,贴吧用户_JSyUUZb,未知,买的？换的,,https://tieba.baidu.com/p/8990338923?pid=150162365554&cid=0#150162365554
对阿瓦迪夫卡撤退有两个疑问,1,贴吧用户_0t5PWPK,未知,"1，巴赫穆特时期北约的舆论战那么强，这次怎么没动静，我在茧房里没听到（那次在茧房里也能听到）。
2，不管1乌等于7-12-20等多少俄，为啥西帅不继续投入啊，投入一个天兵就代表死伤20个大毛子，直接在阿瓦埋葬大量的俄有生力量不好吗？此地大毛子大概有五万，只需要5000二毛子就能整个兑掉啊，有这好事为啥不继续（大毛子是铁了心的要打的，在这里能源源不断的兑子）",,https://tieba.baidu.com/p/8899794068?pid=149795764085&cid=0#149795764085
对阿瓦迪夫卡撤退有两个疑问,2,雪豹s,未知,补给都跟不上了 再打没意义了,,https://tieba.baidu.com/p/8899794068?pid=149795764085&cid=0#149795764085
对阿瓦迪夫卡撤退有两个疑问,3,余智能,未知,"1.没有要到美国援助
2.没有本国兵员补充
3.后勤被切断，补给跟不上",,https://tieba.baidu.com/p/8899794068?pid=149795764085&cid=0#149795764085
对阿瓦迪夫卡撤退有两个疑问,4,澳洲游戏狂,未知,自古鹅的优势就是（炮灰），这次还加了嗑药buff,,https://tieba.baidu.com/p/8899794068?pid=149795764085&cid=0#149795764085
对阿瓦迪夫卡撤退有两个疑问,5,诉白i,未知,1乌20俄，乌：我就是玩，就是不和你换，我数学不好,,https://tieba.baidu.com/p/8899794068?pid=149795764085&cid=0#149795764085
对阿瓦迪夫卡撤退有两个疑问,6,偏见之僧,未知,错误是2500乌,,https://tieba.baidu.com/p/8899794068?pid=149795764085&cid=0#149795764085
对阿瓦迪夫卡撤退有两个疑问,7,水煮西瓜,未知,俄的打法北约国家是无法想像的，巴赫穆特证实了俄军的战术有效，后面的结果在沙盘上可以推演。,,https://tieba.baidu.com/p/8899794068?pid=149795764085&cid=0#149795764085
对阿瓦迪夫卡撤退有两个疑问,8,按时490,未知,"首先，现在乌没钱了。
大规模支援已经停止了，现在只不过是部分国家给点武器。
而以前是怎么给？先把苏制的武器都给乌，然后各种豺狼虎豹坦克都上。
现在的状态是坦克用一辆少一辆了。根本打不起消耗战。
能生产坦克的俄，2辆换1辆他都要不起了，更别提本身就是大劣势，反向2换1了。",,https://tieba.baidu.com/p/8899794068?pid=149795764085&cid=0#149795764085
对阿瓦迪夫卡撤退有两个疑问,9,秋天的枫叶FC,未知,哈哈😊1比20可不是说乌军士兵1个打20个！靠的是乌军战术合理部署得当，大鹅没有制空权又不能压制乌重火力，损失惨重不难理解，1比20有点夸张了！这次迪夫卡速胜很明显是鹅军在战术上的一次胜利，乌败的比较难看西方媒体都不好意思吹了！,,https://tieba.baidu.com/p/8899794068?pid=149795764085&cid=0#149795764085
对阿瓦迪夫卡撤退有两个疑问,10,贴吧用户_J5QyVP4,未知,美国的贴吧经费不给了，一天发几百个帖子号不见了，现在还在坚持的才是真正的美国土狗。,,https://tieba.baidu.com/p/8899794068?pid=149795764085&cid=0#149795764085
对阿瓦迪夫卡撤退有两个疑问,11,黑山亚当,未知,西方人讲究契约精神，说好了1:20就是1:20，万一打成了1:21怎么办？所以就不打了🤣,,https://tieba.baidu.com/p/8899794068?pid=149795764085&cid=0#149795764085
对阿瓦迪夫卡撤退有两个疑问,12,xyzzcppp,未知,不忍杀伤，文明万岁,,https://tieba.baidu.com/p/8899794068?pid=149795764085&cid=0#149795764085
对阿瓦迪夫卡撤退有两个疑问,13,baby小一二,未知,脖子纽纽很多也很厉害的，,,https://tieba.baidu.com/p/8899794068?pid=149795764085&cid=0#149795764085
对阿瓦迪夫卡撤退有两个疑问,14,貓蜘蛛,未知,呜军以空间换时间，转至阿城外围对俄军层层压迫，终将俄军挤压进阿城，为呜军建立一条新的进攻型防线争取了时间，进攻型防线一但建立起来，全歼阿城方向的俄军以是板上钉钉的事情，呜军作风主动强悍优势尽现。俄军被牵着鼻子作战，为躲避呜军强大火力，最终被迫逃进阿城难有作为，俄军无心作战颓废尽显,,https://tieba.baidu.com/p/8899794068?pid=149795764085&cid=0#149795764085
对阿瓦迪夫卡撤退有两个疑问,15,贴吧用户_aa9ZXK9,未知,突然有点明白为什么当时北约那么怕红色苏联了，北约加上二毛都搞不定大毛，完全体的苏联简直难以想象,,https://tieba.baidu.com/p/8899794068?pid=149795764085&cid=0#149795764085
对阿瓦迪夫卡撤退有两个疑问,16,薛刚006,未知,俄罗斯空中优势套厉害，都是二千磅炸弹，一发相当于几百个炮弹，把乌纳彻底杨成灰灰,,https://tieba.baidu.com/p/8899794068?pid=149795764085&cid=0#149795764085
对阿瓦迪夫卡撤退有两个疑问,17,小气353,未知,茧房一换七，那你会问这种问题也不奇怪,,https://tieba.baidu.com/p/8899794068?pid=149795764085&cid=0#149795764085
对阿瓦迪夫卡撤退有两个疑问,18,龷,未知,最后搞成歼敌十万万，虎距利沃夫不就成笑话了,,https://tieba.baidu.com/p/8899794068?pid=149795764085&cid=0#149795764085
对阿瓦迪夫卡撤退有两个疑问,19,贴吧用户_5aeKDJb,未知,1.参考狼来了2.老爷们也希望兑子，甭管多少兑多少，但是，泽圣要不到饭了呀，所谓重赏之下才有勇夫，言尽于此,,https://tieba.baidu.com/p/8899794068?pid=149795764085&cid=0#149795764085
对阿瓦迪夫卡撤退有两个疑问,20,贴吧用户_0CE4M1M,未知,"真要有这交换比，坚持打下去，这场战争乌克兰就赢了
这种添油战术，估计双方伤亡相当，载具俄军损失多一些，乌克兰消耗不起了",,https://tieba.baidu.com/p/8899794068?pid=149795764085&cid=0#149795764085
对阿瓦迪夫卡撤退有两个疑问,21,墨韵轩华,未知,很简单，第二个是假的,,https://tieba.baidu.com/p/8899794068?pid=149795764085&cid=0#149795764085
对阿瓦迪夫卡撤退有两个疑问,22,孤独路娜,未知,不管实际交换比多少你这数学也够可以了……阿夫迪夫卡又没打巷战看啥交换比,,https://tieba.baidu.com/p/8899794068?pid=149795764085&cid=0#149795764085
对阿瓦迪夫卡撤退有两个疑问,23,cblover,未知,乌军说战损比1：100都没用。俄军在乌东派上去的都是幽灵军团，死了也能继续战斗的。,,https://tieba.baidu.com/p/8899794068?pid=149795764085&cid=0#149795764085
对阿瓦迪夫卡撤退有两个疑问,24,丽芙-帕瓦,未知,真要是那些拿狗粮的说的1:20战损，鹅反对派早就跳起来了,,https://tieba.baidu.com/p/8899794068?pid=149795764085&cid=0#149795764085
对阿瓦迪夫卡撤退有两个疑问,25,伊蕾娜丶,未知,美狗子说啥你信啥 真要1比20早就反推到俄罗斯了,,https://tieba.baidu.com/p/8899794068?pid=149795764085&cid=0#149795764085
wg这个游戏公司为何这么牛,1,akbkck2010,未知,玩了这么多年。这个军事游戏方面他第二无人敢称第一。特别是战舰世界。无论建模贴图，优化都是完美的。我8年前的960都还可以稳定60帧，全特效。对于我这种主机玩家60已经足够了，毕竟我ps4的30帧都过来了。我要问的就是这个游戏公司是二毛子的。二毛子这个国家我认为和我们一样是穷国家。而且也没有什么科技实力。这游戏做的这么好。有点不科学。看下发达的国家，日本游戏，日本游戏我就没见过画质好的。包括今年新出的如龙8和去年的ff16。,,https://tieba.baidu.com/p/8888512968?pid=149739169314&cid=0#149739169314
wg这个游戏公司为何这么牛,2,Westsailor,未知,波兰乌克兰白俄罗斯那一带游戏产业本身就比较厉害，尤其是波兰，产业集群了属于是,,https://tieba.baidu.com/p/8888512968?pid=149739169314&cid=0#149739169314
wg这个游戏公司为何这么牛,3,图南高见,未知,可惜策划是挠摊，全靠美工和技术人员c,,https://tieba.baidu.com/p/8888512968?pid=149739169314&cid=0#149739169314
wg这个游戏公司为何这么牛,4,c丶z丶y,未知,为什么我2060经常掉帧,,https://tieba.baidu.com/p/8888512968?pid=149739169314&cid=0#149739169314
wg这个游戏公司为何这么牛,5,BBQHammers,未知,毛子的游戏画面都是顶级的，地铁离去我第一次玩相当震撼，就是毛子的多人游戏都喜欢搞成斯拉夫黑奴爬线制铁牢,,https://tieba.baidu.com/p/8888512968?pid=149739169314&cid=0#149739169314
wg这个游戏公司为何这么牛,6,XttX17,未知,日厂游戏画质没见过好的那是玩的不够多，wows的贴图也不能细看，不过优化确实强,,https://tieba.baidu.com/p/8888512968?pid=149739169314&cid=0#149739169314
wg这个游戏公司为何这么牛,7,我对你木大wryy,未知,ff7re，生化危机这些画面都不错啊,,https://tieba.baidu.com/p/8888512968?pid=149739169314&cid=0#149739169314
wg这个游戏公司为何这么牛,8,wtfwvf2,未知,我也960，现在已经做不到全特效了，而且还经常出现开镜卡顿,,https://tieba.baidu.com/p/8888512968?pid=149739169314&cid=0#149739169314
wg这个游戏公司为何这么牛,9,—喝彩城堡—,未知,你在质疑斯拉夫人的数学和计算机能力？放全世界那也是顶尖的好吧，前苏联教育体系出来的人那可不是吃素的,,https://tieba.baidu.com/p/8888512968?pid=149739169314&cid=0#149739169314
wg这个游戏公司为何这么牛,10,Dr_粑粑萝灑,未知,这种游戏玩的人少。不是做不出来。特别是建模,,https://tieba.baidu.com/p/8888512968?pid=149739169314&cid=0#149739169314
wg这个游戏公司为何这么牛,11,Sailor,未知,玩的少了吧，坦克战舰还行。空战还得看 战争雷霆,,https://tieba.baidu.com/p/8888512968?pid=149739169314&cid=0#149739169314
wg这个游戏公司为何这么牛,12,真希波哒哒哒哒,未知,日厂游戏画质好的多了去了，建议看看最近的碧蓝幻想relink，cy的处女作，你开4k画质全极高只能说游戏玩的少了，一般游戏视频你看不出啥差别，细节丢失严重，判断游戏画质好坏，还是建议画质全部拉高在4k下比较,,https://tieba.baidu.com/p/8888512968?pid=149739169314&cid=0#149739169314
wg这个游戏公司为何这么牛,13,一在二原七海,未知,矮子里面比高个罢了，游戏做的好也不至于玩的人少，基础的视野机制做不好导致游戏平衡稀烂，恶心人的匹配机制导致单野组队两个游戏，唯一支持玩家玩下去的只有自己对巨炮战舰的向往，值得吹的也就美工建模，而懒得建模的换炮船滥竽充数拿出来骗氪，游戏玩家只会越来越少。wg已经烂了，但核心玩家还肯消费，所以只会像一个僵尸一样半死不活,,https://tieba.baidu.com/p/8888512968?pid=149739169314&cid=0#149739169314
wg这个游戏公司为何这么牛,14,桃源桃乐,未知,麻蛋，为啥我4060全高港口才70帧随机110帧,,https://tieba.baidu.com/p/8888512968?pid=149739169314&cid=0#149739169314
wg这个游戏公司为何这么牛,15,皇家拉拉鱼,未知,骗谁呢？960全特效？还60帧？,,https://tieba.baidu.com/p/8888512968?pid=149739169314&cid=0#149739169314
wg这个游戏公司为何这么牛,16,00ds001,未知,刚开始我也是960全高特效玩的，直到玩航母黑屏。。。我现在调最低玩，经常150帧,,https://tieba.baidu.com/p/8888512968?pid=149739169314&cid=0#149739169314
wg这个游戏公司为何这么牛,17,朱古力夫斯基,未知,虽然毛子策划不做人，但是该说不说美工无敌加上优化好我15年戴尔960m甚至还在坚持,,https://tieba.baidu.com/p/8888512968?pid=149739169314&cid=0#149739169314
wg这个游戏公司为何这么牛,18,Skyverse23,未知,你觉得建模贴图那是不够近,,https://tieba.baidu.com/p/8888512968?pid=149739169314&cid=0#149739169314
wg这个游戏公司为何这么牛,19,21K,未知,大厂看不上罢了。日活就这么三瓜俩枣的。都是挣钱为什么不搞个幻兽帕鲁洗几天吸个几百亿。wg说但凡要有饭折啊，我也不干这个。当初二雷时期战舰是买坦克送的。,,https://tieba.baidu.com/p/8888512968?pid=149739169314&cid=0#149739169314
wg这个游戏公司为何这么牛,20,Amera,未知,ff16画质不比你wows好太多了，哥们你是带不动ff16吧,,https://tieba.baidu.com/p/8888512968?pid=149739169314&cid=0#149739169314
wg这个游戏公司为何这么牛,21,大觉睡了一千年,未知,画质就别碰瓷ff16了，你要说可玩性那确实薄纱ff16,,https://tieba.baidu.com/p/8888512968?pid=149739169314&cid=0#149739169314
wg这个游戏公司为何这么牛,22,星光流年,未知,"毛子的数学、计算机以及艺术方面没的说。
经济上的话，体现在运营层面，那就是类人群猩了。",,https://tieba.baidu.com/p/8888512968?pid=149739169314&cid=0#149739169314
wg这个游戏公司为何这么牛,23,彦士心,未知,建模细，但画面真谈不上多好，老游戏了。,,https://tieba.baidu.com/p/8888512968?pid=149739169314&cid=0#149739169314
wg这个游戏公司为何这么牛,24,钻石小笼包丶,未知,650ti可以1080p中画质稳定60帧，1065可以2k高画质稳定60帧，3060ti可以2k极致画质特效拉满稳定200帧，4070ti可以4k极致拉满200帧，再往上就没试过了，因为没有显卡,,https://tieba.baidu.com/p/8888512968?pid=149739169314&cid=0#149739169314
wg这个游戏公司为何这么牛,25,JUJUICE,未知,神级美工，逆天匹配机制，大**策划 这是我对WG的基本印象,,https://tieba.baidu.com/p/8888512968?pid=149739169314&cid=0#149739169314
wg这个游戏公司为何这么牛,26,henryng123,未知,现在战舰的浪做的很好，舰首还能上浪，以前只是纯粹贴图,,https://tieba.baidu.com/p/8888512968?pid=149739169314&cid=0#149739169314
wg这个游戏公司为何这么牛,27,贴吧用户_QE1AaJG,未知,前苏联的艺术造诣可谓是登峰造极，独树一帜的苏联美学，宏大中不缺乏精细，浪漫中不缺失刚毅，这些在解体后的各个国家里都有体现。但运营，毛子要是会运营那苏联就不会解体,,https://tieba.baidu.com/p/8888512968?pid=149739169314&cid=0#149739169314
wg这个游戏公司为何这么牛,28,内务人民委员,未知,你吹wot我还附和一下，wows现在画质是真不算能打的。而且日式游戏本来也不以画质见长。,,https://tieba.baidu.com/p/8888512968?pid=149739169314&cid=0#149739169314
wg这个游戏公司为何这么牛,29,serawea,未知,960全特效是1080p吧，我970画质2k反正不能全特效，刚升级rx5700,,https://tieba.baidu.com/p/8888512968?pid=149739169314&cid=0#149739169314
寒檀的芬兰浓度极多,1,贴吧用户_Q5C139V,未知,立绘把芬兰俩字写脸上了，精二毛子这么大个芬兰国旗，寒檀左半边脸在和乌萨斯的战争里毁容，元素妥妥的西蒙海耶，也是左半边脸在苏芬战争里被苏联人毁容，只不过一个是源石打的，一个是枪打的。,,https://tieba.baidu.com/p/8488092279?pid=147980512979&cid=0#147980512979
寒檀的芬兰浓度极多,2,贴吧用户_Q5C139V,未知,乌萨斯虽然是妥妥的沙俄时代，但yj把苏芬战争的元素融了相当多，寒檀有一部分西蒙海耶元素，但并不典型，守林人也有一部分西蒙海耶元素，但同样不突出，推测萨米未来会出个典型的白衣狙击手角色，既然萨乌战争在背景上已经明确了，那就要利用好,,https://tieba.baidu.com/p/8488092279?pid=147980512979&cid=0#147980512979
寒檀的芬兰浓度极多,3,TwilightRoxas,未知,等一个档案看看,,https://tieba.baidu.com/p/8488092279?pid=147980512979&cid=0#147980512979
寒檀的芬兰浓度极多,4,HiveUlva,未知,说起芬兰，历史调研室的曼纳海姆刚更了苏芬战争来着，希望还能在评论区鉴赏左右互搏,,https://tieba.baidu.com/p/8488092279?pid=147980512979&cid=0#147980512979
寒檀的芬兰浓度极多,5,GC42730169,未知,干员介绍里也有一句：“只要你不是乌萨斯人，她不会太在乎你的傲慢与偏见”，也挺明显的（,,https://tieba.baidu.com/p/8488092279?pid=147980512979&cid=0#147980512979
寒檀的芬兰浓度极多,6,伊鲤奇,未知,西乌精神,,https://tieba.baidu.com/p/8488092279?pid=147980512979&cid=0#147980512979
寒檀的芬兰浓度极多,7,我不是棱镜,未知,唉，乌萨斯,,https://tieba.baidu.com/p/8488092279?pid=147980512979&cid=0#147980512979
寒檀的芬兰浓度极多,8,肃正协议二号机,未知,关注arms against tyranny喵，关注arms against tyranny谢谢喵,,https://tieba.baidu.com/p/8488092279?pid=147980512979&cid=0#147980512979
寒檀的芬兰浓度极多,9,渣君爱馒头,未知,地球史的萨米人作为北欧原住民绝大部分活动区域就在如今芬兰境内,,https://tieba.baidu.com/p/8488092279?pid=147980512979&cid=0#147980512979
寒檀的芬兰浓度极多,10,长坂剑圣夏侯恩｜,未知,"萨米这俩字都很明白了。
前几天刚用v3芬兰暴打沙俄",,https://tieba.baidu.com/p/8488092279?pid=147980512979&cid=0#147980512979
寒檀的芬兰浓度极多,11,又来查你跌成分了,未知,现实里的历史第一狙击手，游戏里居然是个五星术士……,,https://tieba.baidu.com/p/8488092279?pid=147980512979&cid=0#147980512979
寒檀的芬兰浓度极多,12,鼻血牌衬衫,未知,我超 芬兰朱元璋,,https://tieba.baidu.com/p/8488092279?pid=147980512979&cid=0#147980512979
寒檀的芬兰浓度极多,13,lll,未知,历史第一狙击手转生成术士了,,https://tieba.baidu.com/p/8488092279?pid=147980512979&cid=0#147980512979
寒檀的芬兰浓度极多,14,没什么,未知,说实话帝俄时代芬兰是帝俄的联统国啊,,https://tieba.baidu.com/p/8488092279?pid=147980512979&cid=0#147980512979
寒檀的芬兰浓度极多,15,Екатерина♚,未知,她本命还叫西蒙娜,,https://tieba.baidu.com/p/8488092279?pid=147980512979&cid=0#147980512979
寒檀的芬兰浓度极多,16,不配拥有姓名,未知,yj惯用融合牌，萨米肯定融了芬兰进去,,https://tieba.baidu.com/p/8488092279?pid=147980512979&cid=0#147980512979
寒檀的芬兰浓度极多,17,Ives,未知,西蒙娜这不妥妥的性转西蒙海耶,,https://tieba.baidu.com/p/8488092279?pid=147980512979&cid=0#147980512979
寒檀的芬兰浓度极多,18,学农人150901,未知,还用写脸上？,,https://tieba.baidu.com/p/8488092279?pid=147980512979&cid=0#147980512979
寒檀的芬兰浓度极多,19,贴吧用户_GQZtM45,未知,那动物原型就锁定挪森了,,https://tieba.baidu.com/p/8488092279?pid=147980512979&cid=0#147980512979
寒檀的芬兰浓度极多,20,DSwing,未知,太直白了，有点低级。,,https://tieba.baidu.com/p/8488092279?pid=147980512979&cid=0#147980512979
寒檀的芬兰浓度极多,21,死后0,未知,狙击手给弄成群法了是吧,,https://tieba.baidu.com/p/8488092279?pid=147980512979&cid=0#147980512979
寒檀的芬兰浓度极多,22,一个一个一个大哥啊,未知,乐,,https://tieba.baidu.com/p/8488092279?pid=147980512979&cid=0#147980512979
寒檀的芬兰浓度极多,23,贴吧用户_GyZCbe1,未知,"时隔两个月，历史调研室发布曼纳海姆（下）的原因为：
A:被左壬的装腔作势激怒了
B:想要向更多人科普芬兰内战的历史
C:想要引流恰烂钱
D:因为明日方舟即将推出萨米故事集《眠与树影之中》",,https://tieba.baidu.com/p/8488092279?pid=147980512979&cid=0#147980512979
寒檀的芬兰浓度极多,24,永寂晨曦,未知,芬兰人感觉挺少见的，所以我比较好奇有没有认识芬兰人的，他们对这角色有啥感想,,https://tieba.baidu.com/p/8488092279?pid=147980512979&cid=0#147980512979
寒檀的芬兰浓度极多,25,喂你吔X,未知,稍微看了下档案，赶脚经历更接近杰罗尼莫,,https://tieba.baidu.com/p/8488092279?pid=147980512979&cid=0#147980512979
毛子和二毛子打了那么久，貌似没出现过坦克大会战的情形？,1,同人大将,未知,毛子和二毛子坦克都不少，但是打了这么长时间，好像还没发生过坦克之间的集群作战，基本都是用导弹把对方坦克消灭后，己方的坦克再出来占领、打扫卫生。要是按这个趋势发展下去，穿甲弹会不会成为二战的刺刀一样的武器，虽然还是需要但已经没多大用了,,https://tieba.baidu.com/p/7907011136?pid=144645636523&cid=0#144645636523
毛子和二毛子打了那么久，貌似没出现过坦克大会战的情形？,2,楚1990sky,未知,不是实力相当的情况下，未来都很难出现坦克大战，基本上出来一辆无人机锤一辆,,https://tieba.baidu.com/p/7907011136?pid=144645636523&cid=0#144645636523
毛子和二毛子打了那么久，貌似没出现过坦克大会战的情形？,3,蓝银蜓,未知,其实坦克已经在现在成了加强版步兵。能抗伤害更高的步兵了而已，和其他车构成了一个体系。大规模坦克会战未来机会很少，除非双方空中力量都被牵制了。,,https://tieba.baidu.com/p/7907011136?pid=144645636523&cid=0#144645636523
毛子和二毛子打了那么久，貌似没出现过坦克大会战的情形？,4,管中窥豹现一斑,未知,不是，现在是21世纪20年代了，大集团的坦克大战早就不可能了啊。为什么还要纠结这个呢？坦克确实不会轻易被淘汰，但是在拼体系的现在，任何单一兵种或武器都不太可能独自挑大梁了。哪怕是终极武器核弹，如果没有空天体系的辅助，没有合适的气象条件和电磁环境，都很难取得预想的战果。现代战争早已不是二战时期的理念可以驾驭的了。,,https://tieba.baidu.com/p/7907011136?pid=144645636523&cid=0#144645636523
毛子和二毛子打了那么久，貌似没出现过坦克大会战的情形？,5,————,未知,没钱。,,https://tieba.baidu.com/p/7907011136?pid=144645636523&cid=0#144645636523
毛子和二毛子打了那么久，貌似没出现过坦克大会战的情形？,6,在下射惠人,未知,被碾压了怎么会战,,https://tieba.baidu.com/p/7907011136?pid=144645636523&cid=0#144645636523
毛子和二毛子打了那么久，貌似没出现过坦克大会战的情形？,7,达克耐修奈达,未知,现在污克烂没制空权，坦克群出来不就是给毛熊武直挨个点名么，怕是都没看到对面坦克自己就全无了,,https://tieba.baidu.com/p/7907011136?pid=144645636523&cid=0#144645636523
毛子和二毛子打了那么久，貌似没出现过坦克大会战的情形？,8,田所浩四,未知,这次冲突小规模装甲遭遇战的案例实际上很多,,https://tieba.baidu.com/p/7907011136?pid=144645636523&cid=0#144645636523
毛子和二毛子打了那么久，貌似没出现过坦克大会战的情形？,9,麦丶套,未知,现在一个排都要分散开来，一大堆坦克堆一起不就是被人炸的吗,,https://tieba.baidu.com/p/7907011136?pid=144645636523&cid=0#144645636523
毛子和二毛子打了那么久，貌似没出现过坦克大会战的情形？,10,言谨,未知,势均力敌才会有装甲集群会战（双方都没制空权），现代战争基本上不会有这种会战，最有可能发生的会战是空战。,,https://tieba.baidu.com/p/7907011136?pid=144645636523&cid=0#144645636523
毛子和二毛子打了那么久，貌似没出现过坦克大会战的情形？,11,laowang510225,未知,小泽还想多活两天呢，一局把棺材本都压上的事应该他干不出来吧,,https://tieba.baidu.com/p/7907011136?pid=144645636523&cid=0#144645636523
毛子和二毛子打了那么久，貌似没出现过坦克大会战的情形？,12,TMxio,未知,不对称战争不就是这样嘛，乌克兰开局就被锤的稀烂，现在进入持久战了，生产也跟不上还坦克集群？没有北约在军援的话连逃跑都只能双腿,,https://tieba.baidu.com/p/7907011136?pid=144645636523&cid=0#144645636523
毛子和二毛子打了那么久，貌似没出现过坦克大会战的情形？,13,BT机械,未知,已经过了坦克对战坦克年代了，优势火力不是坦克，尤其是制导武器出现，坦克打坦克就不行了，除非小国打小国能看见，,,https://tieba.baidu.com/p/7907011136?pid=144645636523&cid=0#144645636523
毛子和二毛子打了那么久，貌似没出现过坦克大会战的情形？,14,新巴黎公社社长,未知,乌克兰坦克基本上第一波就刚没了。,,https://tieba.baidu.com/p/7907011136?pid=144645636523&cid=0#144645636523
毛子和二毛子打了那么久，貌似没出现过坦克大会战的情形？,15,啊杰,未知,反坦导弹性价比高，用造一辆坦克的钱，造反坦导弹能摧毁好几辆坦克。单兵就能使用，隐蔽性灵活性高，而且集群容易被各种空中和远程火力针对。,,https://tieba.baidu.com/p/7907011136?pid=144645636523&cid=0#144645636523
毛子和二毛子打了那么久，貌似没出现过坦克大会战的情形？,16,dfknzhq,未知,思想观念僵化,,https://tieba.baidu.com/p/7907011136?pid=144645636523&cid=0#144645636523
毛子和二毛子打了那么久，貌似没出现过坦克大会战的情形？,17,岂不妙哉,未知,你这思想很危险！可以降维打击非要和人拼刺刀？？？,,https://tieba.baidu.com/p/7907011136?pid=144645636523&cid=0#144645636523
毛子和二毛子打了那么久，貌似没出现过坦克大会战的情形？,18,打酱油的渣古,未知,制空差得不多才有可能，哪怕是在二战时期。44年西线盟军掌握绝对制空权，德三一样是没法行成大规模装甲集群进攻，阿登反击战还是趁着大雾天气，天一放晴立马完蛋。,,https://tieba.baidu.com/p/7907011136?pid=144645636523&cid=0#144645636523
毛子和二毛子打了那么久，貌似没出现过坦克大会战的情形？,19,水剑少年,未知,你准备被空军点名？,,https://tieba.baidu.com/p/7907011136?pid=144645636523&cid=0#144645636523
毛子和二毛子打了那么久，貌似没出现过坦克大会战的情形？,20,奏响星之声,未知,什么二战观念，害搁这坦克大战呢十几辆坦克挤在一起分分钟就有导弹过来点名了，一两百辆挤在一起不是摆明了叫人来轰嘛,,https://tieba.baidu.com/p/7907011136?pid=144645636523&cid=0#144645636523
毛子和二毛子打了那么久，貌似没出现过坦克大会战的情形？,21,小蕾姆,未知,乌克兰其实是有3000多辆坦克一万多辆装甲车的，可能是被打没了吧,,https://tieba.baidu.com/p/7907011136?pid=144645636523&cid=0#144645636523
毛子和二毛子打了那么久，貌似没出现过坦克大会战的情形？,22,胖友龙猫,未知,没有制空权的情况下，装甲集群就是自杀,,https://tieba.baidu.com/p/7907011136?pid=144645636523&cid=0#144645636523
战后元气大伤,1,冰糖雪梨,未知,战争结束乌克兰变成纯粹的农业国家了,,https://tieba.baidu.com/p/7757557241?pid=143443357604&cid=0#143443357604
战后元气大伤,2,一只瓜,未知,春耕快过了，他可能连农业国家也做不了了。。。。,,https://tieba.baidu.com/p/7757557241?pid=143443357604&cid=0#143443357604
战后元气大伤,3,ZZZ,未知,谁打烂的谁来赔偿，哪能这么简单就结束了，呵呵,,https://tieba.baidu.com/p/7757557241?pid=143443357604&cid=0#143443357604
战后元气大伤,4,Joe,未知,第一西方绝对战后援助 第二毛子如果输了还得赔战争款 第三西方冻结的普京集团资产和财阀资产将会转移给乌克兰,,https://tieba.baidu.com/p/7757557241?pid=143443357604&cid=0#143443357604
战后元气大伤,5,璐村惂鐢ㄦ埛_0VX5M9R馃惥,未知,想多了 西边给点没几年就腾飞了,,https://tieba.baidu.com/p/7757557241?pid=143443357604&cid=0#143443357604
战后元气大伤,6,寂静岭,未知,新马歇尔计划要开始了,,https://tieba.baidu.com/p/7757557241?pid=143443357604&cid=0#143443357604
战后元气大伤,7,无敌浩克23,未知,西方不是扣了五千➕亿的美金吗！已经商量如何赔给吴了。还有战后马歇尔计划没几年就能恢复的更好。砸烂的这些东西不知道有没有五千亿美金呢,,https://tieba.baidu.com/p/7757557241?pid=143443357604&cid=0#143443357604
战后元气大伤,8,无敌浩克23,未知,欧美在来搞个工业转移，经济说不准比战前还好,,https://tieba.baidu.com/p/7757557241?pid=143443357604&cid=0#143443357604
战后元气大伤,9,贴吧用户_0bRDD7X,未知,不就一个老欧洲再来个工业转移的事，正好符合又想要廉价劳动力又不想要移民的无耻勾当,,https://tieba.baidu.com/p/7757557241?pid=143443357604&cid=0#143443357604
战后元气大伤,10,bygf,未知,饿连油都卖不出麦当劳没得吃,,https://tieba.baidu.com/p/7757557241?pid=143443357604&cid=0#143443357604
战后元气大伤,11,入夜行灯,未知,可不能赖我,,https://tieba.baidu.com/p/7757557241?pid=143443357604&cid=0#143443357604
战后元气大伤,12,祀风师乐舞丶,未知,我就问你们战后敢去乌克兰做生意 买房吗？发了几万只枪 还没有持枪者和管制机构的,,https://tieba.baidu.com/p/7757557241?pid=143443357604&cid=0#143443357604
战后元气大伤,13,raulgp,未知,天时地利人和，还怕发展不起来？阿富汗当年也真富过，可惜信了ysl的鬼话,,https://tieba.baidu.com/p/7757557241?pid=143443357604&cid=0#143443357604
战后元气大伤,14,太一,未知,只要打赢了就能翻身农奴把歌唱，发展经济分分钟的事！,,https://tieba.baidu.com/p/7757557241?pid=143443357604&cid=0#143443357604
战后元气大伤,15,wobushi大本营,未知,这场战争让我有点佩服英国。一开始约翰逊说乌克兰是个战斗民族，俄国要跟他打，肯定会陷入泥潭我还不信。我认为大军一到乌克兰坑定望风而逃，哪知道约翰逊说的是真的，简直是打不动。厉害不亏叫英国英明的国家，是个有智慧的国家。不过也是个阴险的国家。,,https://tieba.baidu.com/p/7757557241?pid=143443357604&cid=0#143443357604
战后元气大伤,16,不思量永难忘,未知,那就眼看谁先手，参考二战后日德。,,https://tieba.baidu.com/p/7757557241?pid=143443357604&cid=0#143443357604
战后元气大伤,17,从头越不能用,未知,虽然到时候他们一无所有，但是他们获得了自由！,,https://tieba.baidu.com/p/7757557241?pid=143443357604&cid=0#143443357604
战后元气大伤,18,kinorevs,未知,有没有乌克兰都是问题了,,https://tieba.baidu.com/p/7757557241?pid=143443357604&cid=0#143443357604
战后元气大伤,19,昆仑纯阳子,未知,你们想多了乌克兰失败后他亲西方的权利都不会有了，一个四分五裂的国家，以后有得受,,https://tieba.baidu.com/p/7757557241?pid=143443357604&cid=0#143443357604
战后元气大伤,20,销声密迹,未知,乌克兰就是农耕大国，就应该老老实实种田，赚钱养家，自由自在，平平淡淡。,,https://tieba.baidu.com/p/7757557241?pid=143443357604&cid=0#143443357604
战后元气大伤,21,阿徳乐园,未知,放心，俄海外资产补。炸的越多越好，,,https://tieba.baidu.com/p/7757557241?pid=143443357604&cid=0#143443357604
老96要是有一辆实力相同后备车就好了，比如某125的85，还,1,ZTZ-59D,未知,老96要是有一辆实力相同后备车就好了，比如某125的85，还可以用二毛子卖的苏制炮弹,,https://tieba.baidu.com/p/7555369674?pid=141454127688&cid=0#141454127688
老96要是有一辆实力相同后备车就好了，比如某125的85，还,2,后期不过圣剑,未知,出个96g呗，把炮塔改一下就行了,,https://tieba.baidu.com/p/7555369674?pid=141454127688&cid=0#141454127688
老96要是有一辆实力相同后备车就好了，比如某125的85，还,3,COHDaaa,未知,下一个概率比较大的主战我猜是老99没爆反的那种,,https://tieba.baidu.com/p/7555369674?pid=141454127688&cid=0#141454127688
老96要是有一辆实力相同后备车就好了，比如某125的85，还,4,V2-54,未知,毛子到时候骗氪直接出个不挂爆反的99当金币车，给一期弹，也放9.3,,https://tieba.baidu.com/p/7555369674?pid=141454127688&cid=0#141454127688
老96要是有一辆实力相同后备车就好了，比如某125的85，还,5,195车长,未知,105就挺好，穿深不输125，还能套l7装填,,https://tieba.baidu.com/p/7555369674?pid=141454127688&cid=0#141454127688
老96要是有一辆实力相同后备车就好了，比如某125的85，还,6,向心压缩,未知,喔，犽羽獠，童年回忆啊,,https://tieba.baidu.com/p/7555369674?pid=141454127688&cid=0#141454127688
老96要是有一辆实力相同后备车就好了，比如某125的85，还,7,扣1给AA送小牛,未知,"g91废了后中系9.7下个版本引来春天。96+96a，轻坦301/02，防空有新进04，9.7能有效反直升机。空中还有超刀2发空对地导弹。还能用轰5炸单复活点的防空车。
并且9.7班长率超高，96a的非弱点区，96的头都不是同级车能穿的。",,https://tieba.baidu.com/p/7555369674?pid=141454127688&cid=0#141454127688
老96要是有一辆实力相同后备车就好了，比如某125的85，还,8,小白级刺客,未知,美洲虎也行啊，颜值还不错,,https://tieba.baidu.com/p/7555369674?pid=141454127688&cid=0#141454127688
老96要是有一辆实力相同后备车就好了，比如某125的85，还,9,M1A2HA1,未知,MBT2000安排一下,,https://tieba.baidu.com/p/7555369674?pid=141454127688&cid=0#141454127688
老96要是有一辆实力相同后备车就好了，比如某125的85，还,10,🚁闪电旋风劈,未知,用凤梨超人,,https://tieba.baidu.com/p/7555369674?pid=141454127688&cid=0#141454127688
老96要是有一辆实力相同后备车就好了，比如某125的85，还,11,koeniseton,未知,给辆88A扔9.0，打二期弹，其实还不错85II AP这种换皮估计毛子不愿意出,,https://tieba.baidu.com/p/7555369674?pid=141454127688&cid=0#141454127688
老96要是有一辆实力相同后备车就好了，比如某125的85，还,12,kisa,未知,59g125要不要,,https://tieba.baidu.com/p/7555369674?pid=141454127688&cid=0#141454127688
老96要是有一辆实力相同后备车就好了，比如某125的85，还,13,Goat,未知,85IIAP,,https://tieba.baidu.com/p/7555369674?pid=141454127688&cid=0#141454127688
老96要是有一辆实力相同后备车就好了，比如某125的85，还,14,ME来自部落,未知,88a：我不香吗,,https://tieba.baidu.com/p/7555369674?pid=141454127688&cid=0#141454127688
老96要是有一辆实力相同后备车就好了，比如某125的85，还,15,吉祥物雪风,未知,这个,,https://tieba.baidu.com/p/7555369674?pid=141454127688&cid=0#141454127688
外服新上架的捷克八金，这输出简直爆炸离谱,1,黄金炮管,未知,是的你们没有看错，单发伤害460的双联发捷克重坦，一炮干了对面超级潘兴570，阿这。二毛子净淦这些变态的车,,https://tieba.baidu.com/p/7484925278?pid=140710090689&cid=0#140710090689
外服新上架的捷克八金，这输出简直爆炸离谱,2,神级混吧,未知,比较用阳寿打的 高一点也正常 我前几天还让莱茵金币弹打我-6侧面间隙一炮932 我记得极限不是900么,,https://tieba.baidu.com/p/7484925278?pid=140710090689&cid=0#140710090689
外服新上架的捷克八金，这输出简直爆炸离谱,3,霏莱物语,未知,2梭子一个8金越来越离谱,,https://tieba.baidu.com/p/7484925278?pid=140710090689&cid=0#140710090689
外服新上架的捷克八金，这输出简直爆炸离谱,4,合集赫拉宏,未知,惊喜多多的车，没错了就是他了,,https://tieba.baidu.com/p/7484925278?pid=140710090689&cid=0#140710090689
外服新上架的捷克八金，这输出简直爆炸离谱,5,Jeff-,未知,这东西开卖了？,,https://tieba.baidu.com/p/7484925278?pid=140710090689&cid=0#140710090689
外服新上架的捷克八金，这输出简直爆炸离谱,6,,未知,我记得金币弹只有250不到的ap 进10级房基本抓瞎,,https://tieba.baidu.com/p/7484925278?pid=140710090689&cid=0#140710090689
外服新上架的捷克八金，这输出简直爆炸离谱,7,酷炫骷髅99,未知,"有俯角有爆发***有248ap
wg你***恶心",,https://tieba.baidu.com/p/7484925278?pid=140710090689&cid=0#140710090689
外服新上架的捷克八金，这输出简直爆炸离谱,8,看花开城海,未知,买个锤子，欧服再买野牛cs52美服再买毛蟹暴风，那个服再买啊指点一下,,https://tieba.baidu.com/p/7484925278?pid=140710090689&cid=0#140710090689
外服新上架的捷克八金，这输出简直爆炸离谱,9,牧牛920504,未知,小巴顿哭晕在厕所,,https://tieba.baidu.com/p/7484925278?pid=140710090689&cid=0#140710090689
外服新上架的捷克八金，这输出简直爆炸离谱,10,我乃圣经,未知,460伤害属实有点猛，进十级跟着大哥补刀也能，248ap肯定比野牛的270heat好用。,,https://tieba.baidu.com/p/7484925278?pid=140710090689&cid=0#140710090689
外服新上架的捷克八金，这输出简直爆炸离谱,11,图入c,未知,到现在我还记着被krv打了一发550暴毙,,https://tieba.baidu.com/p/7484925278?pid=140710090689&cid=0#140710090689
外服新上架的捷克八金，这输出简直爆炸离谱,12,童话的黑天使,未知,外服这些主播在哪个平台上能看？,,https://tieba.baidu.com/p/7484925278?pid=140710090689&cid=0#140710090689
外服新上架的捷克八金，这输出简直爆炸离谱,13,鱼见,未知,主要问题是金币弹没法打钱,,https://tieba.baidu.com/p/7484925278?pid=140710090689&cid=0#140710090689
外服新上架的捷克八金，这输出简直爆炸离谱,14,斯柯达-T56,未知,哪个服？美服亚服俄服都没卖过，欧服吗？之前不是说是美服8月10号开卖吗？,,https://tieba.baidu.com/p/7484925278?pid=140710090689&cid=0#140710090689
外服新上架的捷克八金，这输出简直爆炸离谱,15,水果辣條。,未知,我还记得我krv打3炮对面57四炮没我干的多，献祭阳寿罢了,,https://tieba.baidu.com/p/7484925278?pid=140710090689&cid=0#140710090689
外服新上架的捷克八金，这输出简直爆炸离谱,16,槿,未知,这不是我截的图么,,https://tieba.baidu.com/p/7484925278?pid=140710090689&cid=0#140710090689
外服新上架的捷克八金，这输出简直爆炸离谱,17,贴吧用户_0PJyQeQ,未知,和703比怎样？ 我看他的穿深不高啊 短装很长,,https://tieba.baidu.com/p/7484925278?pid=140710090689&cid=0#140710090689
外服新上架的捷克八金，这输出简直爆炸离谱,18,宝贝鹏哥儿,未知,我7501一炮干了狮子600+他懵逼了。,,https://tieba.baidu.com/p/7484925278?pid=140710090689&cid=0#140710090689
外服新上架的捷克八金，这输出简直爆炸离谱,19,滿清十大裤型,未知,8级252U一炮570打得我蒙了,,https://tieba.baidu.com/p/7484925278?pid=140710090689&cid=0#140710090689
外服新上架的捷克八金，这输出简直爆炸离谱,20,帝国陨落,未知,自从大光头离开后，毛子就开始整些不历史甚至不平衡的玩意儿了,,https://tieba.baidu.com/p/7484925278?pid=140710090689&cid=0#140710090689
外服新上架的捷克八金，这输出简直爆炸离谱,21,路人bot,未知,这女的谁啊侉着一张批脸,,https://tieba.baidu.com/p/7484925278?pid=140710090689&cid=0#140710090689
外服新上架的捷克八金，这输出简直爆炸离谱,22,一叶竹银,未知,啧啧，昨晚开CS59，390标伤的炮打对面P46，一炮过去280伤害，他傻没傻我不知道反正我傻了,,https://tieba.baidu.com/p/7484925278?pid=140710090689&cid=0#140710090689
外服新上架的捷克八金，这输出简直爆炸离谱,23,霜随风降-,未知,同样是两连发重坦银币的双管只有三百均伤而且机动和装甲都不如这货,,https://tieba.baidu.com/p/7484925278?pid=140710090689&cid=0#140710090689
外服新上架的捷克八金，这输出简直爆炸离谱,24,Cade-6,未知,均伤720，两轮带走8级脆皮HT，越多的也扛不住两轮输出,,https://tieba.baidu.com/p/7484925278?pid=140710090689&cid=0#140710090689
外服新上架的捷克八金，这输出简直爆炸离谱,25,vanulysses,未知,这车必须氪。 哪怕找落单的换血都不亏啊何况还有装甲,,https://tieba.baidu.com/p/7484925278?pid=140710090689&cid=0#140710090689
外服新上架的捷克八金，这输出简直爆炸离谱,26,長恨哥哥,未知,等他卖。,,https://tieba.baidu.com/p/7484925278?pid=140710090689&cid=0#140710090689
外服新上架的捷克八金，这输出简直爆炸离谱,27,awp907,未知,国f是不是进箱子？dnmd,,https://tieba.baidu.com/p/7484925278?pid=140710090689&cid=0#140710090689
外服新上架的捷克八金，这输出简直爆炸离谱,28,贴吧用户_0124VyV,未知,前天玩的时候碰上了。。确实强，两个开黑的一起干一个4发下来谁都得跪。。,,https://tieba.baidu.com/p/7484925278?pid=140710090689&cid=0#140710090689
外服新上架的捷克八金，这输出简直爆炸离谱,29,你胖次哪去了,未知,我天蝎打人还日常368呢,,https://tieba.baidu.com/p/7484925278?pid=140710090689&cid=0#140710090689
外服新上架的捷克八金，这输出简直爆炸离谱,30,lmy0000000000,未知,703遇上估计要输，248AP顶牛打703不是很难。。。毛子没问题就不会解体,,https://tieba.baidu.com/p/7484925278?pid=140710090689&cid=0#140710090689
二毛子平衡的时候再多用心点吧,1,大梦谁知晓,未知,"最近德系被加强了一波，尤其是ht的e100线，老虎有了280单发的88炮，从此过上了有机动，有dpm，血量好，单发高的高富帅日子。最近88豹也拿到了这波福利，但是虎p线，黑豹2的长88还都是240单发的伤害啊 当然，黑豹2因为超长88单发提升了，还可以。
另外随便再举例，苏系268线，顶级268的炮，我记得原来各种炮弹弹速都只有760，这也是被大家过去吐槽的地方。后来增强的时候，Ap弹弹速加强了不少，算有所改善。然而，注意，c系td那门顶级152炮，以及2685那门炮，弹速依然还躺在760上当咸鱼
二毛子现在明显不用心啊，之前增强的时候，短88那是所有载体上的都一起增强，苏系t44加强的时候，相关金币车的装甲和发动机也一起加强了。",,https://tieba.baidu.com/p/7109918030?pid=136625934454&cid=0#136625934454
二毛子平衡的时候再多用心点吧,2,流离边境,未知,冷门车，没人玩，毛子也不上心。这游戏还能有几年寿命？,,https://tieba.baidu.com/p/7109918030?pid=136625934454&cid=0#136625934454
二毛子平衡的时候再多用心点吧,3,贴吧用户_0J3NK2E,未知,Serb走了之后 平衡极差。。。。坦克锉刀 还是挺厉害的。。,,https://tieba.baidu.com/p/7109918030?pid=136625934454&cid=0#136625934454
二毛子平衡的时候再多用心点吧,4,vikkey_bd,未知,加强就是骗一波氪，本来就没人气还想要加强？平衡？你想得太多了,,https://tieba.baidu.com/p/7109918030?pid=136625934454&cid=0#136625934454
二毛子平衡的时候再多用心点吧,5,红番茄之怒,未知,黑豹88加强没用，机动，隐蔽，穿深都拉跨，这杆炮也是个下限炮,,https://tieba.baidu.com/p/7109918030?pid=136625934454&cid=0#136625934454
二毛子平衡的时候再多用心点吧,6,法比安狼,未知,@serb,,https://tieba.baidu.com/p/7109918030?pid=136625934454&cid=0#136625934454
二毛子平衡的时候再多用心点吧,7,我来充数,未知,以前锉刀在的时候，哪个车稍微冒头强一点最多一个版本必砍，现在出的车越出越乱，地图越改越蹲,,https://tieba.baidu.com/p/7109918030?pid=136625934454&cid=0#136625934454
二毛子平衡的时候再多用心点吧,8,慕如风,未知,最离谱的是is-2400好伐，弱爆了，除了个铁头一无是处，虽然那头是真的铁,,https://tieba.baidu.com/p/7109918030?pid=136625934454&cid=0#136625934454
二毛子平衡的时候再多用心点吧,9,蕞後菂掙紮,未知,跟乌克兰有什么关系,,https://tieba.baidu.com/p/7109918030?pid=136625934454&cid=0#136625934454
二毛子平衡的时候再多用心点吧,10,822821299,未知,虎式不这样加强根本就开不出去，至于虎p可能是忘了吧，哈哈。另外补充一句，虎王是真的纸老虎，车体适应不了那个分房。虎式，75和100都已经是强者了。,,https://tieba.baidu.com/p/7109918030?pid=136625934454&cid=0#136625934454
二毛子平衡的时候再多用心点吧,11,左又丧吓,未知,银币td 火炮线，已经被放弃了，很久没改动和出新线的消息了吧。,,https://tieba.baidu.com/p/7109918030?pid=136625934454&cid=0#136625934454
二毛子平衡的时候再多用心点吧,12,魔法师的魔法师,未知,顶,,https://tieba.baidu.com/p/7109918030?pid=136625934454&cid=0#136625934454
二毛子平衡的时候再多用心点吧,13,德意志戰車侍衛,未知,268那短倍径，高穿深就已经很魔幻了，再加初速就是魔法了。不过这游戏早就已经完全脱离实际，进入胡编乱造的境界了，魔法就魔法吧。,,https://tieba.baidu.com/p/7109918030?pid=136625934454&cid=0#136625934454
二毛子平衡的时候再多用心点吧,14,小龙萧萧,未知,那个虎P哭了，单发低 装填慢 速度龟速 又脆又瞎就是割个凑数的,,https://tieba.baidu.com/p/7109918030?pid=136625934454&cid=0#136625934454
二毛子平衡的时候再多用心点吧,15,1273406939,未知,然而并没有加强7号这个lj玩意，要不你就干脆给他7201的大管子，要不就加强到7201一样的装甲，银币穿深加强或者伤害加强，现在的环境他就是个fw,,https://tieba.baidu.com/p/7109918030?pid=136625934454&cid=0#136625934454
二毛子平衡的时候再多用心点吧,16,不能再小的伟,未知,团长为啥都是苏系车配个轮子？,,https://tieba.baidu.com/p/7109918030?pid=136625934454&cid=0#136625934454
二毛子平衡的时候再多用心点吧,17,用户不能起昵称,未知,面多加水，水多加面,,https://tieba.baidu.com/p/7109918030?pid=136625934454&cid=0#136625934454
二毛子平衡的时候再多用心点吧,18,V4OO5,未知,268最大的问题是俯角，这车目前的装甲是纸糊的，纯黑枪车。但是黑枪俯角不够用，隐蔽也拉胯。,,https://tieba.baidu.com/p/7109918030?pid=136625934454&cid=0#136625934454
二毛子应该好好治理一下消极游戏的玩家,1,一醉萧瑟,未知,二毛子应该好好治理一下消极游戏的玩家,,https://tieba.baidu.com/p/7038742887?pid=135885047624&cid=0#135885047624
二毛子应该好好治理一下消极游戏的玩家,2,一醉萧瑟,未知,现在8级金币车一堆活人“脚本”玩家。一个小时能送1-20场。严重影响了游戏环境，3分钟双方送掉了一大半，对于认真游戏的玩家及其不公平,,https://tieba.baidu.com/p/7038742887?pid=135885047624&cid=0#135885047624
二毛子应该好好治理一下消极游戏的玩家,3,一醉萧瑟,未知,强烈建议二毛子在游戏内检查到玩家连续三场游戏时间不足5分钟，10分钟之内禁止加入战斗，连续10场战斗，有5场战斗时间不足5分钟，30分钟之内禁止加入战斗,,https://tieba.baidu.com/p/7038742887?pid=135885047624&cid=0#135885047624
二毛子应该好好治理一下消极游戏的玩家,4,一醉萧瑟,未知,两个小时打了16场，就赢了三场，明明一条线很多人去了，但是都二话不说直接一窝蜂似的往敌人堆送。要么血崩。要么打不出伤害来,,https://tieba.baidu.com/p/7038742887?pid=135885047624&cid=0#135885047624
二毛子应该好好治理一下消极游戏的玩家,5,左看右看,未知,应该根据效率来分房。但，人气不足，官方脚本又那么多，没用的。,,https://tieba.baidu.com/p/7038742887?pid=135885047624&cid=0#135885047624
二毛子应该好好治理一下消极游戏的玩家,6,仲夏夜之梦,未知,现在这一把真的是，速赢速输，5分钟解决战斗，特别快！,,https://tieba.baidu.com/p/7038742887?pid=135885047624&cid=0#135885047624
二毛子应该好好治理一下消极游戏的玩家,7,浅唱柯尔特,未知,分房机制不改，游戏模式不改，就没办法。讲究对抗的游戏，没法以娱乐为主。所以还缺少常驻的、有收益的娱乐模式,,https://tieba.baidu.com/p/7038742887?pid=135885047624&cid=0#135885047624
二毛子应该好好治理一下消极游戏的玩家,8,天玑,未知,就这些人，我也想跟菜鸡互啄，不想出门被秒啊,,https://tieba.baidu.com/p/7038742887?pid=135885047624&cid=0#135885047624
二毛子应该好好治理一下消极游戏的玩家,9,纳垢天蝎,未知,"一是要宣传保存录像习惯的重要性，二是要让游戏内举报渠道真正发挥作用，就是要有专门的团队24小时内解决这种事情。只要做到了净化游戏风气其实不难。
问题是390根本不上心这种事情。",,https://tieba.baidu.com/p/7038742887?pid=135885047624&cid=0#135885047624
二毛子应该好好治理一下消极游戏的玩家,10,Chaober,未知,别在晚上玩了，我晚上连输，玩了两晚上效率快跌下1100了，nt队友冲过去就是干，根本不知道哪里有黑枪的哪里会挨打，5分钟以内剩你一个人，这是人干的事？？？,,https://tieba.baidu.com/p/7038742887?pid=135885047624&cid=0#135885047624
二毛子应该好好治理一下消极游戏的玩家,11,宸稳,未知,八金开局抢点掉一半血就不想玩了,,https://tieba.baidu.com/p/7038742887?pid=135885047624&cid=0#135885047624
二毛子应该好好治理一下消极游戏的玩家,12,流动的水,未知,虎式坦克觉得你很淦,,https://tieba.baidu.com/p/7038742887?pid=135885047624&cid=0#135885047624
二毛子应该好好治理一下消极游戏的玩家,13,枫叶不会再红,未知,2毛子是黑毛，这游戏是白毛子3毛做的,,https://tieba.baidu.com/p/7038742887?pid=135885047624&cid=0#135885047624
二毛子应该好好治理一下消极游戏的玩家,14,77哈哈77呵呵,未知,你还太幼稚,,https://tieba.baidu.com/p/7038742887?pid=135885047624&cid=0#135885047624
二毛子应该好好治理一下消极游戏的玩家,15,贴吧用户_QDG6PUC,未知,简单 赢了有银币 经验 输了毛都不要给,,https://tieba.baidu.com/p/7038742887?pid=135885047624&cid=0#135885047624
二毛子应该好好治理一下消极游戏的玩家,16,Edric,未知,呵呵，现实中坦克不就是冲锋，都是一炮货，站在平原上看到人就打，车毁了就弃车跑路，哪有那么多卖头、伸缩？,,https://tieba.baidu.com/p/7038742887?pid=135885047624&cid=0#135885047624
二毛子应该好好治理一下消极游戏的玩家,17,薪净自然凉,未知,+2分房不取消玩个蛋,,https://tieba.baidu.com/p/7038742887?pid=135885047624&cid=0#135885047624
二毛子应该好好治理一下消极游戏的玩家,18,阿苏拉烤串-,未知,这土狗6啊,,https://tieba.baidu.com/p/7038742887?pid=135885047624&cid=0#135885047624
二毛子应该好好治理一下消极游戏的玩家,19,f181943,未知,送🐴流长盛不衰,,https://tieba.baidu.com/p/7038742887?pid=135885047624&cid=0#135885047624
二毛子应该好好治理一下消极游戏的玩家,20,泥头式,未知,不出pve就是毛子脑子进水,,https://tieba.baidu.com/p/7038742887?pid=135885047624&cid=0#135885047624
二毛子应该好好治理一下消极游戏的玩家,21,随心兮随缘矣,未知,两年前在网吧遇到个wot跟DNF双开的玩家，开局双击R然后切出去刷深渊去了！当时我踹他的心都有,,https://tieba.baidu.com/p/7038742887?pid=135885047624&cid=0#135885047624
二毛子应该好好治理一下消极游戏的玩家,22,强大的砖头,未知,又一个自以为是比策划懂系列,,https://tieba.baidu.com/p/7038742887?pid=135885047624&cid=0#135885047624
二毛子应该好好治理一下消极游戏的玩家,23,星风的星象,未知,把1小时加钱的那个改成按场次的就好,,https://tieba.baidu.com/p/7038742887?pid=135885047624&cid=0#135885047624
二毛子应该好好治理一下消极游戏的玩家,24,j小到看不清,未知,看，土狗上天了,,https://tieba.baidu.com/p/7038742887?pid=135885047624&cid=0#135885047624
wot新经济体系及应对策略国服更新后，大家的感觉应该很明显，,1,大梦谁知晓,未知,"wot新经济体系及应对策略
国服更新后，大家的感觉应该很明显，wot的运营出现几个趋势:
1.经验容易拿多了，v每天的5次可选3倍经验加成，类似最近首胜3倍+20次5倍经验奖励。目前c系练车这种9级车5局胜利就送1万经验。大家出车明显加速。注意，此时对全局经验的需求明显降低！
2.车位容易获取，最近任务送5个车位，v平均十天半个月奖励任务多半能混个车位。而车位原来属于wot的硬通货。车位多，多数人是管不住手的，一定会买车
3.银币加成很难获取，而且加成力度也很小。这也是历史遗留问题，当年二雷为了续命，通过任务送了很多。
趋势的核心是什么？随着wot线越来越多，如果想在一定周期(例如1-2年)内充分榨干通常玩家的消费能力，就要让他们多体验各种类型的坦克，进而促进消费。原来雷服时代，银币和全局经验都关键，现在整合到一个要素，就是银币，并与vIP紧密相连。
目前wot的运营模式，可以说是偷(kao)师(bei)了腾讯的理念，pay to win！配件尤其是紫装，未来改进的红装也一样，都会加强部分玩家的优势，这种东西如何获得？绝大多数人，都不可能是打战场等任务。在更新1.10后，基本就是vip任务和10级车才能获得，当二毛子让你快速获得了10级车后(但是开始大量烧银币)，所有问题就归集在银币获取上。
部分有良好打钱习惯，并且积累了大量银币(10位数才算哦)的玩家，是基本不需要在意的。但是99%玩家，估计都在2亿银币以下。那在新模式下，很快就会烧掉。一条新线至少6000万银币，轮子/双管/弹鼓车，都走完就快2亿。技能书，一亿银币只能搞定1250万经验，2套满5技能的成员而已！
策略方面下面接着写",,https://tieba.baidu.com/p/6891252340?pid=134213360182&cid=0#134213360182
wot新经济体系及应对策略国服更新后，大家的感觉应该很明显，,2,纸上山水2,未知,"第一，走条新线不需要6000W银币，我在亚服2000W出了3条线；第二，全局仍然很重要，因为蓝图出了之后，可以快速点车但是需要全局配合点附件，甚至需求比原来更大，因为很多时候你点了新车，如果是之前你必须买车，然后可以选择全局还是白板出配件，现在你蓝图点一路上来，本来就想快速出车，你还会想着把每辆车买出来打个几十局出配件吗。
以我在亚服的经验来说，新版本缺银币是必然的（这也是我为什么回国服，我国服账号上有1.6Y银币），但是缺银币最大的原因是砍了银币收益。以前国服练车，从小车打起，练完一条线下来，买车的钱也打的差不多了，基本9级以前是不用刻意打钱买车，出条线顶多花个几百万。",,https://tieba.baidu.com/p/6891252340?pid=134213360182&cid=0#134213360182
wot新经济体系及应对策略国服更新后，大家的感觉应该很明显，,3,大梦谁知晓,未知,"回到银币获取这个主线上，先说结论:VIP是关键，什么都可以没有，想wot玩的爽一定要有VIP。
1.打钱效率最高是8级金币车，开100%银币加成，正常胜率，1000+效率，不用太多大补给和金币弹情况下，一小时有V大概可以净赚100万银币。没银币加成就至少下降到40万左右，如果再没有v，多数哪怕8级金币车打钱能力都会没什么价值。二毛子现在把v的价格提高，也是抓住了这个痛点。
2.用好各种活动，最大限度快速升级，高级银币车局数少，赔的银币自然就少。
3.适当的时候就停下来，wot不是个升级游戏。例如双管9级相对来说明显比10级强势，玩9级车有v甚至可能不怎么赔钱。这种情况很多，法系火炮甚至在8级就可以停止，虽然我认为9级更好玩。c系td最高到7/8级，屠幼的话，3/4级就可以了
4.打钱要专注，打钱就是打钱，能高效率打钱就好。",,https://tieba.baidu.com/p/6891252340?pid=134213360182&cid=0#134213360182
wot新经济体系及应对策略国服更新后，大家的感觉应该很明显，,4,旗木卡卡西SR,未知,不玩新线解决所有问题. 玩个火炮吊锤所有新车不香吗?,,https://tieba.baidu.com/p/6891252340?pid=134213360182&cid=0#134213360182
wot新经济体系及应对策略国服更新后，大家的感觉应该很明显，,5,傻基苦,未知,一条线不要这么多钱吧，一千万可以从一级打到十级，开高账的话一路还能赚点钱,,https://tieba.baidu.com/p/6891252340?pid=134213360182&cid=0#134213360182
wot新经济体系及应对策略国服更新后，大家的感觉应该很明显，,6,贴吧用户_0KD5bUV,未知,就nm离谱 花了钱还要肝银币,,https://tieba.baidu.com/p/6891252340?pid=134213360182&cid=0#134213360182
wot新经济体系及应对策略国服更新后，大家的感觉应该很明显，,7,你一定要更紧我,未知,纯新手可能钱要多些，反正我用点全局过白板过一些低级车，2000万左右出了3台车到9级，平时打打8金，我不用大补鸡也不打金币单，雷服过来的时候2.1E，现在2.5E！,,https://tieba.baidu.com/p/6891252340?pid=134213360182&cid=0#134213360182
wot新经济体系及应对策略国服更新后，大家的感觉应该很明显，,8,攻势级防空战列舰,未知,确实缺，十级车亏太多了,,https://tieba.baidu.com/p/6891252340?pid=134213360182&cid=0#134213360182
wot新经济体系及应对策略国服更新后，大家的感觉应该很明显，,9,可笑de珍惜,未知,我只玩豹一，现在没vip，勉强不赔钱，也不赚钱，就这样白嫖了,,https://tieba.baidu.com/p/6891252340?pid=134213360182&cid=0#134213360182
wot新经济体系及应对策略国服更新后，大家的感觉应该很明显，,10,克克911,未知,车位是真不缺。。。190多辆车，还有车位60个。。。短时间内是够够的了。,,https://tieba.baidu.com/p/6891252340?pid=134213360182&cid=0#134213360182
wot新经济体系及应对策略国服更新后，大家的感觉应该很明显，,11,klisbf,未知,玩这个游戏，想收支平衡，最重要的一点就是，少打金币弹，少上大补鸡。比如我的操作就是，除了要塞或者一些特别的任务全程金币弹，其他时候不管几级车，基本都不会金币弹，100局里面都不见得会打个5发，所以我是我军团里面可能为数不多的，天天晚上打要塞，银币资产却能不停上涨的人。,,https://tieba.baidu.com/p/6891252340?pid=134213360182&cid=0#134213360182
wot新经济体系及应对策略国服更新后，大家的感觉应该很明显，,12,莫丶熙言,未知,？？？一条线6000万？？我2条线才花了2000万,,https://tieba.baidu.com/p/6891252340?pid=134213360182&cid=0#134213360182
wot新经济体系及应对策略国服更新后，大家的感觉应该很明显，,13,活宝牧羊,未知,银币获取收紧是毛子的思路，新车多那是因为拖更两年了，所以才缺钱，跟360的运营没大关系，现在的360游戏开发方向他是没什么权限，只剩下推广了,,https://tieba.baidu.com/p/6891252340?pid=134213360182&cid=0#134213360182
wot新经济体系及应对策略国服更新后，大家的感觉应该很明显，,14,lvuzhen001,未知,我只玩2种车，能打钱的和能打任务的,,https://tieba.baidu.com/p/6891252340?pid=134213360182&cid=0#134213360182
wot新经济体系及应对策略国服更新后，大家的感觉应该很明显，,15,肥猫,未知,成员技能给一个灯泡都能玩,,https://tieba.baidu.com/p/6891252340?pid=134213360182&cid=0#134213360182
wot新经济体系及应对策略国服更新后，大家的感觉应该很明显，,16,风景这边独好,未知,想想当初是这么玩的？那会，金币弹都很少，更别说大补鸡（没有），那会日子是怎么过的，那会怎么练车练成员的？不要老与二雷的后期比较。变的不是环境，是人心！,,https://tieba.baidu.com/p/6891252340?pid=134213360182&cid=0#134213360182
wot新经济体系及应对策略国服更新后，大家的感觉应该很明显，,17,风景这边独好,未知,再说，紫装比标准装能高出多少？这点差距就左右战局了？横向比较一下，真的微不足道！,,https://tieba.baidu.com/p/6891252340?pid=134213360182&cid=0#134213360182
wot新经济体系及应对策略国服更新后，大家的感觉应该很明显，,18,弹指红颜倾,未知,不玩十级车可以省一大笔钱,,https://tieba.baidu.com/p/6891252340?pid=134213360182&cid=0#134213360182
wot新经济体系及应对策略国服更新后，大家的感觉应该很明显，,19,hanxg80,未知,出的新车我很多都不感兴趣。影响不大。目前版本我正在练英系10级轻坦线，就是觉得它帅，不介意它坑。,,https://tieba.baidu.com/p/6891252340?pid=134213360182&cid=0#134213360182
wot新经济体系及应对策略国服更新后，大家的感觉应该很明显，,20,lonumen,未知,紫装咋了？？？？就加那点只能让强的更强。,,https://tieba.baidu.com/p/6891252340?pid=134213360182&cid=0#134213360182
wot新经济体系及应对策略国服更新后，大家的感觉应该很明显，,21,wenquan597,未知,带着1亿银币从雷服过来，坑了好几条线，苏系双管、705工程、M103、T30、E75、法系轮战、波兰HT、瑞典MT、意呆利MT，都坑到9级了，还剩下500万银币，缺口巨大，怀念二雷时期的抽奖,,https://tieba.baidu.com/p/6891252340?pid=134213360182&cid=0#134213360182
wot新经济体系及应对策略国服更新后，大家的感觉应该很明显，,22,铁十字的死士,未知,我从11年玩到现在，有3万8千多场，一共30个10级车，从来不冲V，不用金币弹，不用大补给，你信不。,,https://tieba.baidu.com/p/6891252340?pid=134213360182&cid=0#134213360182
wot新经济体系及应对策略国服更新后，大家的感觉应该很明显，,23,伍伍伍伍伍威,未知,新服玩59的多了,,https://tieba.baidu.com/p/6891252340?pid=134213360182&cid=0#134213360182
wot新经济体系及应对策略国服更新后，大家的感觉应该很明显，,24,甜味麻酱,未知,7500场的玩家现在还剩150万银币哈哈哈,,https://tieba.baidu.com/p/6891252340?pid=134213360182&cid=0#134213360182
wot新经济体系及应对策略国服更新后，大家的感觉应该很明显，,25,就是具体,未知,我银币就没超过 1千万过，现在是用金币弹打不好肯定陪 用银币弹打肌肉车打不动,,https://tieba.baidu.com/p/6891252340?pid=134213360182&cid=0#134213360182
wot新经济体系及应对策略国服更新后，大家的感觉应该很明显，,26,Silence_CBL,未知,除了10级不经常打，6～9娱乐开心蛮不错，10级怎么打都开心不起来,,https://tieba.baidu.com/p/6891252340?pid=134213360182&cid=0#134213360182
wot新经济体系及应对策略国服更新后，大家的感觉应该很明显，,27,神慧,未知,雷服过来5.7亿，现更新后出了stii 60tp 豹一 e100 ，现在还剩5.5亿，20号还得消耗一波技能书和配件，估计要4字头了,,https://tieba.baidu.com/p/6891252340?pid=134213360182&cid=0#134213360182
wot新经济体系及应对策略国服更新后，大家的感觉应该很明显，,28,gaineskane,未知,那些用金币车肉真或则挂机刷钱的根本不在意这，该怎么爽怎么爽，他们刷钱后钱都用在自己喜欢的车上打金弹了，比我们活的自在,,https://tieba.baidu.com/p/6891252340?pid=134213360182&cid=0#134213360182
wot新经济体系及应对策略国服更新后，大家的感觉应该很明显，,29,畿颥,未知,6000万 银币一条线 你是在打环么,,https://tieba.baidu.com/p/6891252340?pid=134213360182&cid=0#134213360182
玩新版火炮世界最大的感受，lt，mt，ht，玩家能坚持10年,1,快乐的雨人2,未知,玩新版火炮世界最大的感受，lt，mt，ht，玩家能坚持10年真是奇迹，这游戏不黄真的没天理了，现在这个游戏，火炮这种火力支援车，已经成了获胜的基石，所有的车都是为火炮打工的，二毛子你可以这么做，但是请不要把这个游戏叫坦克世界，因为坦克是这个作死游戏的配角，这个游戏应该叫火炮世界，或者叫天降正义,,https://tieba.baidu.com/p/6881484068?pid=134094376465&cid=0#134094376465
玩新版火炮世界最大的感受，lt，mt，ht，玩家能坚持10年,2,艾斓viking,未知,没感觉，感觉火炮其实蠢的很多，看那查炮三连发砸耗子的我就气不打一处来,,https://tieba.baidu.com/p/6881484068?pid=134094376465&cid=0#134094376465
玩新版火炮世界最大的感受，lt，mt，ht，玩家能坚持10年,3,亡魂之海,未知,这一看就是HE砍了之后才开始玩的玩家,,https://tieba.baidu.com/p/6881484068?pid=134094376465&cid=0#134094376465
玩新版火炮世界最大的感受，lt，mt，ht，玩家能坚持10年,4,HanZiGuNiang9,未知,"现在火炮就受不了了？
想当年火炮一发ap回车库的时候怕是没经历过",,https://tieba.baidu.com/p/6881484068?pid=134094376465&cid=0#134094376465
玩新版火炮世界最大的感受，lt，mt，ht，玩家能坚持10年,5,薇丝雪倪,未知,？，两边28门火炮的时代没经历过吗,,https://tieba.baidu.com/p/6881484068?pid=134094376465&cid=0#134094376465
玩新版火炮世界最大的感受，lt，mt，ht，玩家能坚持10年,6,么么哒我爱你中华,未知,我看谁谁灭点，不看谁谁亮点怎么破,,https://tieba.baidu.com/p/6881484068?pid=134094376465&cid=0#134094376465
玩新版火炮世界最大的感受，lt，mt，ht，玩家能坚持10年,7,风斩落虹,未知,老玩家对于现在的火炮没什么感觉，小伙子入坑晚怕是没见过真的火炮世界，以前火炮强势的时候一边能6-7台，天降正义，一发AP弹灌顶2000血以下直接带走，那时候卡点都颤颤巍巍的，跑得慢的就怕被炸,,https://tieba.baidu.com/p/6881484068?pid=134094376465&cid=0#134094376465
玩新版火炮世界最大的感受，lt，mt，ht，玩家能坚持10年,8,X金刚螂X,未知,看看你发的帖子，不是说不给用去草不玩了吗真正影响游戏环境的是哪些人⑧用我多说了⑧,,https://tieba.baidu.com/p/6881484068?pid=134094376465&cid=0#134094376465
玩新版火炮世界最大的感受，lt，mt，ht，玩家能坚持10年,9,坏坏的屁屁,未知,现在的火炮算球啊，以前打ap爆弹药架你不得跳楼,,https://tieba.baidu.com/p/6881484068?pid=134094376465&cid=0#134094376465
玩新版火炮世界最大的感受，lt，mt，ht，玩家能坚持10年,10,凌乱z咖啡,未知,火炮对胜率的影响还没一个HT作用大,,https://tieba.baidu.com/p/6881484068?pid=134094376465&cid=0#134094376465
玩新版火炮世界最大的感受，lt，mt，ht，玩家能坚持10年,11,青笙离人,未知,这个版本火炮HE伤害贼他妈好,,https://tieba.baidu.com/p/6881484068?pid=134094376465&cid=0#134094376465
玩新版火炮世界最大的感受，lt，mt，ht，玩家能坚持10年,12,卤豆腐好吃捏,未知,前排建议看楼主发的帖子，破坏游戏环境的是谁不用说了吧,,https://tieba.baidu.com/p/6881484068?pid=134094376465&cid=0#134094376465
玩新版火炮世界最大的感受，lt，mt，ht，玩家能坚持10年,13,丶九尾猫,未知,现在官方限制火炮数量 洒洒水啦 以前两边28门火炮 就一个鼠爷对-7的时代才是真的火炮世界 只是现在的火炮弹震有点恶心 但总比-2400强,,https://tieba.baidu.com/p/6881484068?pid=134094376465&cid=0#134094376465
玩新版火炮世界最大的感受，lt，mt，ht，玩家能坚持10年,14,水瓶,未知,缩圈世界血条世界,,https://tieba.baidu.com/p/6881484068?pid=134094376465&cid=0#134094376465
玩新版火炮世界最大的感受，lt，mt，ht，玩家能坚持10年,15,北约老虎会,未知,你也太好看火炮了，火炮要是真能左右战局那就好了。要说弄黄游戏那也是脚本➕外挂，还轮不到火炮，你在这里发这种无聊的帖子，除了能水点儿经验外也没别的了，人家游戏开发商不用贴吧。,,https://tieba.baidu.com/p/6881484068?pid=134094376465&cid=0#134094376465
玩新版火炮世界最大的感受，lt，mt，ht，玩家能坚持10年,16,,未知,"10级火炮场均2K都是高水平了，说明火炮是真没啥输出
但是弹震一来，不管啥水平统统变成**，所以不影响火炮飞",,https://tieba.baidu.com/p/6881484068?pid=134094376465&cid=0#134094376465
玩新版火炮世界最大的感受，lt，mt，ht，玩家能坚持10年,17,八月在宇,未知,当年Su-51一发入魂带走十级老鼠，这事我都干过两次就因为这我练了一条线火炮到261，到现在没出第二条，说实话261当时还没su51还用，哈哈，还有火炮当班长，或者去做眼车,,https://tieba.baidu.com/p/6881484068?pid=134094376465&cid=0#134094376465
玩新版火炮世界最大的感受，lt，mt，ht，玩家能坚持10年,18,野生撸炮手,未知,这就受不了了？你是没见过当年两方30人就两中坦的时代,,https://tieba.baidu.com/p/6881484068?pid=134094376465&cid=0#134094376465
玩新版火炮世界最大的感受，lt，mt，ht，玩家能坚持10年,19,果冻香蕉,未知,当年我启动慢了半拍，那个路口就再也过不去了。,,https://tieba.baidu.com/p/6881484068?pid=134094376465&cid=0#134094376465
玩新版火炮世界最大的感受，lt，mt，ht，玩家能坚持10年,20,zyy11s,未知,还我AP，让你们看看什么叫做天降正义,,https://tieba.baidu.com/p/6881484068?pid=134094376465&cid=0#134094376465
玩新版火炮世界最大的感受，lt，mt，ht，玩家能坚持10年,21,琅琊阁主梅长苏,未知,火炮不可怕，可怕的是三门，一下就秒一个,,https://tieba.baidu.com/p/6881484068?pid=134094376465&cid=0#134094376465
玩新版火炮世界最大的感受，lt，mt，ht，玩家能坚持10年,22,天国的502,未知,"你自己横向对比一下同级车，火炮跟其他ht
mt等哪个场均输出高",,https://tieba.baidu.com/p/6881484068?pid=134094376465&cid=0#134094376465
玩新版火炮世界最大的感受，lt，mt，ht，玩家能坚持10年,23,ccd191518583,未知,现在已经很好了，当年火炮还有ap弹，中一发就跟被4005打穿一样。现在各种眼车，火炮生存空间已经大不如前了，而且威力也小了。医疗箱还可以重复用,,https://tieba.baidu.com/p/6881484068?pid=134094376465&cid=0#134094376465
玩新版火炮世界最大的感受，lt，mt，ht，玩家能坚持10年,24,WaffenSSAce,未知,没有被92ap砸过？现在这火炮，简直挠痒痒,,https://tieba.baidu.com/p/6881484068?pid=134094376465&cid=0#134094376465
玩新版火炮世界最大的感受，lt，mt，ht，玩家能坚持10年,25,zb5920,未知,知道国服为啥火炮刺刀这么🐮🍺吗？那都是以前火炮世界里练出来的,,https://tieba.baidu.com/p/6881484068?pid=134094376465&cid=0#134094376465
玩新版火炮世界最大的感受，lt，mt，ht，玩家能坚持10年,26,喵影姐姐的卫北冠军侯,未知,被火炮炸了，打一个帕斯库奇或者杜米特鲁还是很爽的。,,https://tieba.baidu.com/p/6881484068?pid=134094376465&cid=0#134094376465
玩新版火炮世界最大的感受，lt，mt，ht，玩家能坚持10年,27,m209055,未知,我玩LT比较多，我就喜欢火炮，因为火炮可以给我稳定协助，不然经常点了没人打。,,https://tieba.baidu.com/p/6881484068?pid=134094376465&cid=0#134094376465
玩新版火炮世界最大的感受，lt，mt，ht，玩家能坚持10年,28,沂蒙山,未知,火炮虽然恶心人 但左右胜负还轮不到火炮,,https://tieba.baidu.com/p/6881484068?pid=134094376465&cid=0#134094376465
SC 摇杆购买简单介绍,1,南云归雁,未知,"看到有人不时询问SC摇杆购买，对于各种摇杆使用我本身接触也不是很多，只是对市面常见的一些摇杆，就本身使用后的体验，和某些没使用过，但听说到的情况简单介绍一下，方便不了解的人选购时做个参考。
我把摇杆按照价格分为3个档次，这3个档次中均不包含散太快产品，散太快在我心目中属于单独一个档次，不与其他摇杆并列，那就是：极不推荐档次，该档次会单独介绍。
入门级是最便宜，够用但有一定缺点，或者不耐用，或者功能不完善，或者二者兼具。当然我接触的摇杆较少，万一有价格又便宜，功能又多，又耐用的摇杆，您一定要告诉我，这种天上掉馅饼的好事我一定不能错过。
入门级：
TM 16K，大名鼎鼎的图马斯特16000m，无论如何，谈到入门摇杆产品，这都是绕不过去的一款产品。价格500多不到600。而当年最便宜的时候全新只有280（绿灯），现在换了橙色灯款式价格也多了一百多，降低了最佳入门产品的光环，毕竟价格才是入门级产品的杀手锏。
优点：这款产品精度非常高，当年刚出来时候以入门级产品，提供了比很多高端产品（特指散太快）都要高得多得精度性能，采用了类似猪杆的简化回中设计，手感方面比当年某些高端大气上档次产品（还是指散太快），高了不知道多少，高精度和出色的手感，是16k最具优势的地方。
缺点：杆头按键较少，不耐用。一般使用3月左右，回中会出现不能灭灯，也就是有框量了。另外扳机按键在长期使用后会损坏。z轴是电位器，使用一二年后也会经常损坏。
vkb 角斗士 599，由于售价为599，所以俗名叫做599。采用滑轨式回中设计，因此手感不比16k差，但中心回中无受力，没有16k那种明确的弹簧力，相比16k主要看个人使用习惯和接受度。
优点：精度也很高，足够各种飞行使用。相比16k更耐用一些，z轴采用了磁感，理论上不会有磨损。
缺点：较16k贵一些，按键较少，只能右手使用，不能左手用。
进阶级相比入门级提供了更多功能，同时避免了入门级的某些不耐用缺点，但随之而来的就是价格要比入门级更贵。
进阶级：
vkb 角斗士 SCG，进阶级目前只有一个产品选择，那就是vkb 新出的 角斗士 SCG，理论上散太快的x52 pro、x55、x56都属于不推荐产品，因此目前进阶级只有 vkb 角斗士 SCG 一个选择。价格是1088和1288，因此2个杆的总价是2200~2600之间。
优点：SCG 杆头提供了远比入门级多的按键和轴，耐用性好于16k，其他优点就没有。
缺点：价格是入门翻倍，本质上手感和入门级没有区别。
定制级是选择更加丰富的级别，当然价格也要比推荐级高出很多。多数摇杆默认无Z轴，有些产品Z轴需要单独购买，基本是300以上一个单独Z轴。
定制级：
猪杆：同16k是入门级绕不过的产品，猪杆在这个级别也是一个绕不过的产品。独特的回中设计和仿F16杆头，相比推荐级手感更加出色，按键手感也更加好。默认弹簧力较大，配合按键力也较大，很多人认为可以锻炼手臂力量。但这是产品设计特点，并不是缺点。另外不要听散太快造谣，猪杆塑料回中足够结实，没那么容易损坏，当然往地上摔确实很容易损坏，但相比散太快不往地上摔也容易损坏，这个就不是缺点了。另外如果你发现有比猪杆底座还便宜，性能又好，还摔不坏的产品，千万也介绍我买一个。猪杆属于大毛病没有，小毛病仔细挑也不少，但都不影响正常使用的产品。原价1800左右，现价涨了很多不知道多少钱。
优点：精度最高，价格便宜，对你没有看错，相比定制级其他产品价格是最便宜的，也就2000多吧。。。好吧这是个非常没卵用的优点，花2000多买一个摇杆的人，一般不介意在多花1000买更好的。另外金属F16杆头非常实惠，堪称物美价廉。
缺点：具有这个级别产品独一无二的塑料回中，底座静摩擦启动力较大，导致精细控制会稍差一点，这个稍差是相比其他介绍的产品，比散太快依然不知道强出多少。回中胶圈易损坏，虽然坏了也没关系。
vpc 星座：专为太空玩家设计的摇杆，或者说专为SC玩家设计的摇杆。二毛子倾力打造，左右手通用，还带滚轮和Z轴。该摇杆唯一值得称道的是底座，杆头是吐槽重点。价格2500左右。
优点：warBRD 底座是该摇杆的亮点，金属回中设计，坚固耐用。毕竟都用上全金属了，肯定要坚固耐用一些，当然你故意往地上摔依然会摔坏回中结构。兼容猪杆杆头。具有目前最大的底座行程角度。
缺点：星座杆头太巨大，不要说是为欧美人设计的，欧美人也在吐槽太大握不住。杆头内部质量不佳，做工五大三粗和散太快杆头有得一拼。
vkb GF：毛子倾多年摇杆经验打造的坑钱产品。全金属设计底座小巧精致，仿苏机杆头的mcg 具有目前最多的按键和轴。带有干离合设计，可以调节静摩擦力。还有各种滑轨支持，只要你掏钱，手感可以一样样尝试。属于目前独当一面的摇杆产品，价格在3000左右。
优点：灵活敏捷，开创式引入干离合静摩擦力调整，按键多功能更丰富。而且有kg12、scg、mcg以及猪杆头转接器可以选购，支持杆头是目前最多的产品。
缺点：mcg 按键很软容易误触，底座行程是所有摇杆中最小的。初期各种小设计毛病不断，现在质量稳定下来。
成都造：国产仿F18真机设计，底座杆头都是全金属。号称最耐用的底座，老板亲自表演飞踹杆头。当然这也是国内产品常见的噱头行为。价格2800左右。
优点：全金属设计，加重型耐用厚实底座设计，专为满足大力出奇迹玩家使用。产品售后不错，出了问题可以免费返厂修理，当然邮费是否自理就不清楚了。
缺点：铝合金杆头比较粗糙，杆头小按键容易损坏。无固定式接口线容易损坏或接触不良。滑轨调整需要一些技巧，不太适合新手调节。虽然主打耐用性，但目前看到小问题不断，耐用性堪忧，希望日后更加成熟。
珠海造：国产力回馈摇杆，配置F15 铝合金杆头。底座价格6700，杆头价格1000。太贵没用过，没啥好说的。
优点：力回馈底座，铝合金杆头。
缺点：很贵，其他不知道。
脚舵介绍：
vkb 脚舵：大名鼎鼎的vkb 缝纫机。全金属设计，采用脚舵界很罕见的踩踏式设计，而不是常见的蹬踏式设计，只有一个轴控制，结构小巧，精度高灵敏准确。价格1500。
优点：最适合空战的脚舵，灵敏准确反应快。以最便宜脚舵价格，提供最好的性能。
缺点：单轴设计，没有左右脚刹车轴。
MFG：克罗地亚产，复合材料设计，也就是胶合板。蹬踏式设计三轴脚舵。价格3000左右。
优点：准确。
缺点：没用过，不知道。
TPR：图马斯特 最好的脚舵。蹬踏式设计三轴脚舵。金属设计，含有一定塑料。目前市场上最好的量产脚舵。价格4000左右。
优点：准确。
缺点：没用过，不知道。
SLEW：波兰产，全金属纯钢板蹬踏式设计三轴脚舵。全由5毫米钢板构成，沉重结实，适合大力出奇迹用户。以上脚舵中唯一考虑到阻尼器安装，可以非常方便的安装阻尼器。价格 5000左右或以上（被税了的话）。
优点：准确，可以适配阻尼器。
缺点：产品生产周期长，从下单到收货往往要三个月甚至半年。
备注：
极度不推荐x52、x52pro、x55、x56等任何散太快产品。",,https://tieba.baidu.com/p/6731911928?pid=132644598957&cid=0#132644598957
SC 摇杆购买简单介绍,2,小沐团,未知,"好全,正好也想着搞一个.谢谢大佬的介绍",,https://tieba.baidu.com/p/6731911928?pid=132644598957&cid=0#132644598957
SC 摇杆购买简单介绍,3,莱柯瑞斯,未知,没准以后能参考了来飞战雷,,https://tieba.baidu.com/p/6731911928?pid=132644598957&cid=0#132644598957
SC 摇杆购买简单介绍,4,茶茶茶泡饭儿,未知,很受用 正好想买摇杆了 不过想问下为什么X56不推荐呀（之前很想买这款来的）,,https://tieba.baidu.com/p/6731911928?pid=132644598957&cid=0#132644598957
SC 摇杆购买简单介绍,5,魔龙拽根,未知,草，我就是X52，虽然因为技术太菜&买了不到一学期带回家被家里人没收吃灰还没体会到缺点（,,https://tieba.baidu.com/p/6731911928?pid=132644598957&cid=0#132644598957
SC 摇杆购买简单介绍,6,绝境星联,未知,居然用了这么多种 那么能问一下VKB有没有左右手通用的摇杆呢？之前聊了一下说是没有。,,https://tieba.baidu.com/p/6731911928?pid=132644598957&cid=0#132644598957
SC 摇杆购买简单介绍,7,n33311115555,未知,想要一个6DOF摇杆,,https://tieba.baidu.com/p/6731911928?pid=132644598957&cid=0#132644598957
SC 摇杆购买简单介绍,8,dfwill,未知,正好星座α明天到货,,https://tieba.baidu.com/p/6731911928?pid=132644598957&cid=0#132644598957
SC 摇杆购买简单介绍,9,prometheus_pz,未知,"SC不讲究拟真，一共加起来操作飞船就那么多按钮，买普通的单手杆子买2个就行了，注意啊，这个单手杆子需要支持左右手互换位置。脚跺意义也不大
飞飞行模拟的时候，尤其是旋翼机，脚跺的意义重大",,https://tieba.baidu.com/p/6731911928?pid=132644598957&cid=0#132644598957
SC 摇杆购买简单介绍,10,,未知,5年多来一直用T16000M，之前的绿版用了两年左右有些按键不行了，第二套配合推杆，现在时间长了黄灯也是经常亮，按键倒是还行。。。再考虑猪杆，但猪杆没Z轴，需要脚舵吧？感觉公民不需要脚舵，开战斗机才需要，楼主觉得猪杆适合公民不？,,https://tieba.baidu.com/p/6731911928?pid=132644598957&cid=0#132644598957
SC 摇杆购买简单介绍,11,南云归雁,未知,"摇杆的一些零碎介绍
现在摇杆按照回中主要有3种类型：弹簧摇杆、力回馈摇杆、力感应摇杆。
弹簧摇杆，顾名思义就是通过弹簧来提供回中力，主流摇杆大多数都采用弹簧设计。按照弹簧的安装方式，主要有：
传统弹簧式，这也是最早采用的弹簧安装方式，弹簧包在杆身下部，比如常见散太快x52、x56系列都是采用这种方式。这种方式手感比较差，但设计比较简单，早期很多摇杆采用这种方式，后来逐渐被其他弹簧方式取代。
下压弹簧式，图马斯特的专利设计，利用弹簧反向下压提供回中力，手感比传统弹簧方式好很多，16K、猪杆采用这种设计。
滑轨式，和真机结构相似，采用凸轮机械原理。手感好于传统弹簧。很多全金属底座采用这种方式，常见产品有vkb、vpc、成都造等
力回馈摇杆，采用电机控制xy轴，并根据游戏回馈，在各个轴上施加不同的反馈力道。手感要比弹簧和力感应更好。常见产品有微软FFB2、罗技G940，最新有珠海造。力回馈不是力震动，力震动只是无规则乱颤，力回馈是游戏里根据飞行模型计算出反馈力来输出到摇杆。但力回馈因为有电机反馈回来的力进行干扰，虽然飞行沉浸感绝佳，但射击瞄准上要比弹簧杆差一些。
力感应摇杆，通过施加在杆身的力量大小，而不是杆身行程幅度来控制xy轴。手感基本没有手感。常见产品有FSSB R3，以及散太快x65。力感应可以瞬间感受到力的变化，而没有推拉行程那一小段时间，因此极为灵活敏捷。但由于成本制造等原因，往往没有真机摇杆中心5度左右的微小行程，导致不受力既为瞬间回中状态，在机炮格斗时比较痛苦。当然也可以通过设置较大的感应力来解决，但这样整个飞行过程中始终要使用很大的力量来操作摇杆，会比较疲劳。
按照摇杆使用的传感器来看，主要有电位器、霍尔或磁感传感器、力感应传感器、光电传感器等几种。
电位器是常见的摇杆传感器，不过目前已经基本被主流摇杆淘汰。但有些产品在Z轴或油门轴还是采用电位器。电位器是一种耗材，缺点主要是使用中会磨损，长期放置不用也会产生老化，而且精度不高或者说精度高的会非常贵。
霍尔传感器，由于没有接触磨损，寿命要比电位器好很多很多，现在大多数主流摇杆都采用了无接触的传感器。常见在售产品绝大多数采用这种传感器。
光电传感器，微软ffb2采用光电传感器，这应该是当时使用了光电鼠标相关技术，利用当年光电鼠标生产量来大幅度分摊了生产成本。
力感应传感器，电子秤的原理，通过施加在杆身的力量大小，来判断杆子的移动幅度。
其中电位器是最差的，也是当年被深恶痛绝的传感器。霍尔是现在主流，相比电位器具有使用寿命长精度高等诸多优点。力感应目前在售只有FSSB R3底座一种产品，价格比较贵，非常灵活敏捷，是所有摇杆中操作最灵敏的摇杆，但由于中心无必要行程，往往不太适合拿来做机炮格斗使用。",,https://tieba.baidu.com/p/6731911928?pid=132644598957&cid=0#132644598957
SC 摇杆购买简单介绍,12,高达迷0096,未知,貌似从头到尾都没出现过罗技的……罗技的完全不行吗？,,https://tieba.baidu.com/p/6731911928?pid=132644598957&cid=0#132644598957
SC 摇杆购买简单介绍,13,绝境星联,未知,,,https://tieba.baidu.com/p/6731911928?pid=132644598957&cid=0#132644598957
SC 摇杆购买简单介绍,14,G___T,未知,准备留x56的油门换个右手杆了,,https://tieba.baidu.com/p/6731911928?pid=132644598957&cid=0#132644598957
SC 摇杆购买简单介绍,15,绝境星联,未知,,,https://tieba.baidu.com/p/6731911928?pid=132644598957&cid=0#132644598957
SC 摇杆购买简单介绍,16,ken5351905cc,未知,经验+3，没什好说的了，你都说完了,,https://tieba.baidu.com/p/6731911928?pid=132644598957&cid=0#132644598957
SC 摇杆购买简单介绍,17,prometheus_pz,未知,,,https://tieba.baidu.com/p/6731911928?pid=132644598957&cid=0#132644598957
SC 摇杆购买简单介绍,18,prometheus_pz,未知,这个杆子开自由枪骑兵不错,,https://tieba.baidu.com/p/6731911928?pid=132644598957&cid=0#132644598957
SC 摇杆购买简单介绍,19,鱼吧小号,未知,16000m和猪杆的回中结构是一样的？,,https://tieba.baidu.com/p/6731911928?pid=132644598957&cid=0#132644598957
SC 摇杆购买简单介绍,20,奥粉一个,未知,大佬599的vkb摇杆某宝买不到啊,,https://tieba.baidu.com/p/6731911928?pid=132644598957&cid=0#132644598957
SC 摇杆购买简单介绍,21,ken5351905cc,未知,"点击展开，查看完整图片

点击展开，查看完整图片",,https://tieba.baidu.com/p/6731911928?pid=132644598957&cid=0#132644598957
SC 摇杆购买简单介绍,22,贴吧用户_00eU1ae,未知,不知道VKB的GNX飞公民怎么样鸭，刚出的新品,,https://tieba.baidu.com/p/6731911928?pid=132644598957&cid=0#132644598957
SC 摇杆购买简单介绍,23,SC_DonnyJin,未知,摇杆吃灰公民路过此地,,https://tieba.baidu.com/p/6731911928?pid=132644598957&cid=0#132644598957
SC 摇杆购买简单介绍,24,zxl123,未知,说的真好 傻娜或者猎鹰脚舵呢,,https://tieba.baidu.com/p/6731911928?pid=132644598957&cid=0#132644598957
SC 摇杆购买简单介绍,25,Liyake699,未知,介绍一个手柄,,https://tieba.baidu.com/p/6731911928?pid=132644598957&cid=0#132644598957
为什么二雷的商场卖的比天猫便宜啊。大家不是说天猫的东西不给二,1,iceuncle,未知,为什么二雷的商场卖的比天猫便宜啊。大家不是说天猫的东西不给二毛子分成吗？天猫应该便宜才对啊。,,https://tieba.baidu.com/p/6489675907?pid=129948430091&cid=0#129948430091
为什么二雷的商场卖的比天猫便宜啊。大家不是说天猫的东西不给二,2,秋雨一子枫,未知,不分成的卖贵点收益大没毛病啊,,https://tieba.baidu.com/p/6489675907?pid=129948430091&cid=0#129948430091
为什么二雷的商场卖的比天猫便宜啊。大家不是说天猫的东西不给二,3,iceuncle,未知,"我没买哦。
据说回档了？
犹豫一下，感觉躲过一个坑",,https://tieba.baidu.com/p/6489675907?pid=129948430091&cid=0#129948430091
为什么二雷的商场卖的比天猫便宜啊。大家不是说天猫的东西不给二,4,skytimefight,未知,天猫不是天真的猫的意思。,,https://tieba.baidu.com/p/6489675907?pid=129948430091&cid=0#129948430091
为什么二雷的商场卖的比天猫便宜啊。大家不是说天猫的东西不给二,5,虎王虐袭杀,未知,* 还真是。。。,,https://tieba.baidu.com/p/6489675907?pid=129948430091&cid=0#129948430091
为什么二雷的商场卖的比天猫便宜啊。大家不是说天猫的东西不给二,6,我是你老子110,未知,那不是钱的事？怎么不更新啊，我听吧友们说有一部分原因是钱的原因，,,https://tieba.baidu.com/p/6489675907?pid=129948430091&cid=0#129948430091
为什么二雷的商场卖的比天猫便宜啊。大家不是说天猫的东西不给二,7,UnchainedWings,未知,不分成才卖得更贵,,https://tieba.baidu.com/p/6489675907?pid=129948430091&cid=0#129948430091
为什么二雷的商场卖的比天猫便宜啊。大家不是说天猫的东西不给二,8,帆風潤子,未知,没分，发货都是由发货服务器进行，这个数据毛子也是有的，就算现在毛子跟kdw冷战，玩家氪金也要从发货服务器才能发货，钱都是要过到毛子那边的,,https://tieba.baidu.com/p/6489675907?pid=129948430091&cid=0#129948430091
为什么二雷的商场卖的比天猫便宜啊。大家不是说天猫的东西不给二,9,老百姓要说实话,未知,老子转亚服了虽然讨厌没有一键去草，玩好几年的一键去草也不给二雷送药费，问我为什么?那我就说两句，看看人家wg给武汉捐款1000万，再看看你二雷用钱给自己买棺什么来着你们懂的。,,https://tieba.baidu.com/p/6489675907?pid=129948430091&cid=0#129948430091
为什么二雷的商场卖的比天猫便宜啊。大家不是说天猫的东西不给二,10,iceuncle,未知,你们说了那么半天是否更新。。。就不能说说为什么他在天猫卖的那么贵？ 我感觉你们都想负责了，其实就是kzw工资低，运营经验不足，导致2个商城的价格不一样。,,https://tieba.baidu.com/p/6489675907?pid=129948430091&cid=0#129948430091
为什么二雷的商场卖的比天猫便宜啊。大家不是说天猫的东西不给二,11,iceuncle,未知,"所以我觉得是运营的锅，大家把事情想复杂了。
侧面也说明公司运营混乱。定制的价格随意，且无人监管。",,https://tieba.baidu.com/p/6489675907?pid=129948430091&cid=0#129948430091
为什么二雷的商场卖的比天猫便宜啊。大家不是说天猫的东西不给二,12,弃坑wryy,未知,想买就买，就当给二雷送花圈呗,,https://tieba.baidu.com/p/6489675907?pid=129948430091&cid=0#129948430091
为什么二雷的商场卖的比天猫便宜啊。大家不是说天猫的东西不给二,13,648691174,未知,为什么，国服现在都什么样了，还给二雷药费？,,https://tieba.baidu.com/p/6489675907?pid=129948430091&cid=0#129948430091
为什么二雷的商场卖的比天猫便宜啊。大家不是说天猫的东西不给二,14,howcomelol,未知,很简单，天猫不分成，买贵些全部都是自己的;商城要分成就贱卖，这样毛子也分🉐,,https://tieba.baidu.com/p/6489675907?pid=129948430091&cid=0#129948430091
为什么二雷的商场卖的比天猫便宜啊。大家不是说天猫的东西不给二,15,金恩日,未知,因为他要让你觉得 你在商场买 你买到底价了 买了你就赚了,,https://tieba.baidu.com/p/6489675907?pid=129948430091&cid=0#129948430091
为什么二雷的商场卖的比天猫便宜啊。大家不是说天猫的东西不给二,16,栀寳,未知,,,https://tieba.baidu.com/p/6489675907?pid=129948430091&cid=0#129948430091
请问一下他是二毛子吗？,1,457591410yyyy,未知,请问一下他是二毛子吗？,,https://tieba.baidu.com/p/6187837075?pid=126476965094&cid=0#126476965094
请问一下他是二毛子吗？,2,457591410yyyy,未知,顶,,https://tieba.baidu.com/p/6187837075?pid=126476965094&cid=0#126476965094
请问一下他是二毛子吗？,3,战神黑背,未知,我这个好像是二毛子,,https://tieba.baidu.com/p/6187837075?pid=126476965094&cid=0#126476965094
请问一下他是二毛子吗？,4,457591410yyyy,未知,顶,,https://tieba.baidu.com/p/6187837075?pid=126476965094&cid=0#126476965094
请问一下他是二毛子吗？,5,457591410yyyy,未知,顶,,https://tieba.baidu.com/p/6187837075?pid=126476965094&cid=0#126476965094
我这只 是不是二毛子啊,1,贴吧用户_7E3U16t,未知,我这只 是不是二毛子啊,,https://tieba.baidu.com/p/6179542402?pid=126347618468&cid=0#126347618468
我这只 是不是二毛子啊,2,西瓜味的小胖子,未知,别的不知道，可爱是真的很可爱！,,https://tieba.baidu.com/p/6179542402?pid=126347618468&cid=0#126347618468
我这只 是不是二毛子啊,3,CSV—老鬼,未知,应该有其他血！,,https://tieba.baidu.com/p/6179542402?pid=126347618468&cid=0#126347618468
我这只 是不是二毛子啊,4,恩超happy,未知,黑熊精,,https://tieba.baidu.com/p/6179542402?pid=126347618468&cid=0#126347618468
我这只 是不是二毛子啊,5,爱福禧爱德牧,未知,是二毛，长大了挺好看,,https://tieba.baidu.com/p/6179542402?pid=126347618468&cid=0#126347618468
我这只 是不是二毛子啊,6,贴吧用户_5XZbaQe,未知,德牧和苏联红吕,,https://tieba.baidu.com/p/6179542402?pid=126347618468&cid=0#126347618468
他们说我这个是二毛子？,1,丑生一三九,未知,他们说我这个是二毛子？,,https://tieba.baidu.com/p/6164089174?pid=126113243216&cid=0#126113243216
他们说我这个是二毛子？,2,熊大,未知,要不然呢,,https://tieba.baidu.com/p/6164089174?pid=126113243216&cid=0#126113243216
他们说我这个是二毛子？,3,CSV—老鬼,未知,是二毛子！,,https://tieba.baidu.com/p/6164089174?pid=126113243216&cid=0#126113243216
他们说我这个是二毛子？,4,孟记烧鸡烧肉,未知,对比一下,,https://tieba.baidu.com/p/6164089174?pid=126113243216&cid=0#126113243216
他们说我这个是二毛子？,5,朝阳_印象,未知,二毛串子,,https://tieba.baidu.com/p/6164089174?pid=126113243216&cid=0#126113243216
他们说我这个是二毛子？,6,37度2的风,未知,是的,,https://tieba.baidu.com/p/6164089174?pid=126113243216&cid=0#126113243216
他们说我这个是二毛子？,7,瓶子is死神,未知,我家也是二毛子 就喜欢二毛子,,https://tieba.baidu.com/p/6164089174?pid=126113243216&cid=0#126113243216
他们说我这个是二毛子？,8,恩超happy,未知,对,,https://tieba.baidu.com/p/6164089174?pid=126113243216&cid=0#126113243216
他们说我这个是二毛子？,9,雷霆雷霆,未知,二毛子咋啦。我就喜欢长毛,,https://tieba.baidu.com/p/6164089174?pid=126113243216&cid=0#126113243216
他们说我这个是二毛子？,10,泰城爱犬者,未知,我的这条也是咋样啊？,,https://tieba.baidu.com/p/6164089174?pid=126113243216&cid=0#126113243216
他们说我这个是二毛子？,11,鸁天子,未知,好一条大尾巴狼,,https://tieba.baidu.com/p/6164089174?pid=126113243216&cid=0#126113243216
他们说我这个是二毛子？,12,沉默着歌咏,未知,二毛 返祖现象而已,,https://tieba.baidu.com/p/6164089174?pid=126113243216&cid=0#126113243216
我觉得9.22将来会成为经典,1,大梦谁知晓,未知,二毛子乱改游戏，稀烂的平衡，马上可能改的金币弹机制，轮式装甲车，spg进一步调整。都可能把养老玩家逼到9.22来怀旧,,https://tieba.baidu.com/p/6080202933?pid=124772073151&cid=0#124772073151
我觉得9.22将来会成为经典,2,O泡天使,未知,,,https://tieba.baidu.com/p/6080202933?pid=124772073151&cid=0#124772073151
我觉得9.22将来会成为经典,3,新之助,未知,金币弹要改什么机制？,,https://tieba.baidu.com/p/6080202933?pid=124772073151&cid=0#124772073151
我觉得9.22将来会成为经典,4,再熬夜我是,未知,,,https://tieba.baidu.com/p/6080202933?pid=124772073151&cid=0#124772073151
我觉得9.22将来会成为经典,5,联盟意志,未知,2684也不平衡啊,,https://tieba.baidu.com/p/6080202933?pid=124772073151&cid=0#124772073151
我觉得9.22将来会成为经典,6,这名字真长k,未知,,,https://tieba.baidu.com/p/6080202933?pid=124772073151&cid=0#124772073151
我觉得9.22将来会成为经典,7,不再遥远,未知,,,https://tieba.baidu.com/p/6080202933?pid=124772073151&cid=0#124772073151
我觉得9.22将来会成为经典,8,无需思念,未知,你说是那就是,,https://tieba.baidu.com/p/6080202933?pid=124772073151&cid=0#124772073151
我觉得9.22将来会成为经典,9,口嗨不是好習慣,未知,往往让人怀旧的就是经典，眼下9·22版不就是怀旧服吗。,,https://tieba.baidu.com/p/6080202933?pid=124772073151&cid=0#124772073151
我觉得9.22将来会成为经典,10,变异粽子,未知,"是的
--来自助手版贴吧客户端",,https://tieba.baidu.com/p/6080202933?pid=124772073151&cid=0#124772073151
我觉得9.22将来会成为经典,11,猪仔540,未知,如果把小车 的地图和删掉的地图放的10级车上 还有可玩性,,https://tieba.baidu.com/p/6080202933?pid=124772073151&cid=0#124772073151
我觉得9.22将来会成为经典,12,重葬地下,未知,我觉得现在最主要的问题是某些车过弱，根本拿不出手玩，这是一个游戏平衡上很严重的问题。所以国服和外服在我看来都一样。,,https://tieba.baidu.com/p/6080202933?pid=124772073151&cid=0#124772073151
我觉得9.22将来会成为经典,13,风回十六夜,未知,你说是那就是,,https://tieba.baidu.com/p/6080202933?pid=124772073151&cid=0#124772073151
我觉得9.22将来会成为经典,14,闻人翊悬,未知,我觉得不会，不管怎么样，人家版本一直可以更新，即便改动不好，他还有改变的机会，可以重复试错，9.22呢？既不能更新，也不能退后，就只能卡在那，大家都会腻,,https://tieba.baidu.com/p/6080202933?pid=124772073151&cid=0#124772073151
我觉得9.22将来会成为经典,15,塔木德,未知,打弱点的游戏，包围**花，一下变成了打金币弹游戏,,https://tieba.baidu.com/p/6080202933?pid=124772073151&cid=0#124772073151
我觉得9.22将来会成为经典,16,Fly坤哥灬,未知,是的 你说啥就是啥 以前国服还更的时候怎么没见过这种屁话呢？不更了 还要安慰自己 9.22是经典真好玩 可悲,,https://tieba.baidu.com/p/6080202933?pid=124772073151&cid=0#124772073151
我觉得9.22将来会成为经典,17,农用机7号,未知,是是是，9.22最平衡，其余版本都是渣，老玩家逼回来，抱歉我这个老玩家逼去最不平衡的魔法雷霆了，话说现在企鹅服排队时间明显短了，嗯嗯9.22最平衡，老玩家挤破头回归,,https://tieba.baidu.com/p/6080202933?pid=124772073151&cid=0#124772073151
我觉得9.22将来会成为经典,18,重装苏格拉底,未知,改动金币弹和砍火炮是多么正确的决定啊！轮式战车算LT的变种并不改变游戏。火炮算是什么？游戏一开始的错误而已。慢慢的退出舞台才是最正确的选择。为WG的平衡点赞,,https://tieba.baidu.com/p/6080202933?pid=124772073151&cid=0#124772073151
我觉得9.22将来会成为经典,19,靓仔赖斯,未知,更不更1.0我个人觉得没事，把删掉的地图全还回来，还是很不错的。,,https://tieba.baidu.com/p/6080202933?pid=124772073151&cid=0#124772073151
我觉得9.22将来会成为经典,20,钢铁混乱,未知,毕竟是苏系幻想乡,,https://tieba.baidu.com/p/6080202933?pid=124772073151&cid=0#124772073151
我觉得9.22将来会成为经典,21,rika,未知,行吧这波自我安慰,,https://tieba.baidu.com/p/6080202933?pid=124772073151&cid=0#124772073151
我觉得9.22将来会成为经典,22,P1ZZ4,未知,,,https://tieba.baidu.com/p/6080202933?pid=124772073151&cid=0#124772073151
我觉得9.22将来会成为经典,23,尼玛花圈,未知,哎呀酸死了,,https://tieba.baidu.com/p/6080202933?pid=124772073151&cid=0#124772073151
我觉得9.22将来会成为经典,24,伟大的联盟,未知,看了看楼上这帮秀智商的货，又一次感觉到 有他们在外服也好不到哪去还是去玩战争雷霆吧,,https://tieba.baidu.com/p/6080202933?pid=124772073151&cid=0#124772073151
我觉得9.22将来会成为经典,25,王道先輩,未知,对于1.0已经由期盼转成了怨念，如今又变成了错觉LZ小心得精神分裂症啊精分的一大典型症状就是脑中不断有个声音告诉你去做某事现在你的脑中有个声音告诉你9.22会成经典,,https://tieba.baidu.com/p/6080202933?pid=124772073151&cid=0#124772073151
我觉得9.22将来会成为经典,26,lovefrankfan,未知,且行且珍惜,,https://tieba.baidu.com/p/6080202933?pid=124772073151&cid=0#124772073151
我觉得9.22将来会成为经典,27,梦云残心,未知,金币蛋改革9级最大赢家百夫长7反正老子穿深高，你们再也不能随便穿老子脸了,,https://tieba.baidu.com/p/6080202933?pid=124772073151&cid=0#124772073151
我觉得9.22将来会成为经典,28,风华绝代骨头哥,未知,吃屎吃的上瘾了，忘了肉是什么味道了。,,https://tieba.baidu.com/p/6080202933?pid=124772073151&cid=0#124772073151
我觉得9.22将来会成为经典,29,双刀道具流,未知,要是能自选版本号的话我还是自愿选择9.22，然而这和二雷不更新强迫我们玩9.22是两码事。。。,,https://tieba.baidu.com/p/6080202933?pid=124772073151&cid=0#124772073151
如果北极光有二毛子波兰人4A工作室的精神的话？,1,lihuamars,未知,如果北极光有二毛子波兰人4A工作室的精神的话？,,https://tieba.baidu.com/p/6054573008?pid=124396791768&cid=0#124396791768
如果北极光有二毛子波兰人4A工作室的精神的话？,2,刁钻一1,未知,玩家电脑要是够好。北极光还真做的出来！,,https://tieba.baidu.com/p/6054573008?pid=124396791768&cid=0#124396791768
如果北极光有二毛子波兰人4A工作室的精神的话？,3,Roco-,未知,BB姬的文章,,https://tieba.baidu.com/p/6054573008?pid=124396791768&cid=0#124396791768
如果北极光有二毛子波兰人4A工作室的精神的话？,4,II路西法III,未知,a社做无限法则的只有60人,,https://tieba.baidu.com/p/6054573008?pid=124396791768&cid=0#124396791768
如果北极光有二毛子波兰人4A工作室的精神的话？,5,吾名鸿钧,未知,如果你要是给北极光7亿人民币的开发资金 别的不说画质绝对顶级 玩法也会比现有的更好,,https://tieba.baidu.com/p/6054573008?pid=124396791768&cid=0#124396791768
如果北极光有二毛子波兰人4A工作室的精神的话？,6,鲤鱼跳龙门816,未知,A社不管是人力物力财力技术都不行！欣赏的是A社对玩家的反馈很好！但游戏设计技术不太行跟国际水平相差不少！就像读书没读好去补知识累的要命，程序员BUG多到可以称BUG王了，美术组色调卡通写实审美搞不清，还用国内杀马特亮瞎眼网页手游那种风格设计！可以看看国际3A的宣传画是怎么样的，人家都是照片写实级！策划想的东西一定要比别人想不到的多，玩的国际3A作品FPS游戏要数不胜数，吸收人家的设计结合自己的想法加到自己作品上为我所用，要不然也不会这么多玩家题建议了！,,https://tieba.baidu.com/p/6054573008?pid=124396791768&cid=0#124396791768
如果北极光有二毛子波兰人4A工作室的精神的话？,7,大马路,未知,能确保自己的更新没bug都烧高香了,,https://tieba.baidu.com/p/6054573008?pid=124396791768&cid=0#124396791768
如果北极光有二毛子波兰人4A工作室的精神的话？,8,生命ACCEL,未知,你要钱给到位能有啥事,,https://tieba.baidu.com/p/6054573008?pid=124396791768&cid=0#124396791768
如果北极光有二毛子波兰人4A工作室的精神的话？,9,天涯明月刀,未知,你拿三a单机大作比网络游戏？你告诉我哪个网络游戏比的了三a大作的画质？网络游戏按照这个标准做，你没个两千的显卡能玩？,,https://tieba.baidu.com/p/6054573008?pid=124396791768&cid=0#124396791768
如果北极光有二毛子波兰人4A工作室的精神的话？,10,琪花玉树丶,未知,赚钱倒是没落下，别的不说，这游戏我资瓷了光头千把，够买俩3A了吧，更别说那些还在疯狂抽奖的土豪了,,https://tieba.baidu.com/p/6054573008?pid=124396791768&cid=0#124396791768
如果北极光有二毛子波兰人4A工作室的精神的话？,11,南宫挽阳,未知,这出的皮肤我连抽的心情都没有,,https://tieba.baidu.com/p/6054573008?pid=124396791768&cid=0#124396791768
如果北极光有二毛子波兰人4A工作室的精神的话？,12,尹游君,未知,今日份的奇人共赏？？,,https://tieba.baidu.com/p/6054573008?pid=124396791768&cid=0#124396791768
如果北极光有二毛子波兰人4A工作室的精神的话？,13,贴吧用户_0XVMK7K,未知,北极光算不错了，基本一个星期最少3次更新,,https://tieba.baidu.com/p/6054573008?pid=124396791768&cid=0#124396791768
二毛子要出这车打履带无效吧,1,无名雪绒花,未知,,,https://tieba.baidu.com/p/5924871334?pid=122563248235&cid=0#122563248235
二毛子要出这车打履带无效吧,2,无名雪绒花,未知,,,https://tieba.baidu.com/p/5924871334?pid=122563248235&cid=0#122563248235
二毛子要出这车打履带无效吧,3,无名雪绒花,未知,,,https://tieba.baidu.com/p/5924871334?pid=122563248235&cid=0#122563248235
二毛子要出这车打履带无效吧,4,无名雪绒花,未知,,,https://tieba.baidu.com/p/5924871334?pid=122563248235&cid=0#122563248235
二毛子要出这车打履带无效吧,5,无名雪绒花,未知,,,https://tieba.baidu.com/p/5924871334?pid=122563248235&cid=0#122563248235
二毛子要出这车打履带无效吧,6,无名雪绒花,未知,,,https://tieba.baidu.com/p/5924871334?pid=122563248235&cid=0#122563248235
二毛子要出这车打履带无效吧,7,无名雪绒花,未知,,,https://tieba.baidu.com/p/5924871334?pid=122563248235&cid=0#122563248235
二毛子要出这车打履带无效吧,8,无名雪绒花,未知,,,https://tieba.baidu.com/p/5924871334?pid=122563248235&cid=0#122563248235
二毛子要出这车打履带无效吧,9,还要烤土豆,未知,这车就叫超级孤儿者吧,,https://tieba.baidu.com/p/5924871334?pid=122563248235&cid=0#122563248235
二毛子要出这车打履带无效吧,10,sickle109,未知,t95刚出的时候很多人也这么想的,,https://tieba.baidu.com/p/5924871334?pid=122563248235&cid=0#122563248235
二毛子要出这车打履带无效吧,11,超凶,未知,这车毛子不是没出吗？,,https://tieba.baidu.com/p/5924871334?pid=122563248235&cid=0#122563248235
二毛子要出这车打履带无效吧,12,丿桃花扇丶,未知,这种车乘员腿放哪？砍了吗？,,https://tieba.baidu.com/p/5924871334?pid=122563248235&cid=0#122563248235
二毛子要出这车打履带无效吧,13,Maus,未知,无敌车孤儿车 追着2684打,,https://tieba.baidu.com/p/5924871334?pid=122563248235&cid=0#122563248235
二毛子要出这车打履带无效吧,14,希冀i,未知,不是应该反过来，增加了断腿的几率吗？难道打坏了一个履带不要了？,,https://tieba.baidu.com/p/5924871334?pid=122563248235&cid=0#122563248235
二毛子要出这车打履带无效吧,15,柯尔特双雄,未知,不是说出的不是这辆吗,,https://tieba.baidu.com/p/5924871334?pid=122563248235&cid=0#122563248235
二毛子要出这车打履带无效吧,16,143_l,未知,不掉血，参考907,,https://tieba.baidu.com/p/5924871334?pid=122563248235&cid=0#122563248235
二毛子要出这车打履带无效吧,17,美穗的4号D,未知,造谣？！找打,,https://tieba.baidu.com/p/5924871334?pid=122563248235&cid=0#122563248235
二毛子要出这车打履带无效吧,18,DNLMEI,未知,打两边可断履，打中间减速，这样比较合理,,https://tieba.baidu.com/p/5924871334?pid=122563248235&cid=0#122563248235
二毛子要出这车打履带无效吧,19,跨过星辰大海,未知,t95一样断一个就瞎,,https://tieba.baidu.com/p/5924871334?pid=122563248235&cid=0#122563248235
二毛子要出这车打履带无效吧,20,INUYASHA大人,未知,183、4005、肥宅：无效？什么无效？,,https://tieba.baidu.com/p/5924871334?pid=122563248235&cid=0#122563248235
二毛子要出这车打履带无效吧,21,as1123550144,未知,然而这车弱点是首上,,https://tieba.baidu.com/p/5924871334?pid=122563248235&cid=0#122563248235
二毛子要出这车打履带无效吧,22,洛林40t,未知,"打履带不会掉血了
一九三九年哪，汉斯就进了波兰。
占领了但泽港，英法又都不管。
闪电战就打到波兹南啊唉嗨呦。
汉斯就放大炮，波兰人就拉大栓，
瞄了一个准，哎！打死个倒霉蛋，
他两腿儿一伸就见了西天哪唉嗨呦。",,https://tieba.baidu.com/p/5924871334?pid=122563248235&cid=0#122563248235
二毛子要出这车打履带无效吧,23,一般通过BB素材,未知,看直播首上不坚挺，也不能摆角度，俯角难受,,https://tieba.baidu.com/p/5924871334?pid=122563248235&cid=0#122563248235
二毛子要出这车打履带无效吧,24,POLOXU2008,未知,这个货和屎壳郎长的挺像啊,,https://tieba.baidu.com/p/5924871334?pid=122563248235&cid=0#122563248235
二毛子要出这车打履带无效吧,25,小可爱老九,未知,HE面前角度无效,,https://tieba.baidu.com/p/5924871334?pid=122563248235&cid=0#122563248235
二毛子要出这车打履带无效吧,26,拿铁遇上蓝山,未知,这车比260难拿多了……亚服已经开了这个个人任务活动……,,https://tieba.baidu.com/p/5924871334?pid=122563248235&cid=0#122563248235
二毛子要出这车打履带无效吧,27,南鸵鸟-,未知,别搞混了 第二组个人任务奖励是279early 这个是279 不是一辆车,,https://tieba.baidu.com/p/5924871334?pid=122563248235&cid=0#122563248235
二毛子要出这车打履带无效吧,28,疯狂的芥末豆,未知,这车除了履带随便穿，你说怎么样。。。,,https://tieba.baidu.com/p/5924871334?pid=122563248235&cid=0#122563248235
二毛子要出这车打履带无效吧,29,御林铁卫阿斯坦,未知,名副其实卖履带,,https://tieba.baidu.com/p/5924871334?pid=122563248235&cid=0#122563248235
二毛子要出这车打履带无效吧,30,E悠哉悠哉,未知,重坦版907,,https://tieba.baidu.com/p/5924871334?pid=122563248235&cid=0#122563248235
现在金币车是不是性能好过银币车了？,1,无名雪绒花,未知,二毛子初衷好像变了,,https://tieba.baidu.com/p/5915406128?pid=122447951467&cid=0#122447951467
现在金币车是不是性能好过银币车了？,2,无名雪绒花,未知,点击展开，查看完整图片,,https://tieba.baidu.com/p/5915406128?pid=122447951467&cid=0#122447951467
现在金币车是不是性能好过银币车了？,3,无名雪绒花,未知,,,https://tieba.baidu.com/p/5915406128?pid=122447951467&cid=0#122447951467
现在金币车是不是性能好过银币车了？,4,无名雪绒花,未知,,,https://tieba.baidu.com/p/5915406128?pid=122447951467&cid=0#122447951467
现在金币车是不是性能好过银币车了？,5,无名雪绒花,未知,,,https://tieba.baidu.com/p/5915406128?pid=122447951467&cid=0#122447951467
现在金币车是不是性能好过银币车了？,6,无名雪绒花,未知,,,https://tieba.baidu.com/p/5915406128?pid=122447951467&cid=0#122447951467
现在金币车是不是性能好过银币车了？,7,无名雪绒花,未知,,,https://tieba.baidu.com/p/5915406128?pid=122447951467&cid=0#122447951467
现在金币车是不是性能好过银币车了？,8,无名雪绒花,未知,,,https://tieba.baidu.com/p/5915406128?pid=122447951467&cid=0#122447951467
现在金币车是不是性能好过银币车了？,9,Die_Reis,未知,是,,https://tieba.baidu.com/p/5915406128?pid=122447951467&cid=0#122447951467
现在金币车是不是性能好过银币车了？,10,青梅伴浊酒,未知,"如果移除金币弹 这个榜单 会变成另外一个样子 你信吗~
所以说，金币弹毁了这个游戏！",,https://tieba.baidu.com/p/5915406128?pid=122447951467&cid=0#122447951467
现在金币车是不是性能好过银币车了？,11,V4OO5,未知,268 v为什么垃圾啊，感觉比268强势啊,,https://tieba.baidu.com/p/5915406128?pid=122447951467&cid=0#122447951467
现在金币车是不是性能好过银币车了？,12,闻人翊悬,未知,这榜单好多感觉都不准,,https://tieba.baidu.com/p/5915406128?pid=122447951467&cid=0#122447951467
现在金币车是不是性能好过银币车了？,13,黄金矿工抓猪侠,未知,爱SM和请排队看笑了,,https://tieba.baidu.com/p/5915406128?pid=122447951467&cid=0#122447951467
现在金币车是不是性能好过银币车了？,14,zakuiif2,未知,狮子要比kv5优秀太多了好吗…感觉kv5不如金面包,,https://tieba.baidu.com/p/5915406128?pid=122447951467&cid=0#122447951467
现在金币车是不是性能好过银币车了？,15,,未知,我看到T44优秀了,,https://tieba.baidu.com/p/5915406128?pid=122447951467&cid=0#122447951467
现在金币车是不是性能好过银币车了？,16,凋蕶夣境,未知,看见卡那封八级银币重坦第一了吗？？谁还说沙丘三坑呢,,https://tieba.baidu.com/p/5915406128?pid=122447951467&cid=0#122447951467
现在金币车是不是性能好过银币车了？,17,打蘑菇,未知,str s1找不到哎,,https://tieba.baidu.com/p/5915406128?pid=122447951467&cid=0#122447951467
现在金币车是不是性能好过银币车了？,18,无节操七号,未知,退休教师、爱SM、哦吼、请排队、焚烧炉、起重机、天猫、爱国者、自由看得笑死。。,,https://tieba.baidu.com/p/5915406128?pid=122447951467&cid=0#122447951467
现在金币车是不是性能好过银币车了？,19,次麻婆豆腐,未知,,,https://tieba.baidu.com/p/5915406128?pid=122447951467&cid=0#122447951467
现在金币车是不是性能好过银币车了？,20,Lec1erc,未知,不是“现在”，而是至少三年前起。,,https://tieba.baidu.com/p/5915406128?pid=122447951467&cid=0#122447951467
现在金币车是不是性能好过银币车了？,21,泥头式,未知,感觉8级120很强啊 有时候甚至比4重硬,,https://tieba.baidu.com/p/5915406128?pid=122447951467&cid=0#122447951467
现在金币车是不是性能好过银币车了？,22,中二病六花酱丶,未知,想问一下楼主。本人以前很早玩坦克了，相隔2年昨天才回归。很多都变了，出了好多不熟悉的坦克。263也改了，想问一下2684的改版状况！,,https://tieba.baidu.com/p/5915406128?pid=122447951467&cid=0#122447951467
现在金币车是不是性能好过银币车了？,23,玛雅诺TopGun,未知,早就是了,,https://tieba.baidu.com/p/5915406128?pid=122447951467&cid=0#122447951467
现在金币车是不是性能好过银币车了？,24,Darth_Solidus,未知,"早就变的成了花钱就能赢，金币车领先银币车了。
举个例子，前几天送的克莱斯勒K，刚出的时候在外服都炸锅了，在外服没300穿的环境里横着走，被骂成什么了。",,https://tieba.baidu.com/p/5915406128?pid=122447951467&cid=0#122447951467
现在金币车是不是性能好过银币车了？,25,爱玩的潇潇,未知,这些不准的,,https://tieba.baidu.com/p/5915406128?pid=122447951467&cid=0#122447951467
现在金币车是不是性能好过银币车了？,26,晴朗如岁月,未知,su101这么强的车只是普通吗,,https://tieba.baidu.com/p/5915406128?pid=122447951467&cid=0#122447951467
现在金币车是不是性能好过银币车了？,27,兆艾兆查,未知,轻坦132能上榜不信。机动垃圾，车体又大。,,https://tieba.baidu.com/p/5915406128?pid=122447951467&cid=0#122447951467
现在金币车是不是性能好过银币车了？,28,海航F14,未知,最近感觉征服者正在变强，不过之前玩卡那封一直硬不起来,,https://tieba.baidu.com/p/5915406128?pid=122447951467&cid=0#122447951467
二毛子打算在1.0版本加入13电车头,1,一醉萧瑟,未知,二毛子打算在1.0版本加入13电车头,,https://tieba.baidu.com/p/5889702645?pid=122109485218&cid=0#122109485218
二毛子打算在1.0版本加入13电车头,2,FfFFFfFfFf,未知,,,https://tieba.baidu.com/p/5889702645?pid=122109485218&cid=0#122109485218
二毛子打算在1.0版本加入13电车头,3,壮士去不返,未知,"顺便发个自己仿做的暴怒
没有俯角。。。话说把别人铲起来后因为准星问题打不到人怎么解决",,https://tieba.baidu.com/p/5889702645?pid=122109485218&cid=0#122109485218
二毛子打算在1.0版本加入13电车头,4,吔个包先啦,未知,,,https://tieba.baidu.com/p/5889702645?pid=122109485218&cid=0#122109485218
二毛子打算在1.0版本加入13电车头,5,骑士游,未知,你怎么知道的,,https://tieba.baidu.com/p/5889702645?pid=122109485218&cid=0#122109485218
二毛子打算在1.0版本加入13电车头,6,春江花月夜,未知,"那325就能带功能组件了
双曼陀罗也能带功能组件了",,https://tieba.baidu.com/p/5889702645?pid=122109485218&cid=0#122109485218
二毛子打算在1.0版本加入13电车头,7,雪音克利絲,未知,狼人:哦?,,https://tieba.baidu.com/p/5889702645?pid=122109485218&cid=0#122109485218
二毛子打算在1.0版本加入13电车头,8,回收旧冰箱电视,未知,造谣封号,,https://tieba.baidu.com/p/5889702645?pid=122109485218&cid=0#122109485218
二毛子打算在1.0版本加入13电车头,9,傻咸肉,未知,大二双曼陀罗?,,https://tieba.baidu.com/p/5889702645?pid=122109485218&cid=0#122109485218
二毛子打算在1.0版本加入13电车头,10,这名字醉了666,未知,三八八隐身大二？快车终结v8宙斯隐身？六紫散落锤？三蟋蟀暴君隐身？宙斯盾双紫散四转轮？新增太多玩法了,,https://tieba.baidu.com/p/5889702645?pid=122109485218&cid=0#122109485218
二毛子打算在1.0版本加入13电车头,11,有猫DOS生死薄,未知,"14矛：终于有电雷达啦~
4推：矛终于上两位数啦~飓风终于有隐身啦~
落锤：V8换改引后终于能上卡普砍啦~
悬浮388：终于有暴君又有隐身啦~
······
结尾——腿双终结：终于有大2/飞机啦~",,https://tieba.baidu.com/p/5889702645?pid=122109485218&cid=0#122109485218
二毛子打算在1.0版本加入13电车头,12,谌燐空许,未知,,,https://tieba.baidu.com/p/5889702645?pid=122109485218&cid=0#122109485218
二毛子打算在1.0版本加入13电车头,13,口合口合口合,未知,加个火车车头如何,,https://tieba.baidu.com/p/5889702645?pid=122109485218&cid=0#122109485218
二毛子打算在1.0版本加入13电车头,14,零号ZERO型,未知,按照毛子的设定那估计是传奇重型车头了,,https://tieba.baidu.com/p/5889702645?pid=122109485218&cid=0#122109485218
二毛子打算在1.0版本加入13电车头,15,,未知,毛子打算在2.0版本加入14电车头,,https://tieba.baidu.com/p/5889702645?pid=122109485218&cid=0#122109485218
二毛子打算在1.0版本加入13电车头,16,舞色潘朵拉,未知,毛子打算在2.1版本加入需要耗废13电的车头,,https://tieba.baidu.com/p/5889702645?pid=122109485218&cid=0#122109485218
二毛子打算在1.0版本加入13电车头,17,史莱姆雨,未知,宙斯盾恐成最大赢家,,https://tieba.baidu.com/p/5889702645?pid=122109485218&cid=0#122109485218
二毛子打算在1.0版本加入13电车头,18,明镜公园之音,未知,毛子打算在3.0版本加入0电遗迹武器,,https://tieba.baidu.com/p/5889702645?pid=122109485218&cid=0#122109485218
二毛子打算在1.0版本加入13电车头,19,血统赛片,未知,不存在的 9.22怀旧服好好呆着吧,,https://tieba.baidu.com/p/5889702645?pid=122109485218&cid=0#122109485218
二毛子打算在1.0版本加入13电车头,20,仙土沧桑,未知,众所周知，0.9版本结束后是0.10版本 然后是0.11版详见某沙盒像素游戏,,https://tieba.baidu.com/p/5889702645?pid=122109485218&cid=0#122109485218
二毛子打算在1.0版本加入13电车头,21,雷霆皮皮丸,未知,四电武器可以四件加配件引擎了,,https://tieba.baidu.com/p/5889702645?pid=122109485218&cid=0#122109485218
二毛子打算在1.0版本加入13电车头,22,全视之眼,未知,"鼠式车头，载重20000自重8000,血量1000",,https://tieba.baidu.com/p/5889702645?pid=122109485218&cid=0#122109485218
二毛子打算在1.0版本加入13电车头,23,🌭人,未知,借楼收号,,https://tieba.baidu.com/p/5889702645?pid=122109485218&cid=0#122109485218
二毛子打算在1.0版本加入13电车头,24,LSZ_SX,未知,隐身4黄蜂,,https://tieba.baidu.com/p/5889702645?pid=122109485218&cid=0#122109485218
二毛子议会又打起来了,1,印度街道办,未知,,,https://tieba.baidu.com/p/5820049129?pid=121194364056&cid=0#121194364056
二毛子议会又打起来了,2,依稀扣心,未知,有利益冲突呗,,https://tieba.baidu.com/p/5820049129?pid=121194364056&cid=0#121194364056
二毛子议会又打起来了,3,vicii,未知,乌克兰人均gdp和印度差不多了,,https://tieba.baidu.com/p/5820049129?pid=121194364056&cid=0#121194364056
二毛子议会又打起来了,4,小叽的天然呆,未知,二毛应该向美国学习，不和决斗，财政打死副总统或者向英国学习，国会直接俩边拔刀厮杀最后英国规定开会必须距离多远，不能拔刀,,https://tieba.baidu.com/p/5820049129?pid=121194364056&cid=0#121194364056
二毛子议会又打起来了,5,天轮回,未知,民猪了解一下,,https://tieba.baidu.com/p/5820049129?pid=121194364056&cid=0#121194364056
二毛子议会又打起来了,6,prcoun,未知,亲美和亲俄直接闹翻？,,https://tieba.baidu.com/p/5820049129?pid=121194364056&cid=0#121194364056
二毛子议会又打起来了,7,好事居,未知,这个跟台湾一样，都是表演给人民看的。休息时间双方好的不得了,,https://tieba.baidu.com/p/5820049129?pid=121194364056&cid=0#121194364056
二毛子议会又打起来了,8,小七实,未知,,,https://tieba.baidu.com/p/5820049129?pid=121194364056&cid=0#121194364056
二毛子议会又打起来了,9,恒河河神,未知,二毛不是基本上什么都卖了吗？还有什么好争的,,https://tieba.baidu.com/p/5820049129?pid=121194364056&cid=0#121194364056
二毛子议会又打起来了,10,米妤1100,未知,,,https://tieba.baidu.com/p/5820049129?pid=121194364056&cid=0#121194364056
二毛子议会又打起来了,11,路易二十四爷,未知,文斗不行就武斗,,https://tieba.baidu.com/p/5820049129?pid=121194364056&cid=0#121194364056
二毛子议会又打起来了,12,恋爱多点点,未知,这不是明珠的日常吗,,https://tieba.baidu.com/p/5820049129?pid=121194364056&cid=0#121194364056
二毛子议会又打起来了,13,龙脉花椒,未知,隔壁白鹅和二毛也差太多了,,https://tieba.baidu.com/p/5820049129?pid=121194364056&cid=0#121194364056
有喜欢二毛子的朋友没？一起交流下,1,跑跑卡丁狗,未知,有喜欢二毛子的朋友没？一起交流下,,https://tieba.baidu.com/p/5584772065?pid=118565872120&cid=0#118565872120
有喜欢二毛子的朋友没？一起交流下,2,阳光拉布拉多,未知,漂亮,,https://tieba.baidu.com/p/5584772065?pid=118565872120&cid=0#118565872120
有喜欢二毛子的朋友没？一起交流下,3,小狐狸妈,未知,喜欢 长大一定漂亮,,https://tieba.baidu.com/p/5584772065?pid=118565872120&cid=0#118565872120
有喜欢二毛子的朋友没？一起交流下,4,铁山乡上曹村,未知,毛子长大好看啊！,,https://tieba.baidu.com/p/5584772065?pid=118565872120&cid=0#118565872120
有喜欢二毛子的朋友没？一起交流下,5,哲574,未知,看看我这个怎么样,,https://tieba.baidu.com/p/5584772065?pid=118565872120&cid=0#118565872120
有喜欢二毛子的朋友没？一起交流下,6,辞鏡,未知,哈士德,,https://tieba.baidu.com/p/5584772065?pid=118565872120&cid=0#118565872120
有喜欢二毛子的朋友没？一起交流下,7,jinzhoumianhua,未知,好狗,,https://tieba.baidu.com/p/5584772065?pid=118565872120&cid=0#118565872120
有喜欢二毛子的朋友没？一起交流下,8,雷子,未知,这毛子很好额,,https://tieba.baidu.com/p/5584772065?pid=118565872120&cid=0#118565872120
有喜欢二毛子的朋友没？一起交流下,9,Iiiiiiiii,未知,顶,,https://tieba.baidu.com/p/5584772065?pid=118565872120&cid=0#118565872120
有喜欢二毛子的朋友没？一起交流下,10,,未知,,,https://tieba.baidu.com/p/5584772065?pid=118565872120&cid=0#118565872120
有喜欢二毛子的朋友没？一起交流下,11,问道中南123,未知,"我家的

点击展开，查看完整图片",,https://tieba.baidu.com/p/5584772065?pid=118565872120&cid=0#118565872120
有喜欢二毛子的朋友没？一起交流下,12,问道中南123,未知,这是她爸爸,,https://tieba.baidu.com/p/5584772065?pid=118565872120&cid=0#118565872120
有喜欢二毛子的朋友没？一起交流下,13,萍帆快乐,未知,漂亮！顶,,https://tieba.baidu.com/p/5584772065?pid=118565872120&cid=0#118565872120
有喜欢二毛子的朋友没？一起交流下,14,最爱练一头,未知,2年半了,,https://tieba.baidu.com/p/5584772065?pid=118565872120&cid=0#118565872120
有喜欢二毛子的朋友没？一起交流下,15,郭晨哲帆1,未知,喜欢家里就有，长大漂亮是真的,,https://tieba.baidu.com/p/5584772065?pid=118565872120&cid=0#118565872120
有喜欢二毛子的朋友没？一起交流下,16,问道中南123,未知,楼主哪里人呀,,https://tieba.baidu.com/p/5584772065?pid=118565872120&cid=0#118565872120
有喜欢二毛子的朋友没？一起交流下,17,低调做人长久,未知,和我家那个长得非常像！几乎完全一样！,,https://tieba.baidu.com/p/5584772065?pid=118565872120&cid=0#118565872120
有喜欢二毛子的朋友没？一起交流下,18,王乃成2015,未知,我这二毛咋样？,,https://tieba.baidu.com/p/5584772065?pid=118565872120&cid=0#118565872120
有喜欢二毛子的朋友没？一起交流下,19,保证帅,未知,你是不是盗我图,,https://tieba.baidu.com/p/5584772065?pid=118565872120&cid=0#118565872120
有喜欢二毛子的朋友没？一起交流下,20,五聚山人,未知,,,https://tieba.baidu.com/p/5584772065?pid=118565872120&cid=0#118565872120
有喜欢二毛子的朋友没？一起交流下,21,张大译哟,未知,想养个二毛子，但是怕毛难打理……,,https://tieba.baidu.com/p/5584772065?pid=118565872120&cid=0#118565872120
有喜欢二毛子的朋友没？一起交流下,22,你别浪,未知,看看行吧,,https://tieba.baidu.com/p/5584772065?pid=118565872120&cid=0#118565872120
有喜欢二毛子的朋友没？一起交流下,23,苞谷地里的故事,未知,毛绒绒的好乖，长毛德牧,,https://tieba.baidu.com/p/5584772065?pid=118565872120&cid=0#118565872120
有喜欢二毛子的朋友没？一起交流下,24,瓶盖儿88888,未知,,,https://tieba.baidu.com/p/5584772065?pid=118565872120&cid=0#118565872120
有喜欢二毛子的朋友没？一起交流下,25,小黑的小黑屋ok,未知,二毛长得都一样？,,https://tieba.baidu.com/p/5584772065?pid=118565872120&cid=0#118565872120
有喜欢二毛子的朋友没？一起交流下,26,淡笑君倾天下,未知,这狗是不是眼睛太小啦………长大之后还会不会长呀,,https://tieba.baidu.com/p/5584772065?pid=118565872120&cid=0#118565872120
有喜欢二毛子的朋友没？一起交流下,27,烟火悠悠WAN,未知,呆萌可爱帅呆了,,https://tieba.baidu.com/p/5584772065?pid=118565872120&cid=0#118565872120
有喜欢二毛子的朋友没？一起交流下,28,密码键盘,未知,看看俺这二毛,,https://tieba.baidu.com/p/5584772065?pid=118565872120&cid=0#118565872120
这版本的火炮真不是一般的恶心，还不如不改。,1,hdlc521,未知,今天玩八级车有了个好的开场，结果打到中间段时开始被对面三个火炮隔着时间轮番照顾，虽然掉血少，但是那七秒一炮的三人轮流炸的滋味是够恶心的。连修理时间都不够，真不知道二毛子是不是伏特加喝多了，还是被冻傻了。,,https://tieba.baidu.com/p/5548179288?pid=117970528997&cid=0#117970528997
这版本的火炮真不是一般的恶心，还不如不改。,2,RDS_220,未知,这算什么，我蟋蟀被火炮擦了一下，死装填手，装填时间40s,,https://tieba.baidu.com/p/5548179288?pid=117970528997&cid=0#117970528997
这版本的火炮真不是一般的恶心，还不如不改。,3,大神中的王者,未知,现版本火炮就这样，秒不了你恶心死你,,https://tieba.baidu.com/p/5548179288?pid=117970528997&cid=0#117970528997
这版本的火炮真不是一般的恶心，还不如不改。,4,霹雳霹雳我是闪电,未知,你可能没注意，从火炮刚出到现在一直都是这样,,https://tieba.baidu.com/p/5548179288?pid=117970528997&cid=0#117970528997
这版本的火炮真不是一般的恶心，还不如不改。,5,陌路べへ,未知,已经小半年了吧都恶心惯了,,https://tieba.baidu.com/p/5548179288?pid=117970528997&cid=0#117970528997
这版本的火炮真不是一般的恶心，还不如不改。,6,一MS一life,未知,炸你就不炸队友了啊，才炸了一把就没脾气了,,https://tieba.baidu.com/p/5548179288?pid=117970528997&cid=0#117970528997
这版本的火炮真不是一般的恶心，还不如不改。,7,love天蝎骑,未知,是真恶心人的，我开92平原图打完炮弹差不多每发都打到人虽然伤害低,,https://tieba.baidu.com/p/5548179288?pid=117970528997&cid=0#117970528997
这版本的火炮真不是一般的恶心，还不如不改。,8,夜幕狙击手,未知,当初是你们要改要改的，现在要改回去的还是你们，嗯，被冻傻的是你们吧,,https://tieba.baidu.com/p/5548179288?pid=117970528997&cid=0#117970528997
这版本的火炮真不是一般的恶心，还不如不改。,9,搅和搅和,未知,玩个268IV 全程被三个火炮盯着炸,,https://tieba.baidu.com/p/5548179288?pid=117970528997&cid=0#117970528997
这版本的火炮真不是一般的恶心，还不如不改。,10,无节操七号,未知,高级房经常看到蹲图火炮拿伤害第一的，讲个笑话，火炮被削了，火炮没伤害,,https://tieba.baidu.com/p/5548179288?pid=117970528997&cid=0#117970528997
这版本的火炮真不是一般的恶心，还不如不改。,11,永不放假吉尔,未知,不改也骂，改了也骂,,https://tieba.baidu.com/p/5548179288?pid=117970528997&cid=0#117970528997
这版本的火炮真不是一般的恶心，还不如不改。,12,交大机电江,未知,你见过3个查炮的恐惧吗？我连医疗包都不想用,,https://tieba.baidu.com/p/5548179288?pid=117970528997&cid=0#117970528997
这版本的火炮真不是一般的恶心，还不如不改。,13,啊啊啊有毒,未知,火炮的伤害机制暗中被改了，和以前伤害差不多，还多了眩晕,,https://tieba.baidu.com/p/5548179288?pid=117970528997&cid=0#117970528997
这版本的火炮真不是一般的恶心，还不如不改。,14,,未知,是吗 晚上耍耍261和e,,https://tieba.baidu.com/p/5548179288?pid=117970528997&cid=0#117970528997
这版本的火炮真不是一般的恶心，还不如不改。,15,草枯笆渚,未知,要是以前你已经回车库了,,https://tieba.baidu.com/p/5548179288?pid=117970528997&cid=0#117970528997
这版本的火炮真不是一般的恶心，还不如不改。,16,腐朽的衣冠,未知,"有了个好的开场，然后被火炮照顾，这不是很正常吗
我经常遇到这种事，尤其是当班长或在尼德堡，***还主玩中坦",,https://tieba.baidu.com/p/5548179288?pid=117970528997&cid=0#117970528997
这版本的火炮真不是一般的恶心，还不如不改。,17,腐朽的衣冠,未知,八级房火炮算比较仁慈了，我总觉得顶级房尤其大战场的火炮精明得很，你只要开嘲讽车或表现稍微好一点，就容易被针对,,https://tieba.baidu.com/p/5548179288?pid=117970528997&cid=0#117970528997
这版本的火炮真不是一般的恶心，还不如不改。,18,Robtics,未知,日常被炸的豹头鼠窜,,https://tieba.baidu.com/p/5548179288?pid=117970528997&cid=0#117970528997
这版本的火炮真不是一般的恶心，还不如不改。,19,天国的502,未知,那还我AP，还我伤害，改回去挺好,,https://tieba.baidu.com/p/5548179288?pid=117970528997&cid=0#117970528997
这版本的火炮真不是一般的恶心，还不如不改。,20,修罗王_妖孽,未知,不都说砍火炮伤害嘛，现在砍了，又说恶心，你让玩火炮的情何以堪？知足吧，反正现在改的我很喜欢……不秒你，恶心到死你,,https://tieba.baidu.com/p/5548179288?pid=117970528997&cid=0#117970528997
这版本的火炮真不是一般的恶心，还不如不改。,21,墨尔本永不落幕,未知,"那只是对于菜鸡而言，火炮增强了
以前没改版之前，92一发，E100老鼠都给你秒掉，261打AP一发一千多，大E可以把对面眼车撞死，正面玄学跳蛋
反正总有人说火炮要砍，说白了，就是自己玩火炮菜得抠脚，别人抑或对手玩火炮凶的一B，心理不平衡而已",,https://tieba.baidu.com/p/5548179288?pid=117970528997&cid=0#117970528997
这版本的火炮真不是一般的恶心，还不如不改。,22,KirovZhukov,未知,"92这些玩小镇争夺，开局瞄中间一炮炸3个扎堆mt加起来1500
可惜我只有261，炸700也可以",,https://tieba.baidu.com/p/5548179288?pid=117970528997&cid=0#117970528997
这版本的火炮真不是一般的恶心，还不如不改。,23,山鲸,未知,真难伺候，改也是你们不改也是你们，不说了我继续去给261打环了,,https://tieba.baidu.com/p/5548179288?pid=117970528997&cid=0#117970528997
这版本的火炮真不是一般的恶心，还不如不改。,24,大香菇3,未知,我也很无奈啊 蹲坑懦夫卡 -0-,,https://tieba.baidu.com/p/5548179288?pid=117970528997&cid=0#117970528997
汽车领域 合肥工业大学对决北京理工大学,1,笑煞人间两痴怀,未知,"合肥工业大学被誉为汽车领域的“黄埔军校”，
此美誉来自合工大人在中国汽车领域各条战线上，无论从管理模仿制造研发创新工艺等等环节，奋发向上努力进取而赢得的。
在中国工业化的道路上，合肥工业大学留有光辉灿烂的印迹，有着辉煌的历史，在民生上，对一所大学此等评价，北理怕是望尘莫及了。
故而在汽车类 国家从战略层面上单将合肥工业大学作985工程建设，为其搭建985平台！北理何故漠视呢？
至于北理吧友 无聊路人甲 所言的2008年北理为奥运设计的锂电池大巴，那不过是面子过场，现今不知所踪，倒是安凯跑遍了祖国的大江南北！ 服吗？
至于北理吧友 那些猪猪 为那所谓800辆出口欧洲的宣传性电动车而欢欣，而傲骄一切，而此时莫斯科红场旁的车道正行驶着奇瑞呢。
在中国的汽车领域，无论你有多拽，将合肥工业大学排斥在外，去找寻那点存在感，知道咱中国这句“无酒不成席”吗？
想想北理哈工也是窝囊，兵器航空航天桂冠被那个时不时来点花边新闻的复旦抢了去
在北理敲打磨制的新型坦克，号称天下第一，打的老毛子 二毛子满地找牙的坦克， 在中俄坦克对决大赛中，被老毛子 二毛子 老式坦克 打了个仰面朝天，人家考虑到远方来客，友谊第一 给了咱新型主战坦克三等奖聊作慰藉！
何以至此，因为北理的学子太骄傲了，无视中国的军备有厚重的苏联背景，
咱中国的工业，才 从能生产洋钉洋火没几天，改革开放 温饱刚刚解决，经济现如今就靠着房地产支撑着，民生维艰！
北理的兄弟们 你们的牛皮咱们这些搬砖的实在是撑不住啦",,https://tieba.baidu.com/p/5525908519?pid=117337994224&cid=0#117337994224
汽车领域 合肥工业大学对决北京理工大学,2,AG超玩会_真大,未知,"窝工最烂了，不比
唯一的985平台你们拿走",,https://tieba.baidu.com/p/5525908519?pid=117337994224&cid=0#117337994224
汽车领域 合肥工业大学对决北京理工大学,3,高考指导V,未知,中北的兵器和北理的兵器还有的比、两校的兵器教授也互有兼职；肥工的车辆和北理的车辆没法比、楼主纯属yy！,,https://tieba.baidu.com/p/5525908519?pid=117337994224&cid=0#117337994224
汽车领域 合肥工业大学对决北京理工大学,4,无聊路人甲,未知,院士 北理2人，合工大0人,,https://tieba.baidu.com/p/5525908519?pid=117337994224&cid=0#117337994224
汽车领域 合肥工业大学对决北京理工大学,5,无聊路人甲,未知,长江学者，北理工3人，合工大0人,,https://tieba.baidu.com/p/5525908519?pid=117337994224&cid=0#117337994224
汽车领域 合肥工业大学对决北京理工大学,6,无聊路人甲,未知,正教授 北理工61人，合工大10人,,https://tieba.baidu.com/p/5525908519?pid=117337994224&cid=0#117337994224
汽车领域 合肥工业大学对决北京理工大学,7,无聊路人甲,未知,973首席 北理工5人，合工大0人,,https://tieba.baidu.com/p/5525908519?pid=117337994224&cid=0#117337994224
汽车领域 合肥工业大学对决北京理工大学,8,无聊路人甲,未知,三大奖，北理工国家科技进步一等奖一个，科技进步二等奖三个，国家科技发明二等奖两个，合工大继续是零个,,https://tieba.baidu.com/p/5525908519?pid=117337994224&cid=0#117337994224
汽车领域 合肥工业大学对决北京理工大学,9,无聊路人甲,未知,国家级重点实验室北理工三个，合工大零个,,https://tieba.baidu.com/p/5525908519?pid=117337994224&cid=0#117337994224
汽车领域 合肥工业大学对决北京理工大学,10,无聊路人甲,未知,省部级重点实验室北京理工9个，合工大还是零个,,https://tieba.baidu.com/p/5525908519?pid=117337994224&cid=0#117337994224
汽车领域 合肥工业大学对决北京理工大学,11,无聊路人甲,未知,考研，分数线比你高一大截，从来都是合工大报考北理工车辆从来没有北理工报考合工大车辆,,https://tieba.baidu.com/p/5525908519?pid=117337994224&cid=0#117337994224
汽车领域 合肥工业大学对决北京理工大学,12,无聊路人甲,未知,合工大车辆拿头跟北京理工比？？,,https://tieba.baidu.com/p/5525908519?pid=117337994224&cid=0#117337994224
汽车领域 合肥工业大学对决北京理工大学,13,无聊路人甲,未知,五无的合工大车辆，呵呵,,https://tieba.baidu.com/p/5525908519?pid=117337994224&cid=0#117337994224
汽车领域 合肥工业大学对决北京理工大学,14,无聊路人甲,未知,合工大车辆和培养出来的毕业生，无科研能力无研发能力，包分配年代多分配到汽车厂霍霍中国民用车辆。我就没见过中国还有这么惨的工业领域。尤其跪久了，竟然质疑中国人不能搞科研研发,,https://tieba.baidu.com/p/5525908519?pid=117337994224&cid=0#117337994224
汽车领域 合肥工业大学对决北京理工大学,15,无聊路人甲,未知,请大家自行查查楼主经典言论:中国人离开洋人不行，离开洋人中国车都得漏油漏水。中国高校搞科研都是当假洋鬼子骗人,,https://tieba.baidu.com/p/5525908519?pid=117337994224&cid=0#117337994224
汽车领域 合肥工业大学对决北京理工大学,16,笑煞人间两痴怀,未知,北理工的车辆搞的是装甲车辆吧 ， 巅峰之作就是那几款 叫嚣能打败老毛子 二毛子的主战坦克吧？也就是层主说的在北理敲打磨制的那些款吧？也就是在中俄坦克对决中被老毛子 二毛子 三毛子 四毛子 五毛子 六毛子 七毛子用老式坦克打败的那款吧？也就是人家最后给个安慰三等奖的那些主战坦克吧 ？ 瞧见没 老式坦克，人家还没用新式的吧？......,,https://tieba.baidu.com/p/5525908519?pid=117337994224&cid=0#117337994224
汽车领域 合肥工业大学对决北京理工大学,17,无聊路人甲,未知,211吧逛这么久，合工大车辆是我见过的第一奇葩。2吧吹自己学校见得多，前有哈工程中北后有昆工南审，人家起码是吹自己的科研成果，自己的专家自己的实验室自己的三大奖。唯独这位抛出中国人科研无用论，人为中国人搞研发都是假洋鬼子。,,https://tieba.baidu.com/p/5525908519?pid=117337994224&cid=0#117337994224
汽车领域 合肥工业大学对决北京理工大学,18,笑煞人间两痴怀,未知,你北理搞搞装甲车辆，对外吹吹牛也就算了，士气嘛， 这回国内汽车领域找存在感来了，直接漠视汽车类985平台，漠视汽车领域的“黄埔军校” 敢问 合肥工业大学在汽车领域的人脉 行业认可度是你北理能比得了的吗？ 国内外跑了你北理搞的大小汽车有几辆？你北理给说说。。。,,https://tieba.baidu.com/p/5525908519?pid=117337994224&cid=0#117337994224
汽车领域 合肥工业大学对决北京理工大学,19,qcaxq,未知,赶紧删贴吧 多丢人啊 车辆相关的学科评估连个a-都没有还出来吹，普通211碰瓷中九名校，也是够了。,,https://tieba.baidu.com/p/5525908519?pid=117337994224&cid=0#117337994224
汽车领域 合肥工业大学对决北京理工大学,20,无聊路人甲,未知,一个汽车学院无院士无长江学者，连博导总共才10人，吹，接着吹,,https://tieba.baidu.com/p/5525908519?pid=117337994224&cid=0#117337994224
汽车领域 合肥工业大学对决北京理工大学,21,无聊路人甲,未知,国家三大奖净吞鸭蛋,,https://tieba.baidu.com/p/5525908519?pid=117337994224&cid=0#117337994224
汽车领域 合肥工业大学对决北京理工大学,22,洒洒一号,未知,别说了，车辆工程只听过吉大和清华,,https://tieba.baidu.com/p/5525908519?pid=117337994224&cid=0#117337994224
汽车领域 合肥工业大学对决北京理工大学,23,蓝鲸,未知,"车辆四霸，吉大，清华，北理，同济。
北理的科研平台太多了，211想和北理工比科研发展，太难了，资金差距不仅仅是211和985之间的，一流学科和一流大学之间的。最重要的，是 “ 工信部重中之重的几所大学之一 ” 和 “ 教育部并不突出的重点大学之一 ” 的经费差距，别说军用车，也别说就业平台，就是民用车的学术科研，合工大都未必比得过北理工。
而且黄埔军校也不是那么好使，你知道管理学界的黄埔军校是哪所吗？",,https://tieba.baidu.com/p/5525908519?pid=117337994224&cid=0#117337994224
汽车领域 合肥工业大学对决北京理工大学,24,笑煞人间两痴怀,未知,"数据就是合工大搞的大小汽车都在祖国大街小巷跑了，北理的一辆都没见到。
资金不是有个985平台，据说国家会按照和985工程拨款差不多给个打赏。
人才 参阅合工大知名校友，汽车领域人才济济。
国际排名 清华北大包括你南大都加上，算个P，因为国产三漏！
生源 尚可，没清华北大的分高，汽车领域搬砖力道优于清华北大！
师资 实力派，在合工大种下桔子，收获砂糖桔。北理 院士一打，汽车领域种下桔子收获橘子！
平台 汽车类国家给合工大搭建个985平台
人文 汽车领域的“黄埔军校”",,https://tieba.baidu.com/p/5525908519?pid=117337994224&cid=0#117337994224
汽车领域 合肥工业大学对决北京理工大学,25,一斤白莲花,未知,"请北理工自重身份,碰瓷请找吉大清华",,https://tieba.baidu.com/p/5525908519?pid=117337994224&cid=0#117337994224
汽车领域 合肥工业大学对决北京理工大学,26,最爱大怕怕,未知,常见车辆学校考研顺序。清华，同济，北理工，吉大，湖大，重大，武理工，肥工，长安。江苏大学。肥工自重。,,https://tieba.baidu.com/p/5525908519?pid=117337994224&cid=0#117337994224
汽车领域 合肥工业大学对决北京理工大学,27,ynztwb,未知,肥工号称机械强校，结果学科评估一个工科A都没有，有个A还是管理学，让人意外,,https://tieba.baidu.com/p/5525908519?pid=117337994224&cid=0#117337994224
汽车领域 合肥工业大学对决北京理工大学,28,好吧喜欢小小心cw,未知,关公面前耍大刀,,https://tieba.baidu.com/p/5525908519?pid=117337994224&cid=0#117337994224
汽车领域 合肥工业大学对决北京理工大学,29,虫者如,未知,西南交火车表示这么都不提我,,https://tieba.baidu.com/p/5525908519?pid=117337994224&cid=0#117337994224
